job_id,iteration,m,total_migration,pop,numClusters,mutation_rate,recombination_rate,pi_loss,fst_loss,ibd_loss,dxy_loss,genrel_loss,D,accepted
6,0,6.26456769492425e-05,0.2473687369173495,2959.022391680748,1.0,4.71423527362798e-07,2.75e-06,0.0211060332450512,0.0054424662606501,0.0010241054936559,0.0001793445622455,2.854935672362216e-05,1.7671771385385737,True
85,3,6.808902908565862e-05,0.1524969569051407,10452.320590966316,2.0,4.6000023606584373e-07,2.75e-06,0.0209207864491453,0.0054559994166062,0.001044867973954,0.0002583976923726,2.937480518749014e-05,1.7681447707699895,True
99,3,7.392577969195596e-05,0.1865861636181144,8642.43689412067,2.0,4.566236424514967e-07,2.75e-06,0.0212065475480204,0.0054421790804826,0.0014439094010792,0.000274796635638,2.9669015728734572e-05,1.7685585281950076,True
441,4,8.638617229790444e-05,0.2585445130398981,9681.740015852029,3.0,4.574950693609651e-07,2.75e-06,0.0214487924792985,0.0054378607715576,0.0016822317721303,0.0003000184556541,3.0300114433699893e-05,1.7709408010124772,True
86,4,7.532986923578477e-05,0.0902291400847373,24937.551198368088,3.0,4.545214177887587e-07,2.75e-06,0.0206647434106712,0.0054813106828404,0.0010752899741451,0.0002110398050138,3.057848780770709e-05,1.771317232568799,True
168,4,8.370331817107127e-05,0.1154080627819007,16715.174128227158,2.0,4.542998396515403e-07,2.75e-06,0.0206466258320317,0.0054876514375573,0.001745215893953,0.0002263360884978,3.049287970362547e-05,1.772772363050533,True
270,1,7.529928109958072e-05,0.124668168530848,9317.565435694623,1.0,4.539126201962947e-07,2.75e-06,0.0207383516144803,0.0054847337430274,0.0011632137538231,0.0002059291501455,3.0166394672603063e-05,1.773283137539604,True
271,2,7.559390499277807e-05,0.1720687802783506,15780.468040702775,3.0,4.500009676521914e-07,2.75e-06,0.021606417754575,0.0054396622206386,0.0009398404502185,0.0003084173295671,3.017714643786184e-05,1.7737442610250653,True
373,3,7.013318140905762e-05,0.1155576132932544,23912.803053144933,3.0,4.579467369850086e-07,2.75e-06,0.0210797100617839,0.0054933819600253,0.0007153733703019,0.0001900913802711,3.09376847936306e-05,1.7804830748208444,True
228,2,6.961554052840103e-05,0.2225191054460784,8708.283264214813,2.0,4.5266615532357253e-07,2.75e-06,0.0212962072397901,0.0054833915898,0.0009581212004589,0.0002914284478814,2.936757927138549e-05,1.7809215816836463,True
214,0,8.106432893543599e-05,0.2739222400428278,11317.845975107188,3.0,4.6054587819124803e-07,2.75e-06,0.0210268776658085,0.0055052852156488,0.0010944972613627,0.0002722636112554,2.984738670286061e-05,1.7829297172188792,True
22,4,8.885019322665899e-05,0.0602675527496017,19977.3232230193,1.0,4.546252880979467e-07,2.75e-06,0.020740065013263,0.0055256682938435,0.001673164586999,0.0002235515544222,3.108697777156651e-05,1.7843539669192412,True
308,2,5.836653766847589e-05,0.1979047693785841,8077.816140538764,2.0,4.599072787875801e-07,2.75e-06,0.0210000068828286,0.0055144630778443,0.0006315858906938,0.0002379690033669,2.88093955392958e-05,1.785017626479848,True
87,3,6.864444870461626e-05,0.0919577604817729,19679.64254070983,2.0,4.617746700062479e-07,2.75e-06,0.0218529142444378,0.0054720674722805,0.0008999025914658,0.0001616157472686,3.0727791243185486e-05,1.7860543224062235,True
46,2,7.518543938825674e-05,0.1126633233418375,8035.549517848533,1.0,4.638191277828976e-07,2.75e-06,0.021350802099703,0.0055025186185762,0.0014271107572129,0.0001653616554163,2.9841202026078745e-05,1.7868483694743278,True
171,2,5.784076363939677e-05,0.3004544260609442,4562.800825051623,2.0,4.602158404571114e-07,2.75e-06,0.0210602732126422,0.0055219767006732,0.0006756881873928,0.0002645007611317,2.6291145931754876e-05,1.7879015692362015,True
419,2,7.34203156633955e-05,0.0480732803277997,21528.88332603806,1.0,4.619653994379989e-07,2.75e-06,0.0216770802015123,0.0054898129950416,0.0010859974869952,0.0001640555583946,3.119528158354886e-05,1.7882033622369398,True
52,2,6.565300163585427e-05,0.1255336558427473,19072.300823558744,2.0,4.586095425004746e-07,2.75e-06,0.0207075329611293,0.0055444456191652,0.0006568068736505,0.0002152504589329,3.114169137365283e-05,1.788968805986954,True
302,4,6.643399307247025e-05,0.1447181373426209,17700.12872239982,3.0,4.5428653915374005e-07,2.75e-06,0.0210881082094371,0.0055269833979837,0.0006447602179529,0.0002717731047546,3.0408926677309592e-05,1.7896474833749296,True
397,0,5.659490555430264e-05,0.0859480029625651,17533.231596430793,2.0,4.6189847892843574e-07,2.75e-06,0.0208997354059119,0.0055373235747958,0.0005999914567244,0.0001861925609643,3.0424098156349668e-05,1.7897552455544947,True
122,4,6.43538946077391e-05,0.1910141094572943,13976.10650990662,3.0,4.592594038185227e-07,2.75e-06,0.0208365890933077,0.0055441585054103,0.0006136935489416,0.0002197226505132,3.0103652943104037e-05,1.790707300737745,True
280,0,5.633734730679479e-05,0.1491891815757863,8992.472851984048,2.0,4.595301724949624e-07,2.75e-06,0.0210511503695874,0.005533523780291,0.0006775876273416,0.0002396061349617,2.853054307708781e-05,1.790881782891002,True
105,0,6.921251406961606e-05,0.2588067235265941,4430.7972123389445,1.0,4.589355454995449e-07,2.75e-06,0.020779731680657,0.0055529768561493,0.0009591456007655,0.0002178914992955,2.9047477926585777e-05,1.7922880630486018,True
496,0,8.531481952592143e-05,0.2313168468070309,16410.66608160233,3.0,4.5642468034925094e-07,2.75e-06,0.0215347371042199,0.0055142852139064,0.0011643547927563,0.000317111435387,3.0718716143275066e-05,1.7926780947090157,True
418,2,7.540423841556058e-05,0.1609605929124666,5156.372707135364,1.0,4.627870436299339e-07,2.75e-06,0.0211930856083215,0.0055334494796954,0.001592778943648,0.0001716639289845,3.139398670263818e-05,1.7928903902815365,True
307,1,5.22272257334966e-05,0.1061288342136711,15961.038745573254,2.0,4.576767007634847e-07,2.75e-06,0.0208628481206746,0.0055571138965097,0.0005650534310717,0.0002224166328662,3.0508615064041307e-05,1.794575430947922,True
228,1,6.837667011322303e-05,0.2052952090583781,11441.775333797588,2.0,4.61437757676689e-07,2.75e-06,0.0208663696550827,0.0055577970552288,0.0007725402014647,0.0001969049055368,3.036655686771402e-05,1.7948095324000448,True
394,3,8.791528234057881e-05,0.2130227755744041,6698.5030972266895,1.0,4.639814742886842e-07,2.75e-06,0.0211049547692243,0.0055547325803017,0.0016873230140197,0.0002876297615944,3.1421124370417674e-05,1.7973629396085122,True
121,4,9.421642643307176e-05,0.1271027279890204,19973.690127766786,2.0,4.631190845763063e-07,2.75e-06,0.0207601715467381,0.0055769684202915,0.0021102271191786,0.0002670921022553,3.104321346314995e-05,1.7984979427111498,True
147,4,6.17225511827259e-05,0.1994816699329795,13241.407414842848,3.0,4.513866734576505e-07,2.75e-06,0.0210685879425021,0.0055622305986454,0.0005998185773501,0.0002644381246314,2.9953825808470976e-05,1.7988669086488729,True
82,3,8.820549747030155e-05,0.0956364920380691,20404.911530436053,1.0,4.5836869502935003e-07,2.75e-06,0.0206945099205319,0.0055821953463094,0.0011988114343459,0.0002240388956785,3.158752607776587e-05,1.7989942836002113,True
170,1,5.31749763997157e-05,0.1694866269276541,5330.921580487587,1.0,4.604724730161506e-07,2.75e-06,0.0213601756661665,0.0055548385190335,0.0006256741021363,0.0002796322066902,2.859814402163649e-05,1.8010433739079217,True
84,0,8.208471986721122e-05,0.0736954802474214,16455.040116025455,1.0,4.603411656663793e-07,2.75e-06,0.0221487630313552,0.0055126245090333,0.0014590434872162,0.0001577812893614,3.092200853663609e-05,1.801283057928125,True
306,4,5.550538072784098e-05,0.1628647243660126,4295.041081196515,1.0,4.609783618224986e-07,2.75e-06,0.0219049018938473,0.005529939759218,0.0006940548910789,0.0003201069321777,2.7072222887328464e-05,1.802294954949563,True
81,1,9.34261589256561e-05,0.1338086161406846,19671.28827224558,2.0,4.501492214483166e-07,2.75e-06,0.021538329089723,0.005556061510484,0.0020190074328348,0.0003103126288434,3.100414733303311e-05,1.8039425328477539,True
193,2,7.158239386852503e-05,0.2627058001577652,9527.323412790312,2.0,4.6105108952752804e-07,2.75e-06,0.0209702607953619,0.0055904280158325,0.0008152762057038,0.0002523905860122,3.0113535573528385e-05,1.8050848522998235,True
396,3,5.11050125188818e-05,0.2301820421690427,7808.2038869843855,3.0,4.566660630796248e-07,2.75e-06,0.0210494775862991,0.0055878953369263,0.0005532679375619,0.0001816268050558,2.726145634689653e-05,1.8055189611861298,True
422,2,4.9291563823144605e-05,0.2253726204902492,3491.194295782825,1.0,4.633639504997082e-07,2.75e-06,0.0211816203072991,0.0055845696654239,0.000612096568708,0.0001827487840138,2.66665732131235e-05,1.806495298864546,True
140,1,6.626118268415248e-05,0.0386239647465969,22786.61479961077,1.0,4.597430310517257e-07,2.75e-06,0.0219550444973864,0.0055431876794187,0.0008860507376408,0.0001582224315525,3.115562167179192e-05,1.8065782630663978,True
402,0,9.506764364079014e-05,0.0944926473098963,22737.600312171424,2.0,4.585988592866733e-07,2.75e-06,0.0206678209475102,0.0056138134723957,0.0021927029328838,0.0002239688022987,3.092360729463364e-05,1.8071826401618645,True
481,1,5.3262708241432114e-05,0.0585278568290684,17331.147909276864,1.0,4.598544891713423e-07,2.75e-06,0.0215626547055992,0.0055698094798203,0.0005859710811807,0.0001723183201956,3.1155124649263366e-05,1.8079870798049553,True
380,2,8.882326532504034e-05,0.1418297497717818,8138.502485149293,1.0,4.5605588379550006e-07,2.75e-06,0.0208348865934691,0.0056214158692259,0.0020363923435698,0.0002454073917703,3.189799934659811e-05,1.8115639700601927,True
481,3,5.1934448654353226e-05,0.2061500044383706,9178.26031235903,2.0,4.6242968663567146e-07,2.75e-06,0.0207868847556752,0.005625451521769,0.0005570643623569,0.0002229232145157,2.9698660536043088e-05,1.8119876473299592,True
423,1,9.8012603010418e-05,0.1780052667841722,9731.280797612597,1.0,4.611982037105063e-07,2.75e-06,0.0206542139457033,0.0056382690560299,0.002083718936653,0.0002382771342112,3.168379797824502e-05,1.8136211445576833,True
51,3,8.8960069439846e-05,0.2119597417604894,17067.909412073215,3.0,4.523484302531437e-07,2.75e-06,0.0235227078421484,0.0054801069608138,0.0014298323586577,0.0003834585743151,3.0678186235656284e-05,1.8137079008543213,True
281,4,5.099244573589895e-05,0.2813298880468826,2965.872824144705,2.0,4.634985040728298e-07,2.75e-06,0.0208939861477173,0.0056326088033541,0.0006643741440178,0.0002237004916084,2.299302852779256e-05,1.8154167428173538,True
102,3,3.903356376184973e-05,0.1213595924678583,13902.26424553019,2.0,4.570711768628308e-07,2.75e-06,0.0210034660790144,0.0056270523541021,0.0004923219226418,0.0002046405619703,3.0348245137774908e-05,1.8154460307482752,True
148,2,5.043338830245692e-05,0.1662138455831526,12304.568705055935,2.0,4.551413854547396e-07,2.75e-06,0.02098938545361,0.0056348583522597,0.0005493279685805,0.0002211418524232,3.044866392641737e-05,1.817358745656609,True
58,2,4.914599594687772e-05,0.1733523548278804,14739.375000851016,3.0,4.577401145220839e-07,2.75e-06,0.0212920278255857,0.0056279574302714,0.0005106096816786,0.0002658469600583,3.025600469126504e-05,1.819761230351335,True
268,1,4.960908654819143e-05,0.0849261497002288,10670.166935147668,1.0,4.621381331206366e-07,2.75e-06,0.0221657460090747,0.0055840594913206,0.0005850881589659,0.000157693795328,3.0281076908701647e-05,1.820618802775886,True
21,3,3.1708185880118686e-05,0.0861829135091901,9525.889262207813,1.0,4.615130499036885e-07,2.75e-06,0.0209140229761518,0.0056531687662349,0.0004845474905538,0.000208501201031,3.0015380719665693e-05,1.8212595198585098,True
295,3,4.233922082071163e-05,0.1733105162995602,12181.873052652149,3.0,4.584630275651661e-07,2.75e-06,0.0209669243415812,0.005651285765995,0.0004774832270863,0.0002350456729348,2.9424588628152885e-05,1.8214874482216779,True
58,3,5.1481762797417926e-05,0.1526714015734198,10541.77473273652,2.0,4.530571994077978e-07,2.75e-06,0.0227142264157451,0.0055594235766762,0.0005741971838879,0.000352414651551,2.958434124547974e-05,1.822240801810188,True
290,3,4.924126423767533e-05,0.2384267329366069,7705.31724969966,2.0,4.617988066286064e-07,2.75e-06,0.0208402849901173,0.0056608104124687,0.0005514960268022,0.0002153148943013,2.9211241146551755e-05,1.8223039951410924,True
202,1,1.8111112442246784e-05,0.0705592315355107,24794.001584479825,2.0,4.6109299023870156e-07,2.75e-06,0.0209641031662196,0.0056576423343414,0.0005000448230881,0.0002232795214796,3.1327189814691193e-05,1.8231679222310069,True
149,1,2.6936565405987266e-05,0.2744218732052101,6469.764984757336,3.0,4.508797588661626e-07,2.75e-06,0.0213120543384019,0.0056426570632071,0.0004958808365184,0.0002864662307611,2.6722410529971728e-05,1.8240097541410083,True
486,1,0.0001036501846865,0.1614739606578256,12181.538647736154,1.0,4.557596908624302e-07,2.75e-06,0.0205008558069471,0.0056847403646637,0.0021756838685522,0.0002354859182563,3.1515234032401306e-05,1.8241302553424257,True
348,0,3.270240883808169e-05,0.1005815920764437,24392.73802307333,3.0,4.5120574896182244e-07,2.75e-06,0.020878250311264,0.005666318178543,0.0005022050677848,0.0002151158547145,3.103214372648806e-05,1.824322395346165,True
60,0,2.509111240963392e-05,0.0979548030904658,17312.24011663111,2.0,4.59183755006855e-07,2.75e-06,0.0209985436731579,0.0056634320296928,0.0004860722129791,0.000231138711877,3.080107213629087e-05,1.8252147598852302,True
231,1,5.833722398398209e-05,0.1287634024023862,7042.693289850839,1.0,4.664430155402294e-07,2.75e-06,0.0235735915493203,0.0055216330099273,0.0006575422477865,0.0001468842314151,2.933355420695582e-05,1.8254529200132443,True
319,1,7.214480935423503e-05,0.203650213421055,12821.20963541714,2.0,4.64232260641175e-07,2.75e-06,0.0228591251593672,0.0055636822549655,0.0008292348224278,0.0001557046446118,3.067309547633112e-05,1.8255680693481258,True
463,1,4.388752707714244e-05,0.1037809464310417,20606.01004668437,2.0,4.575765428900383e-07,2.75e-06,0.0208824958731322,0.0056722987463521,0.0005030610311042,0.0002220919433251,3.1275264958679015e-05,1.826001113655971,True
414,3,4.788692327796807e-05,0.1314242093516902,16471.847878732828,2.0,4.557002417895372e-07,2.75e-06,0.0213007452222859,0.0056535013481616,0.0005268094597322,0.0002861536400596,3.1008963542208794e-05,1.826775488391283,True
163,1,1.557212292207177e-05,0.13558527552332,9890.738651502972,2.0,4.604620281342688e-07,2.75e-06,0.020947333045602,0.0056728047601103,0.0004900126980106,0.0002156406883906,2.922623652122225e-05,1.8270383408914146,True
78,4,2.504155997765232e-05,0.1071470110254746,21944.64394829742,3.0,4.514988126098701e-07,2.75e-06,0.0211228729452186,0.0056638591686407,0.0005090317998398,0.0002669143601638,3.0876614976713624e-05,1.8270688495570726,True
182,2,3.61847458774323e-05,0.1478833363631461,14627.073240923644,3.0,4.610086624599659e-07,2.75e-06,0.0215352893217068,0.0056422228271375,0.000480254376831,0.0001710503650961,2.992199127754827e-05,1.8270692107588233,True
222,4,1.0023484323119714e-05,0.2617130636257787,5103.993756826776,2.0,4.6306620086707566e-07,2.75e-06,0.021150171117495,0.0056632525825428,0.0005043310612842,0.0002509252381874,2.6810731025618886e-05,1.8272877895692685,True
118,4,2.5422066196104125e-05,0.1826648787727775,4564.774016455671,1.0,4.605529314738654e-07,2.75e-06,0.0209070081616805,0.0056761794663187,0.0004987538731957,0.0002229843926828,2.8154114711877067e-05,1.82739219726275,True
159,4,3.461116094303774e-05,0.1767847290747333,8646.903994810622,2.0,4.63018646120806e-07,2.75e-06,0.0215829947887481,0.0056438478905268,0.0004907295971483,0.0001726997039328,2.9090554075750597e-05,1.828189054016047,True
320,3,5.1450415905552826e-05,0.1240944499896407,9774.986261892289,1.0,4.684204426370051e-07,2.75e-06,0.0211553519297535,0.0056671730068037,0.0005462641667578,0.0001934217938721,3.072210796525044e-05,1.82841999507828,True
172,4,3.11846613095847e-05,0.0526526069075541,20079.38298314562,1.0,4.571123500152128e-07,2.75e-06,0.0209378566888452,0.0056795778749905,0.000495466042462,0.000236956000957,3.1513914194724386e-05,1.8287406688298617,True
406,1,6.849802170203216e-05,0.1743047962783965,17958.273784094952,2.0,4.5259628090979726e-07,2.75e-06,0.0207954139499805,0.0056870058083415,0.0006281359102066,0.0002071087806644,3.1369210222705004e-05,1.8287828163956545,True
393,2,2.5991944145575817e-05,0.2036041888836997,6182.996565200976,2.0,4.62944401675449e-07,2.75e-06,0.0210022976373581,0.0056775018737154,0.0004908234667845,0.0001965224392265,2.729693354106248e-05,1.829074510539642,True
386,3,2.4002961247760912e-05,0.1385692670744352,12692.70530243892,3.0,4.595940158679807e-07,2.75e-06,0.0209399454435545,0.0056811756906971,0.0005256725606403,0.0002327866136858,2.9082636722584814e-05,1.8292023707337923,True
171,1,4.27944186289838e-06,0.2111172732241156,6547.225376791648,2.0,4.544308371470473e-07,2.75e-06,0.0208875932469615,0.005684119954622,0.0005067738517531,0.0002333604613708,2.8049028119198456e-05,1.8292741778601267,True
472,2,3.676312475318109e-05,0.0637787183141011,23286.39950802632,2.0,4.540853482416979e-07,2.75e-06,0.0215325513333586,0.0056512994257947,0.0004943809940616,0.0002997557390665,3.093485920475878e-05,1.829474547697252,True
148,1,7.681480977587502e-05,0.171211410718342,19782.650642782144,2.0,4.56320822863843e-07,2.75e-06,0.0218367181905777,0.0056351783361574,0.0008100165021689,0.0001729686305448,3.143588764319929e-05,1.8295098942541006,True
408,2,4.732459342050328e-05,0.1283560621042753,18507.628061764128,3.0,4.543987002085837e-07,2.75e-06,0.0223483037146438,0.0056135478232844,0.0005107505855543,0.0003336476537092,3.0556197567336165e-05,1.8312012829994082,True
79,2,2.692257011114868e-05,0.1033016907217435,8125.114695319563,1.0,4.5908239198053894e-07,2.75e-06,0.0212456498011165,0.0056740477999368,0.0004920643589494,0.0002636302559536,2.9796764366062135e-05,1.831545949267622,True
374,4,1.830792749602737e-05,0.0388256798508926,22606.19084362509,1.0,4.579110415771247e-07,2.75e-06,0.0211334571761288,0.0056803194969328,0.0005091677711906,0.000257941162299,3.1486096736200765e-05,1.831667250686127,True
116,3,3.655335496867383e-05,0.2103194479568722,6406.122698916024,2.0,4.635239277469626e-07,2.75e-06,0.0222726100332136,0.0056218307654308,0.0004747528751934,0.0001593916647866,2.7654504304640504e-05,1.8322984306628927,True
162,2,0.000105288172143,0.0577628685168645,23381.83000868937,1.0,4.581873614206612e-07,2.75e-06,0.0210239394875164,0.005688583256103,0.0022746440105002,0.0001719227709645,3.1215723492779486e-05,1.8323752048765132,True
386,2,1.7043706678668405e-05,0.0938599565898842,13385.73672968254,2.0,4.679191232207947e-07,2.75e-06,0.0211383092179791,0.0056851119094148,0.0004893271964828,0.0001821399651599,2.9796770882550147e-05,1.8330310943396555,True
9,3,0.000104910474372,0.2951831652496941,17401.504059073777,3.0,4.578816060247617e-07,2.75e-06,0.0209348707137596,0.0056975740969219,0.0021792193181891,0.0001820578394148,3.139374666809774e-05,1.833574072070151,True
461,1,8.311288417608874e-05,0.0878267687987269,13951.358849083876,1.0,4.673795836748896e-07,2.75e-06,0.024555857740749,0.0054943386098936,0.0015652008619651,0.000138451018841,3.0777816960803986e-05,1.8339527899651105,True
287,4,5.616497321464112e-05,0.271760355511313,7911.066533161326,3.0,4.630069210220724e-07,2.75e-06,0.0229084100257909,0.0055937474236283,0.0005696487381602,0.0001521087157254,2.799384273937824e-05,1.834307418017293,True
207,2,1.5620670113481374e-05,0.1892050051053959,6533.204674860458,2.0,4.679075550570856e-07,2.75e-06,0.0219539945854802,0.0056467834944977,0.0004928333200404,0.0001631205672967,2.755567358606522e-05,1.8343254610678883,True
71,0,5.241880816612207e-05,0.2505688595911509,6570.04132791729,2.0,4.536374263618263e-07,2.75e-06,0.0230653317470111,0.0055854896996922,0.0005939288687618,0.000364452005337,2.835650008025653e-05,1.8344976169407738,True
434,0,1.3036650855762416e-05,0.1237147737965567,20501.79266601438,3.0,4.547925304425508e-07,2.75e-06,0.0212213184901185,0.0056877705816582,0.0005147185971649,0.000192605505696,3.095201083049296e-05,1.8349122513776883,True
165,4,1.7309498476174017e-05,0.0619925533734368,22457.523610607208,2.0,4.5505830061860587e-07,2.75e-06,0.0210075623443785,0.0057026576682442,0.0005043419259926,0.0002095007520229,3.087359396367433e-05,1.8359586013099762,True
23,4,1.5664199552091995e-05,0.165392587627902,15535.17390237388,3.0,4.633915230290825e-07,2.75e-06,0.0209726068766466,0.0057055990992656,0.0005062983232534,0.0002299803439279,3.059990643862792e-05,1.8362708743898137,True
43,1,4.7602657412038194e-05,0.2416141355885999,7851.685894777224,3.0,4.652694184053946e-07,2.75e-06,0.0230170522170901,0.0055959225662138,0.0005180593409639,0.0001511697567414,2.764535733628891e-05,1.8365336064526059,True
264,1,2.515479216287439e-05,0.233964234241631,5890.320824059897,3.0,4.6073775069645365e-07,2.75e-06,0.0209856976254893,0.0057075224090471,0.000518286561979,0.0002412619744003,2.479768744916401e-05,1.836973257715328,True
57,0,8.215370549911673e-05,0.1243183211916738,9148.002066882,1.0,4.627393322691709e-07,2.75e-06,0.0244310121322473,0.0055139621815308,0.0015823071335722,0.0001385660970187,3.04205559770114e-05,1.837063888881769,True
424,4,2.9026698532772494e-05,0.0722672243408096,22185.78488468443,2.0,4.64281436925028e-07,2.75e-06,0.0222301222239126,0.00564314031346,0.0004862657410799,0.0001601752614267,3.10693487735165e-05,1.8373776089906497,True
246,4,2.918965523988975e-05,0.2292026762926754,6615.746233474653,2.0,4.622583185983493e-07,2.75e-06,0.0216197684852199,0.0056763744533043,0.0004882538842645,0.000175720692043,2.8278753732123223e-05,1.8374732288588873,True
66,2,9.294093177658464e-05,0.2833699189986997,6979.782972461851,1.0,4.587587880906487e-07,2.75e-06,0.0220373500836883,0.0056550727198751,0.0015195589678805,0.0001629160774706,3.1175517425424405e-05,1.8377608375035515,True
312,3,0.0001070435626226,0.2653725133423031,21753.483836503405,2.0,4.59664651087492e-07,2.75e-06,0.0205727574698428,0.0057325090814255,0.0017305103272184,0.0002396970716315,3.156286741613813e-05,1.8380934976232488,True
20,3,6.18281499810223e-06,0.1503820219921915,17626.45570372477,3.0,4.590578102959548e-07,2.75e-06,0.0210594593015815,0.0057086100898253,0.000506631357563,0.0001895295287078,3.0833214361682e-05,1.8382910077994745,True
434,3,1.4023125894481568e-05,0.1941675342076749,8464.124261984307,2.0,4.623714186669292e-07,2.75e-06,0.0209463151566056,0.0057171075431814,0.0005107656483241,0.000222048608914,2.9368632652278327e-05,1.8390261004699968,True
123,4,7.013736120786349e-06,0.1289053920888424,22547.9507516941,3.0,4.581420439429894e-07,2.75e-06,0.0209381159500261,0.005717844224752,0.0005121983853841,0.0002218911566102,3.128496345007344e-05,1.8391125945681437,True
327,1,2.8704872666268507e-05,0.1430412687324204,13910.230866799082,3.0,4.587915735327818e-07,2.75e-06,0.0218244214893458,0.0056719761464616,0.0005134556660358,0.0003051261159792,2.968690205085522e-05,1.8392215546418413,True
397,2,6.703021039214965e-05,0.0996385572497813,23366.97042701114,3.0,4.643584039022278e-07,2.75e-06,0.0249270007873002,0.005491868282767,0.0006851544511394,0.0001370489424238,3.067614001000317e-05,1.839370605028067,True
116,4,2.467040774844269e-05,0.2664478098352528,7611.052984260871,3.0,4.624903795053952e-07,2.75e-06,0.0212935792402866,0.0057016060026838,0.000511244575207,0.000183870606025,2.793031508373197e-05,1.8396652032634755,True
424,2,8.963618998353585e-05,0.1374925126190166,24200.57853831486,2.0,4.6379542899733566e-07,2.75e-06,0.0244060875135634,0.0055261971690547,0.0013559051502438,0.0001428124390251,3.143047742234817e-05,1.83986574157133,True
425,3,4.106592063836265e-06,0.2133954418776728,5176.854385755258,2.0,4.5558392263884267e-07,2.75e-06,0.0214156023149647,0.0056968142416615,0.0005100791401463,0.0002826761552177,2.5902559031670304e-05,1.8400881752244849,True
300,4,9.307409877360514e-05,0.148645861541991,19275.79546495613,2.0,4.661610612352976e-07,2.75e-06,0.0245524516421137,0.0055183907342273,0.0018331379316354,0.0001386708426651,3.108935944944416e-05,1.8401838230975935,True
60,2,2.4293514468985828e-05,0.1516256639913878,16629.43841377106,3.0,4.579543065534438e-07,2.75e-06,0.0215735927956619,0.0056935140629903,0.0004991747043441,0.000301379987474,3.0629021908252774e-05,1.841434751832185,True
163,2,1.0583695164815266e-05,0.1309433481972155,8486.366343289079,2.0,4.597950684548206e-07,2.75e-06,0.0209074276758616,0.0057286649333095,0.000508910020512,0.0002100995241474,2.799042702598549e-05,1.8416237781179263,True
493,2,3.547919197981041e-05,0.1157410616135285,12451.419508766292,2.0,4.569857434158646e-07,2.75e-06,0.0225654812298834,0.0056410479404442,0.0004776863399067,0.0003442608927953,2.9818463267913876e-05,1.8417688899069702,True
232,4,1.7757750450320433e-05,0.172138510217325,7369.167743236095,2.0,4.578581381222255e-07,2.75e-06,0.022140086829033,0.0056646318072392,0.0005119496705899,0.00032447188514,2.810836238325126e-05,1.8418206105614239,True
62,0,9.8168171780239e-05,0.2548255291842649,11462.245995624811,2.0,4.597234900339627e-07,2.75e-06,0.0213372506168326,0.0057129711265212,0.002463014905651,0.0001693786608325,3.297650689780076e-05,1.8433494572785287,True
13,3,2.020772973034467e-05,0.2079334416758172,8641.618759168006,2.0,4.657844092316635e-07,2.75e-06,0.0210113702129513,0.0057324869591842,0.0004940396230441,0.0002104503863931,2.966066513954701e-05,1.844093489265233,True
169,4,1.5281332688970958e-05,0.1007027601278905,22822.16121695105,3.0,4.618594935288892e-07,2.75e-06,0.0221249038008497,0.005674031751638,0.0005136436232339,0.0001626278800489,3.096607773735084e-05,1.8441208961737467,True
260,0,8.085025379222615e-05,0.0788003049739752,19935.702773868696,1.0,4.6272297126961925e-07,2.75e-06,0.0246887527634104,0.0055252014835747,0.0011423375676114,0.0001403076222714,3.145230117141614e-05,1.844172669565603,True
405,1,2.7011667214215985e-05,0.1902546317714194,5208.158284420171,2.0,4.605749139576932e-07,2.75e-06,0.0211834211578503,0.0057245835995067,0.0004985044466255,0.0002654813048698,2.5285630440776328e-05,1.8443393342496641,True
4,3,8.643335799812701e-05,0.1593726470253761,23564.146430871664,2.0,4.581116130024382e-07,2.75e-06,0.023506971106403,0.005597791827636,0.0010957817029032,0.0001488896309003,3.156512701284258e-05,1.84453699196078,True
493,1,3.6795908787351067e-05,0.1271668496001087,22973.34044931295,3.0,4.593179968199253e-07,2.75e-06,0.0217927807189435,0.0056971847800203,0.0004849910617543,0.0001693868820203,3.1223147081461975e-05,1.8455495346565918,True
256,2,1.1231852496139724e-05,0.1689875430256346,11202.89168055895,2.0,4.65646065327726e-07,2.75e-06,0.0212962458309279,0.0057243155563984,0.0005125652105288,0.0001838448212255,3.0393763279320287e-05,1.8458416001563525,True
110,2,7.832837326410697e-05,0.0952314901693246,19722.66893742849,3.0,4.577295296479664e-07,2.75e-06,0.0229193541457046,0.0056382232281451,0.0014755045900042,0.0001442046634659,2.971254392212978e-05,1.8463073286560465,True
141,2,4.179022071242271e-05,0.0983259967988028,9011.660308154898,1.0,4.483077325099762e-07,2.75e-06,0.0233214432952403,0.0056163070235205,0.0005247993343107,0.0003690820317442,2.9978320167490037e-05,1.846587984460734,True
240,3,0.0001076506911407,0.1814781351398948,22396.365349314685,3.0,4.564698109923804e-07,2.75e-06,0.0204266374769873,0.0057715828823856,0.0026405024721881,0.000224025580984,3.1464515327304696e-05,1.8467591184201926,True
132,2,3.219567055342577e-05,0.076359271367634,9378.217832449194,1.0,4.582770323156386e-07,2.75e-06,0.0221379948648951,0.0056844147329657,0.0004877608281154,0.0001586795884619,2.962009406087971e-05,1.8470971552312248,True
409,4,2.5407624262508293e-05,0.1087442600328111,18554.669466808515,2.0,4.6134967193970164e-07,2.75e-06,0.021956210414512,0.0056999693415282,0.0005026236987113,0.0001671781164834,3.115832822825071e-05,1.8486453397154563,True
12,3,3.471059743873147e-05,0.1898093701517286,5318.870796724388,1.0,4.551314217194315e-07,2.75e-06,0.0213697017931279,0.0057332927910008,0.000489066888504,0.0002918405312985,2.9127731224923176e-05,1.8492971815519685,True
377,0,0.0001089044941699,0.1575618418372988,20885.311873698887,1.0,4.550757331555092e-07,2.75e-06,0.0215630006518578,0.0057258808493821,0.0015917456613428,0.0001729188315534,3.169348488074549e-05,1.850015253853895,True
410,4,5.050344616117252e-05,0.0693169514347109,18119.65088573614,2.0,4.632011985904562e-07,2.75e-06,0.0227592744181501,0.0056626570568427,0.0005712503716073,0.0001486890059449,3.0117669041531147e-05,1.8504220079038836,True
94,1,6.657052279942474e-05,0.149443831100767,23933.140063631035,3.0,4.596129795327829e-07,2.75e-06,0.0231012162504228,0.0056439302727867,0.0005897682508929,0.0001532977636172,3.135088199119553e-05,1.8505709987807135,True
22,1,7.790627793362462e-05,0.2245300888176506,6349.561170992926,3.0,4.612332177182569e-07,2.75e-06,0.0212542444131735,0.0057443246445695,0.0018336957896337,0.0001631030962336,3.2238791959770955e-05,1.8506684659425443,True
70,1,9.149192359727697e-06,0.0796854001855681,15600.55254567018,2.0,4.6097959733053725e-07,2.75e-06,0.0209079622960299,0.0057641226850855,0.0005104849538395,0.000189243788763,3.002742120766207e-05,1.8512532014976097,True
39,3,7.062186634353726e-05,0.2542826494023359,15857.296312341214,3.0,4.6131092106300813e-07,2.75e-06,0.0216347228224563,0.0057267292811643,0.0006208067760571,0.0001754768152705,3.096352608322575e-05,1.8512591165154115,True
127,1,8.422177943306944e-05,0.1428536945446041,22841.700796164045,3.0,4.638608739590401e-07,2.75e-06,0.026362680053967,0.0054449833782942,0.0011899767641448,0.0001359198573315,3.0906912174971135e-05,1.8514468748643491,True
370,0,1.1873796875213027e-05,0.2612549375836067,9636.914100072583,3.0,4.557796369085976e-07,2.75e-06,0.0210550673987327,0.0057576775272836,0.0005068472929694,0.0002578685340231,2.9497180376743343e-05,1.8515258531646488,True
152,4,3.987441967596675e-05,0.0672629424559034,19802.53199263049,1.0,4.603601565760594e-07,2.75e-06,0.0217141261698106,0.0057236253330057,0.0004965078426382,0.0001751965348798,3.165496235153558e-05,1.8515492790809265,True
442,2,8.195334717290183e-05,0.2961921494475253,14012.98753962497,2.0,4.560737508359577e-07,2.75e-06,0.0209576567515249,0.0057645052918104,0.0008559761492627,0.000241170459571,3.1225897572980574e-05,1.8520382360497345,True
19,4,1.0365971553751665e-05,0.1038334462309681,9689.165159969218,1.0,4.5482294001201147e-07,2.75e-06,0.0217950957393626,0.0057236824341548,0.0005128602613513,0.0003089594551395,3.063995757836981e-05,1.8527178083099747,True
85,4,0.0001055367204554,0.2548834943348301,16585.55899195622,3.0,4.587766860357069e-07,2.75e-06,0.0206156005838829,0.0057842022259006,0.0025828668826763,0.0001904729866616,3.201728788551939e-05,1.8527380443506742,True
153,2,1.5657869169027247e-05,0.2756025022235985,2750.6235894289703,2.0,4.673989056932717e-07,2.75e-06,0.0208248531298801,0.0057746718310642,0.0005389664280559,0.0002013487091776,1.957011133763569e-05,1.8529832446620773,True
367,2,1.9234163064428184e-05,0.080927214803991,19072.165264345243,2.0,4.628699837506595e-07,2.75e-06,0.0229185624912716,0.0056641662384288,0.0004960398327324,0.0001503132365819,3.080840105479884e-05,1.8532064747610983,True
218,3,4.519328068569185e-05,0.2958281872007394,2519.385921260745,2.0,4.586527784700822e-07,2.75e-06,0.0222597109175253,0.0057008610089385,0.0006452671427405,0.000322134397119,2.124074520201997e-05,1.853280127681181,True
5,2,8.231657500349338e-06,0.189636372663845,15336.269634359536,3.0,4.581392785776263e-07,2.75e-06,0.0209393276162124,0.0057741747686314,0.0005098155347046,0.0002391205994841,3.080343588355719e-05,1.8544118319873666,True
364,0,2.642500341223782e-05,0.0581036892032374,21360.77575504734,2.0,4.630653305596736e-07,2.75e-06,0.0210021686271739,0.0057716587075054,0.0004912658419102,0.0002060362495424,3.055026872237202e-05,1.85459049818356,True
335,3,3.822348628371308e-05,0.145830362544108,8002.1127406658625,2.0,4.649085086324082e-07,2.75e-06,0.0229832622802431,0.0056677055526251,0.0005078982351435,0.0001466768434924,2.7801408417913947e-05,1.8551205761057725,True
334,0,9.537371310577744e-05,0.0880602481736301,20930.07408974981,2.0,4.642654771378811e-07,2.75e-06,0.0204732036140886,0.0058010762676079,0.0024720351269904,0.0001833259932524,3.088938664657401e-05,1.8554217933991424,True
67,1,4.6388207182593175e-05,0.1554679518520329,6281.16271356492,2.0,4.569630901259535e-07,2.75e-06,0.0217613026653255,0.0057368198000484,0.0005767687179177,0.00029022660894,2.5833923071706018e-05,1.8557766342730233,True
125,4,1.9155073934603904e-05,0.2065706561819205,14689.033965932444,3.0,4.542333837193469e-07,2.75e-06,0.0209319080018815,0.0057806792209525,0.0004913636755536,0.0002447154259199,3.075121065581216e-05,1.8560765193770694,True
199,4,4.069783099172023e-05,0.1879247404419466,5924.84269645671,1.0,4.500603968017986e-07,2.75e-06,0.0222661719705457,0.0057159564835607,0.0004979850010505,0.0003381603489747,2.9601087303178423e-05,1.8574239242786872,True
330,4,5.205889936188794e-06,0.0806805929844608,15261.8972167275,2.0,4.6171740951619125e-07,2.75e-06,0.0215159710533367,0.0057562608410482,0.0004890994589007,0.0001662075669637,3.002303223379065e-05,1.857556550021311,True
172,2,0.0001056680837974,0.2766203322877347,14931.416404642789,2.0,4.577451052172946e-07,2.75e-06,0.0213663309244924,0.0057652984480594,0.0023031969310184,0.0001709888152986,3.1758341479600486e-05,1.857906166917527,True
157,2,0.0001118269502008,0.2499404878389402,19595.46964852652,3.0,4.585680869658071e-07,2.75e-06,0.0203297500310171,0.0058174999799163,0.0026545723588323,0.0002132904253245,3.176546468718813e-05,1.857991293692691,True
180,0,2.660240065936928e-05,0.2089666061953652,7538.03446174363,2.0,4.658729457657128e-07,2.75e-06,0.0225680073687613,0.0057020289017027,0.0004922115203061,0.0001586750061285,2.8852265570430285e-05,1.8581080416399476,True
480,3,1.3266291287599e-05,0.1019492038955752,10666.311244060242,1.0,4.589198520306371e-07,2.75e-06,0.0219300678769681,0.0057377913940422,0.0005050660826609,0.0003204949553283,3.090456157552756e-05,1.8584454566771937,True
184,3,9.818455330465975e-06,0.2370903427864685,3878.953492544759,2.0,4.59451007573761e-07,2.75e-06,0.0217636642656339,0.0057498705791004,0.0005214636717451,0.0003103414658436,2.3241186804916848e-05,1.8593286818037285,True
418,4,2.395361673518731e-05,0.1135840255327644,15786.228722484697,2.0,4.519750020480885e-07,2.75e-06,0.0231845738600234,0.0056736762040454,0.0004949880167717,0.0003660280724162,3.081291485831612e-05,1.859743533282412,True
478,1,1.854757203192644e-05,0.2804300708214542,3105.4794592276403,1.0,4.667617777339739e-07,2.75e-06,0.0213719998828574,0.0057719063083024,0.0004955278908739,0.0001837293556366,2.7050335243795984e-05,1.8597732655938257,True
149,2,1.7498974365051365e-05,0.2062588922334922,6204.889570257854,3.0,4.610065005324973e-07,2.75e-06,0.021037204552814,0.0057894947940218,0.0005483298628177,0.0001760881553058,2.4552838063469467e-05,1.8599118645033577,True
266,2,0.0001176536996138,0.2080103960307858,19714.300039514477,1.0,4.535334042862673e-07,2.75e-06,0.0207170869214504,0.0058062794646508,0.001764320533622,0.0002577148643545,3.168464237913081e-05,1.860117363549756,True
438,2,8.100497971289359e-05,0.1024938393087893,21686.671174902865,3.0,4.637901791573659e-07,2.75e-06,0.0261141489966173,0.0054953055946693,0.0014300917555997,0.0001359643583306,3.024858230144494e-05,1.8601201258559492,True
164,0,1.2701366493147192e-05,0.0844757512945376,20982.823616913724,3.0,4.552381174085504e-07,2.75e-06,0.0219803238949103,0.0057416981074307,0.000522180319592,0.0003094272471366,3.0273548461260704e-05,1.8602165758789069,True
49,1,9.324162542734283e-05,0.2698690302870919,18597.960501017347,2.0,4.561738261094015e-07,2.75e-06,0.0221546218967009,0.0057341288913853,0.0012072312543366,0.0003483907619694,3.1511547450816854e-05,1.860687752933022,True
356,1,3.46718455593682e-05,0.1617122019027215,14717.365285217043,3.0,4.545275676152397e-07,2.75e-06,0.0230400084967231,0.0056886559420806,0.0004884754548347,0.0003576974892067,3.022591004751601e-05,1.8615543786423119,True
101,3,7.744167794836018e-05,0.1335057604942151,13316.369179376366,1.0,4.490144643097047e-07,2.75e-06,0.024247019879099,0.0056205894782376,0.0008740625009129,0.0004033624317682,3.124560853074831e-05,1.862113719902352,True
62,3,0.0001148592465648,0.1141982976999578,23065.042368010523,1.0,4.663012214677713e-07,2.75e-06,0.022941019753909,0.0056966213293439,0.0019781495939768,0.0001503879385371,3.160936893659231e-05,1.8621958912494858,True
165,2,7.709718075444937e-05,0.1138699028247784,13285.88076188514,2.0,4.662314919268875e-07,2.75e-06,0.0257206565652576,0.0055301585890588,0.0015775042632308,0.0001365327136997,2.982863723747379e-05,1.862477620044763,True
35,4,4.260837590666853e-05,0.2704272210796406,3850.72278819815,3.0,4.639036720843588e-07,2.75e-06,0.0212384802452648,0.005790111605707,0.0005439437452422,0.0001706058071926,1.996281233585136e-05,1.8628505552846468,True
468,3,9.039941940225593e-05,0.2601814912063681,13421.60092553759,3.0,4.665357890171347e-07,2.75e-06,0.0262195440883249,0.0055024143537781,0.0015956855612253,0.0001357557778343,3.0480604450143024e-05,1.8637466837446324,True
97,0,7.231081131243096e-06,0.2323649764029262,8875.703541422885,2.0,4.606252719124202e-07,2.75e-06,0.0211086891273988,0.0058006522145951,0.0004962997546185,0.0001926502461207,3.0066281114190485e-05,1.863920871775546,True
355,2,1.0889843654532148e-05,0.1903041325821298,11462.011046909587,2.0,4.575153159923056e-07,2.75e-06,0.0213118034791739,0.0057905950962337,0.000501528869777,0.0002868248778278,3.066048794031338e-05,1.8639966010555562,True
106,3,4.870673253507986e-05,0.1333017783395033,10494.923444448064,3.0,4.577914257696015e-07,2.75e-06,0.0215424574072582,0.0057797372575906,0.0005214207161539,0.000165287256991,2.7339676234041285e-05,1.8642730356200223,True
356,0,9.31120836903275e-06,0.2199409133408229,13677.052924375615,3.0,4.638816384502397e-07,2.75e-06,0.021170550174154,0.0058009733499146,0.0005149730800273,0.0001993037472011,3.06570479118688e-05,1.8648584675218198,True
486,0,7.848733095587403e-05,0.1484479230765851,16541.38030509608,1.0,4.64766547088764e-07,2.75e-06,0.0215183177711998,0.0057842120802549,0.0007053070145003,0.0001828987727041,3.173006479979699e-05,1.865144953609468,True
316,3,3.181515614390387e-05,0.1866722177739004,15320.30541182701,3.0,4.6108321761303043e-07,2.75e-06,0.0223785754421187,0.0057414796482973,0.0005092134447678,0.0001618262976655,3.0649044495703445e-05,1.8659064859679555,True
398,1,7.917463483831712e-06,0.1547952952852549,3322.9479634289933,1.0,4.683905225628109e-07,2.75e-06,0.0212707851557463,0.0058021599730536,0.0005033781105915,0.0001828265431687,2.456025800333633e-05,1.866562556510232,True
32,2,0.0001112359556701,0.1104964305304552,24899.20063280233,2.0,4.538683227617699e-07,2.75e-06,0.0213846848695668,0.0057970146577649,0.0026785066606288,0.0003080699487366,3.1292639611049405e-05,1.866746543737284,True
363,3,4.482584104501639e-05,0.0741734942677231,23924.19093232509,3.0,4.615691814797805e-07,2.75e-06,0.022888031305127,0.0057181616031434,0.0004997198461502,0.0001471476187067,3.036070186529276e-05,1.8671552335274937,True
167,2,4.971758637219021e-05,0.1467628726469698,14357.99308474472,2.0,4.659658456591001e-07,2.75e-06,0.0240663012555265,0.0056509721448371,0.0005216673698235,0.0001429405481145,3.0739071538921785e-05,1.8672820416969884,True
258,4,3.685534051375876e-05,0.0508114631653119,16749.388609519076,1.0,4.6763696066102526e-07,2.75e-06,0.0242042647710301,0.0056468223009794,0.0004946865634309,0.0001401108135337,3.0992366123015623e-05,1.8683492328619349,True
439,4,5.761325848823058e-05,0.1116362129587806,18128.323724319067,2.0,4.5259060183591835e-07,2.75e-06,0.0254720966771803,0.0055700590443161,0.0005945793039044,0.0004262633285656,3.094578872351107e-05,1.868693116383919,True
345,4,8.062225777316448e-05,0.2536904595455607,13255.41592496707,2.0,4.662334002873374e-07,2.75e-06,0.0243053504300926,0.0056437184522216,0.0010077001180372,0.0001438960493783,3.093611087200148e-05,1.8691224665381119,True
286,2,9.525468005547675e-05,0.1589025420193512,21164.68418441437,1.0,4.623533861549686e-07,2.75e-06,0.0215513853527001,0.0057972969860447,0.0010221522030801,0.0001757430025306,3.1887072142894524e-05,1.8691459332197886,True
292,1,1.4970772974709965e-05,0.2670055503524418,3576.551868274032,1.0,4.670489473356618e-07,2.75e-06,0.0217921325393746,0.0057851684079943,0.0005050358822755,0.0001756804450422,2.7907147500426795e-05,1.8692537408470873,True
166,1,7.507829282164248e-05,0.2586638953586972,13147.350562962423,3.0,4.635431964681198e-07,2.75e-06,0.0252166710901946,0.0055895704363293,0.0007731300606269,0.0001388380280965,3.0317924356913967e-05,1.8695725561053034,True
240,0,4.174915388655799e-05,0.236119851984438,7609.993361654569,2.0,4.488257050551941e-07,2.75e-06,0.0237149821543466,0.0056836517345099,0.0005036316290708,0.0003882161295042,2.914640486116205e-05,1.870477747901039,True
287,1,4.615070121314639e-06,0.2393064119492827,4497.252639137936,1.0,4.5932394634195846e-07,2.75e-06,0.0209122623948953,0.0058356649556734,0.0005173313676966,0.0002433033954438,2.9201827371297945e-05,1.8707534285640302,True
16,1,2.084326815528993e-05,0.2066564932249815,5933.514191164253,3.0,4.576201886408163e-07,2.75e-06,0.0210568941148859,0.0058308255438959,0.0004653286607394,0.0001756108951894,2.392862069876565e-05,1.871404647591027,True
210,2,5.3759215323151566e-05,0.0610153834285792,20354.50817480756,2.0,4.590000045672062e-07,2.75e-06,0.0240668271460219,0.0056691177221209,0.0006179772144691,0.0001390287945422,3.0252202806927333e-05,1.8720800840428866,True
474,1,3.4709731901139686e-05,0.2250098258414488,9315.386562036656,2.0,4.59003662238428e-07,2.75e-06,0.022083490880053,0.0057806720110291,0.000487615542561,0.0001673306307911,3.006560847131888e-05,1.8721845498825316,True
361,3,7.103155425519314e-05,0.1348733984950071,11416.549049973552,3.0,4.64087370434949e-07,2.75e-06,0.0230193535451643,0.0057311934922444,0.0011454602727937,0.0001428464376304,2.800841487707821e-05,1.87258876376699,True
446,4,1.455786212769124e-05,0.2642720451787001,4529.525846897196,3.0,4.599091253620969e-07,2.75e-06,0.021641567529311,0.0058055229365115,0.0005325148724728,0.0001624618027831,2.1914087960778395e-05,1.87263233605546,True
111,1,4.548910029437872e-05,0.1022968575666377,24786.38668651021,2.0,4.481930478556616e-07,2.75e-06,0.0232750191433628,0.0057170509923793,0.0005106014921961,0.0003765346623302,3.162525372585047e-05,1.872651073522229,True
305,1,6.872567388783429e-05,0.1109961301285455,15852.542075387591,3.0,4.657281227936553e-07,2.75e-06,0.025609604428339,0.005576753193739,0.0010027172926955,0.0001359654681431,2.9206895295837336e-05,1.8727085115906859,True
470,1,8.623267537606943e-05,0.0537747661377593,19097.527921422217,1.0,4.514550041661017e-07,2.75e-06,0.0255150106179553,0.0055828839833453,0.0017415906858842,0.0004157097512437,3.0871091584228336e-05,1.872735742169986,True
178,4,2.2862529038738404e-05,0.1453745333432693,7486.106429085119,2.0,4.548386153090049e-07,2.75e-06,0.0225371831387766,0.0057625615961694,0.0005042157498887,0.0003318463261804,2.737868821397325e-05,1.8738709482253393,True
355,3,9.26862921786203e-05,0.143790860563915,16837.159976819545,2.0,4.649347181367911e-07,2.75e-06,0.0254723537949809,0.0055913562636103,0.0021595526980531,0.0001355917128555,3.105171476344184e-05,1.8742350422088474,True
36,2,9.098249162950758e-06,0.1390379738973696,6839.360504183776,2.0,4.6184467815852194e-07,2.75e-06,0.0209230134453032,0.0058481380195872,0.0004823791667046,0.0002218481209514,2.644935933550907e-05,1.8742921554252356,True
86,2,2.5185716592859023e-05,0.1203776817715891,22454.858813316296,2.0,4.5949601500121894e-07,2.75e-06,0.0214848367464782,0.0058201186472375,0.0005063241398231,0.0001836900361291,3.1680734925182954e-05,1.8743938015157071,True
212,4,8.673321479503739e-05,0.1422248272917543,17964.562116818477,1.0,4.572641371977673e-07,2.75e-06,0.023233876134236,0.0057261963031805,0.0009496675459084,0.0001529627028336,3.16945863393432e-05,1.8744671670755928,True
60,3,0.0001122028939402,0.297378928311458,14585.39393143842,1.0,4.574147627583313e-07,2.75e-06,0.0209773260568835,0.0058480517730497,0.0014970728606972,0.0002791682098131,3.159629701853581e-05,1.8750046489532672,True
393,0,5.763454400870789e-05,0.239644727164075,17578.79667898884,3.0,4.617936305681461e-07,2.75e-06,0.0208287126282303,0.0058563066101243,0.0005285101867564,0.0002274308716687,3.127197464408948e-05,1.875242362922241,True
442,0,1.5038194957064046e-05,0.0774493197422586,20596.5429938722,3.0,4.6052212247843086e-07,2.75e-06,0.0211455950809307,0.0058413965701538,0.0005072829420512,0.0002396157336414,2.9971818335274617e-05,1.8754874403128594,True
155,4,6.4155953963146285e-06,0.2072744242208395,5958.623404725545,2.0,4.646034659148484e-07,2.75e-06,0.023979481543628,0.0056887060947015,0.0005114817151614,0.0001427546222182,2.71545294841779e-05,1.8758984333431952,True
77,4,3.130820941928863e-05,0.1943109264132752,4473.444812459629,2.0,4.596990984597383e-07,2.75e-06,0.0209040202659046,0.0058585513039982,0.0004879876924439,0.0001955020241068,2.314198210786153e-05,1.876869066918541,True
117,0,6.443151171745168e-06,0.0702885089848532,22361.97821748599,2.0,4.605050400371515e-07,2.75e-06,0.0242515196983164,0.0056770376762503,0.0005061861310551,0.0001418118568764,3.108930627872183e-05,1.877056148764303,True
314,4,2.143202454224694e-05,0.129946555687158,20232.243108505016,2.0,4.611105724099545e-07,2.75e-06,0.0216693001378285,0.0058206328349088,0.0004992875930843,0.0001763054881764,3.157945117926773e-05,1.8771057461891079,True
457,3,8.209451665644521e-05,0.2966921030226788,15014.897212643882,2.0,4.640263926664373e-07,2.75e-06,0.0220329583912256,0.0058040691631076,0.0008231442440512,0.0001705681256209,3.137123511784579e-05,1.8777663483231133,True
290,0,2.446149486164829e-05,0.2239351114107382,2579.1023015629244,1.0,4.5635368360923406e-07,2.75e-06,0.0241458093268366,0.0056864224021862,0.000499786316151,0.0003878044812457,2.3645649254280385e-05,1.8778805515018875,True
356,3,1.0855064562703831e-05,0.0930615827730768,12081.30789130295,2.0,4.6689590077273517e-07,2.75e-06,0.0226910928444627,0.0057733928276264,0.0005017386374334,0.0001491382793063,2.9214529076814544e-05,1.8790230639295131,True
306,1,8.303260392981917e-05,0.171654009893604,10015.272826181495,3.0,4.581945830743772e-07,2.75e-06,0.0237873205839864,0.0057149550353555,0.0020154235281082,0.0001383536796852,3.138148103110092e-05,1.8798846417260797,True
332,0,0.0001188223357077,0.0865990937286306,23390.90673106819,1.0,4.66299178042599e-07,2.75e-06,0.0230774341009123,0.0057554948808839,0.0024271929464717,0.0001469723875454,3.1443944034873945e-05,1.8799401835046845,True
431,4,4.830091540049403e-05,0.1798364250039774,6304.738485801787,1.0,4.5953829621037764e-07,2.75e-06,0.024349024269513,0.005683745290582,0.0005323181638902,0.0001423595969233,2.9712241234300523e-05,1.8803537514981155,True
55,0,8.7545495519485e-06,0.1603371489421759,8567.517415690372,3.0,4.636551856967655e-07,2.75e-06,0.0221046766526098,0.0058106654335367,0.0004919310697938,0.0001551127499693,2.671882192616128e-05,1.8805650855941343,True
276,1,3.196187302017564e-05,0.0813059613652564,21276.68311642478,2.0,4.648310334558913e-07,2.75e-06,0.0249860708204881,0.0056478675169306,0.0004844459073533,0.0001390676199407,3.107746515187957e-05,1.881060276562855,True
56,4,4.433649186632329e-05,0.2243012691888831,7962.836557391064,3.0,4.689270485595969e-07,2.75e-06,0.025261763406193,0.0056308219355205,0.0004919925176436,0.0001364842567054,2.744407191458188e-05,1.8810690756786266,True
89,1,1.7256230225862126e-05,0.1260891676982483,23013.968709654797,2.0,4.620413272306656e-07,2.75e-06,0.021025947339043,0.0058680809262289,0.0005016110225566,0.0002479181797467,3.1788381993959706e-05,1.8811115031172345,True
351,2,1.834649625013404e-05,0.2710304790787389,9962.88006000976,3.0,4.673084612333594e-07,2.75e-06,0.0226511516769604,0.0057839482688927,0.000512520147962,0.0001585116268717,2.971410939320301e-05,1.8812679541952637,True
427,2,8.15705901801196e-06,0.2465167701962188,4095.96841310868,1.0,4.597689685561858e-07,2.75e-06,0.0223301914367052,0.0058016481867785,0.0005222046274827,0.0003420226243477,2.87062824087326e-05,1.8813677921855316,True
366,4,3.636587119293118e-05,0.2446410077495437,7217.84882133202,2.0,4.521951132152689e-07,2.75e-06,0.0238947771232118,0.0057147909645173,0.0004975731601218,0.0003903449729625,2.907106629002618e-05,1.8814928394777584,True
78,0,0.0001200897514322,0.2406088203711405,20402.497608131296,1.0,4.617771682873389e-07,2.75e-06,0.0215736459301555,0.0058438510733676,0.0016603945982065,0.000172671108203,3.1777823874701626e-05,1.882053628056512,True
71,2,3.43359821371957e-05,0.1718221271464845,8613.910126110673,1.0,4.521133840595522e-07,2.75e-06,0.021071900628149,0.0058710829565703,0.000492045385025,0.0001977786679771,3.091574889225816e-05,1.8825512001089075,True
383,0,1.2357756788573298e-05,0.0992882150319072,17403.87111682706,2.0,4.619734137027856e-07,2.75e-06,0.0246760892541124,0.0056726553862097,0.000505672000208,0.0001397321117855,3.0902810439468454e-05,1.8826020159154253,True
377,4,0.0001180098590871,0.2036508900641176,22885.20221609424,2.0,4.535998604149468e-07,2.75e-06,0.0213453570840202,0.0058582791339734,0.0026298815655125,0.0003126321840543,3.1597204171030664e-05,1.882808533712844,True
125,1,3.058099299277457e-05,0.2512683279296623,4427.303444702961,3.0,4.60056972793812e-07,2.75e-06,0.0216000127279692,0.005845958617311,0.0005146953724815,0.0002785938087516,2.123062434532406e-05,1.882990797724159,True
176,3,6.006415196066483e-05,0.2803697805214788,6136.478423702041,1.0,4.6534581272434845e-07,2.75e-06,0.0210531702650424,0.0058742992010439,0.000588342665672,0.0002720964131205,3.0415183095370533e-05,1.8831718615144715,True
383,4,4.594916134967465e-05,0.1609321008232454,10026.542430387744,2.0,4.641966325387424e-07,2.75e-06,0.0256447117528673,0.0056153299397113,0.0005272431410053,0.000136814917588,2.953368203948772e-05,1.8833125740610173,True
189,0,5.936095017435376e-06,0.256322193948643,13464.006820513974,3.0,4.536568615159753e-07,2.75e-06,0.02086136131959,0.0058868211278791,0.00051544013202,0.0002228347045743,3.0832298952175934e-05,1.883993046960377,True
480,2,1.3405614796573242e-05,0.123397261267991,5065.296541160691,1.0,4.546946181073917e-07,2.75e-06,0.0237405061670697,0.0057339498423301,0.0005255185038229,0.0003689172466431,2.7429611216277136e-05,1.8842056663583355,True
117,1,7.926135593329798e-05,0.2909384704112321,20815.488645739,3.0,4.631167391632195e-07,2.75e-06,0.0209838973988098,0.0058832298092237,0.0006276441002236,0.0002024722767676,3.160444804182212e-05,1.8846647404718009,True
34,2,3.469314025755999e-05,0.2154160821695356,12868.341973526709,2.0,4.606739266591182e-07,2.75e-06,0.0208882962351699,0.0058884086596441,0.000489081964614,0.0002489892760492,3.1110868109281534e-05,1.884787333629704,True
60,4,9.579188980403622e-05,0.1965811934942266,18360.276745452997,2.0,4.621580652558351e-07,2.75e-06,0.025715537180571,0.0056165031901201,0.0018445907484389,0.0001374991070157,3.1227627019748586e-05,1.88478802771213,True
382,4,4.400396329667985e-05,0.1291969468304402,11674.57854822099,1.0,4.53455384682521e-07,2.75e-06,0.0224304301205748,0.005810491429942,0.0005039643544935,0.0003476845163947,3.127907635655589e-05,1.8851893906388228,True
460,2,0.0001139329576804,0.2428007053981798,17836.979696201794,1.0,4.502409717099171e-07,2.75e-06,0.0221731781730106,0.0058251761487694,0.0016045184016096,0.0003493558286356,3.168056458701763e-05,1.8854509437793159,True
22,0,8.711641313135566e-05,0.1271614105943124,21761.18596599092,1.0,4.511995971219971e-07,2.75e-06,0.0235435324734881,0.0057511157829628,0.0008941709742125,0.0003895140207496,3.18781760557865e-05,1.8857701346919575,True
177,3,7.490274769956022e-05,0.2649302166595239,7526.457012561619,2.0,4.702482382792374e-07,2.75e-06,0.0285142363870078,0.0054322538113515,0.0012053758388318,0.000139452173253,2.9446309788244867e-05,1.8865161236537706,True
252,3,3.009472862627432e-05,0.1946077734898473,13055.837431680806,3.0,4.655775225513833e-07,2.75e-06,0.0244547724906715,0.00570611778933,0.0004948824530053,0.0001409424698384,3.0157088844138853e-05,1.887910788645098,True
30,4,3.5563723873602354e-05,0.1131682236152583,15181.035656007489,1.0,4.567433715945925e-07,2.75e-06,0.0209779205414619,0.0058979024421569,0.0004911732295944,0.0002086900410582,3.169210599309508e-05,1.8885787878033626,True
250,0,3.498739236470227e-05,0.1082018848856128,16228.360980491056,1.0,4.565093100616193e-07,2.75e-06,0.0209551968101968,0.0058990567357099,0.0004924231804683,0.0002092456205756,3.1760626882709324e-05,1.888587259562803,True
36,1,5.9974082835015816e-05,0.2722954730854618,14652.993579302143,3.0,4.6266405298937733e-07,2.75e-06,0.0222024768949096,0.0058365482515897,0.0005475435281623,0.0001659625517307,3.0947371059792966e-05,1.8889323715439787,True
412,1,1.321908077474487e-05,0.1926774350185501,5982.35423264579,3.0,4.628592774644291e-07,2.75e-06,0.0207400798689862,0.0059112570965771,0.0005257187362355,0.0001920042358997,2.352570232568073e-05,1.8890342983098032,True
27,1,4.77311066049487e-05,0.1999429957389228,22396.433614314552,3.0,4.5941504401512906e-07,2.75e-06,0.0209666155618683,0.0059039223797781,0.0004874531498921,0.0002099384508891,3.161597756847014e-05,1.8900660971866008,True
412,4,1.2887325415439624e-05,0.2078637557035976,2046.8001521259368,1.0,4.655032344448697e-07,2.75e-06,0.0213362180646536,0.005890589375982,0.0004909482626955,0.0001817969200848,2.029198250568194e-05,1.8914532631656837,True
414,0,0.0001120830843472,0.2739573320664377,18716.45144283412,3.0,4.608993490190369e-07,2.75e-06,0.0209739378460154,0.0059091975025269,0.0027935455973183,0.0001766856720008,3.217064124933058e-05,1.8916014109449406,True
239,0,3.188476454815544e-05,0.1050782861624268,19717.52107966832,2.0,4.609768311606629e-07,2.75e-06,0.0249068419233714,0.005693528463663,0.0004807059993405,0.0001396901447615,3.1237106796689045e-05,1.8917584682866495,True
307,0,3.022938342377485e-05,0.1221075155988484,22292.687851613093,3.0,4.485495377643175e-07,2.75e-06,0.0248456573310132,0.0057006382604503,0.0005048397788781,0.000411825583765,3.110532489338882e-05,1.892649709683809,True
55,3,1.3321081516542263e-05,0.121767137065531,22883.88311195018,2.0,4.69399898571429e-07,2.75e-06,0.022307007322308,0.005845344970382,0.0005083849219031,0.0001654029345063,3.176240347495737e-05,1.8927935076302553,True
301,1,8.390920507173821e-05,0.1548777307622495,22694.712499713693,1.0,4.555175331201849e-07,2.75e-06,0.0209580230942921,0.005914709604663,0.0006613815917676,0.0002489508334419,3.2045245866799985e-05,1.892889253221317,True
175,4,0.0001060957429685,0.1753105053375387,23605.12810973324,3.0,4.6223736880396674e-07,2.75e-06,0.0239933671935207,0.0057532373624448,0.0025555626419978,0.0001405677217623,3.132689648025631e-05,1.8931944041255917,True
54,2,5.502055885272404e-05,0.0501479776446072,15455.330659718067,1.0,4.6087518551548883e-07,2.75e-06,0.0266356796186936,0.0055898049674914,0.0006374690373248,0.0001362518307765,3.054465632384109e-05,1.8933422033503262,True
337,4,4.752993657964623e-05,0.1343590313436166,16796.180077491637,3.0,4.638445522491159e-07,2.75e-06,0.0267558089201845,0.0055838490398117,0.0005060240965959,0.0001366339289994,3.023659532972057e-05,1.8938634268952756,True
285,3,6.633250932151312e-06,0.0430373750967005,21065.00697739913,1.0,4.638751302519501e-07,2.75e-06,0.0252120458204622,0.0056829891908898,0.0005159085018289,0.0001374731369147,3.147631165806111e-05,1.8938960537855232,True
169,3,6.96094521871081e-05,0.1172265488246185,20338.877175968293,1.0,4.497807822886666e-07,2.75e-06,0.0224134196130622,0.0058442442608723,0.0006073179333245,0.0003554677883383,3.190616939259725e-05,1.8940209548830889,True
234,4,2.86681987360897e-05,0.2631518585648509,4649.77284825632,1.0,4.589615789248097e-07,2.75e-06,0.021587323292532,0.0058889416445108,0.0004974574478956,0.0001809089961001,2.9383658752784475e-05,1.8944581665599403,True
263,4,2.916555621853908e-05,0.1892172834334735,14549.536432059178,2.0,4.544514078316807e-07,2.75e-06,0.0216198070583255,0.005891115555826,0.000495912164183,0.0003178826258031,3.1304139648890315e-05,1.895496377220594,True
265,4,9.14386785590768e-05,0.228974333724576,15334.20851511162,2.0,4.66061203373e-07,2.75e-06,0.0270571164404693,0.0055707244625423,0.0015303619096913,0.0001357105299503,3.104845185178823e-05,1.8956827337362872,True
47,1,2.7490695957931617e-05,0.1208781179608239,10152.07266740529,2.0,4.518283175104089e-07,2.75e-06,0.0248623486225222,0.0057114950838564,0.0004748336291744,0.0004044469694523,2.885280097882168e-05,1.8957669917876476,True
249,3,6.260241521139316e-05,0.1756848658271448,24227.089337387268,2.0,4.549499199206028e-07,2.75e-06,0.0211422146307951,0.0059165565511363,0.0005547762991309,0.0002890431335159,3.1896083958534e-05,1.895873798555792,True
16,2,3.4292591606962946e-05,0.093444442466258,18262.47671082773,2.0,4.623731982144164e-07,2.75e-06,0.0259318260576556,0.0056454404818052,0.0004837343321263,0.0001362802083434,3.083550906003132e-05,1.8958868182948934,True
463,4,7.234608739651437e-05,0.1296871323611112,12995.86719130181,2.0,4.483153702480304e-07,2.75e-06,0.0285566435161255,0.0054676239861937,0.001208915010689,0.0004781296834376,2.98649177307081e-05,1.8961788899553438,True
439,1,1.4915208960375887e-05,0.2797411683449383,12417.860048173752,3.0,4.580499427685996e-07,2.75e-06,0.0212448663502914,0.005912651976895,0.0005105570438708,0.0002777663176768,3.072481307158759e-05,1.8962029858770164,True
2,0,5.351882252263941e-05,0.1658987433636127,12012.415030220369,1.0,4.640774627117105e-07,2.75e-06,0.021220224202412,0.0059142940135295,0.0005317210902995,0.0001910100735081,3.152814900506917e-05,1.8963149365496663,True
2,1,5.0090511692852034e-05,0.190821319180281,20819.21459116241,3.0,4.521853714068715e-07,2.75e-06,0.0227469642208083,0.0058349551291727,0.0005009201555086,0.0003599363128333,3.143122029116352e-05,1.8963436942882803,True
98,3,0.0001026762488901,0.2585048165046985,16955.69525606566,1.0,4.55283987803503e-07,2.75e-06,0.0219639226023963,0.0058768173597885,0.001098591767421,0.0003394602407668,3.1811363699137055e-05,1.8964228874851223,True
12,1,8.746438327004504e-05,0.1128503383185603,17547.944388835975,1.0,4.6464764325267013e-07,2.75e-06,0.0268187083592871,0.0055905456973431,0.0011970887689313,0.000135942723639,3.146851536362352e-05,1.8966627425888154,True
220,2,7.355982845461603e-05,0.1607428432873795,6640.738725726203,2.0,4.540747314993474e-07,2.75e-06,0.0218134585825942,0.0058856819007865,0.0019403971660828,0.0003010066821781,3.2980436812525664e-05,1.8967142614426291,True
453,1,8.505843862685454e-06,0.259612002853076,6588.404499035981,2.0,4.603313908330916e-07,2.75e-06,0.0239903314592949,0.0057667784163877,0.0005010539195408,0.0001445568096174,2.876623977164049e-05,1.896736786321189,True
131,2,2.7682567209831502e-05,0.0682280591127218,15438.03529612188,1.0,4.66476534773467e-07,2.75e-06,0.0252599217582944,0.0056919137881437,0.0005007781443489,0.0001389684149561,3.124251427487853e-05,1.8970039495642348,True
436,3,8.066657988570803e-05,0.0741650354376642,9666.539806574989,1.0,4.600815008919546e-07,2.75e-06,0.020721112369306,0.0059420042679785,0.0022250051543001,0.0001945148778484,3.1014055649619046e-05,1.8971758126442044,True
320,4,9.984046750680732e-05,0.1976173295376082,12116.396245195332,2.0,4.6135892944716804e-07,2.75e-06,0.0218505056712617,0.0058870460711676,0.0029017427040934,0.0001560237578729,3.457742279124391e-05,1.8976002555902385,True
207,0,3.2014275913296667e-06,0.1351942852567603,10323.394930143844,3.0,4.6507202840165785e-07,2.75e-06,0.0219236106613288,0.005885372657729,0.0005235231584375,0.0001576270401529,2.7656251856647948e-05,1.8981699311368818,True
250,2,5.132962575858321e-05,0.2819366411742662,5192.884970397104,2.0,4.731557221358579e-07,2.75e-06,0.0275882106939751,0.0055488219269055,0.0005745363847538,0.0001367232261346,2.6944745508323587e-05,1.899359291178346,True
383,3,6.61668225704061e-05,0.2942922829531693,10346.031597197798,3.0,4.6507709196869125e-07,2.75e-06,0.0262209990849363,0.0056407190367699,0.0006192399118121,0.0001364418224432,2.9730057618693984e-05,1.8994805522152955,True
108,0,2.143046308167252e-05,0.2068724373330779,17724.523642183944,3.0,4.666650715691418e-07,2.75e-06,0.0224082943928412,0.0058648544443005,0.0005035441723265,0.0001627266993537,3.128170964040892e-05,1.899494564442967,True
123,1,9.25633805096896e-05,0.121305266998361,16428.291214765184,2.0,4.583344222756421e-07,2.75e-06,0.0247000599319977,0.0057360707517902,0.0024445655279977,0.0001374738080972,3.123988292305565e-05,1.899660724226867,True
467,2,5.176631543177661e-05,0.2589177911850716,11878.697554138824,2.0,4.574353153278594e-07,2.75e-06,0.0216893645499785,0.0059036480269171,0.0005265012316843,0.0003187324121012,3.105327259848208e-05,1.8998548023965287,True
187,1,0.0001032259888795,0.2083637017779535,17479.330229308434,2.0,4.527190392471009e-07,2.75e-06,0.0255566308079018,0.0056857930940429,0.002268023368776,0.000424261272196,3.14110246813029e-05,1.9002193181432707,True
205,4,6.232453028885683e-05,0.2474420698141722,14622.279899537509,3.0,4.598440708099766e-07,2.75e-06,0.0244389520925051,0.0057540788293065,0.00057919204366,0.0001430742892757,3.077554655184065e-05,1.9003147135680778,True
154,1,2.7774363538818263e-05,0.1816751602057442,5223.84803991377,1.0,4.704708393723645e-07,2.75e-06,0.0252006378780698,0.0057099700657432,0.0004970146876978,0.0001381360911527,2.9018745025280884e-05,1.900775723456774,True
31,3,2.0005582784681657e-05,0.1959848251470862,21990.54561095225,3.0,4.57528792542222e-07,2.75e-06,0.0212253135965383,0.0059342955920849,0.0005050764777523,0.000195246055528,3.166355633293322e-05,1.9018246311460545,True
385,4,1.7132683878270638e-05,0.2024842937366327,7247.74868942426,1.0,4.630776353918174e-07,2.75e-06,0.0213042608064744,0.0059305006858956,0.0004990713580179,0.0001877268082146,3.0794634816440595e-05,1.901862753953151,True
31,0,5.367967104713793e-05,0.27351214068697,3578.6859134737665,3.0,4.6151264205190534e-07,2.75e-06,0.0215019479470933,0.0059206101456896,0.0006740096083548,0.000271768618628,2.113675416795501e-05,1.90187323598069,True
210,1,4.6485992271425785e-05,0.1038566856121046,9026.341152960757,2.0,4.616318453781201e-07,2.75e-06,0.0214817788160409,0.0059241750677936,0.0005647745511058,0.0001630286132789,2.711441575810784e-05,1.9025647313195893,True
247,3,3.51548928149121e-05,0.1318930659195236,12638.80340543908,1.0,4.630203599343953e-07,2.75e-06,0.0220150129718036,0.0058972971626995,0.0004869816286042,0.0001713379070822,3.152627248892108e-05,1.902674402718179,True
399,1,6.620319880477734e-05,0.0251335671799767,24148.623684443948,1.0,4.621514090161041e-07,2.75e-06,0.0221240868763187,0.0058916935194629,0.0011860057700879,0.0001471438353264,3.066461859273417e-05,1.9026946906121085,True
261,4,2.29447881057051e-05,0.097873233883501,16942.683901075445,1.0,4.561490103765498e-07,2.75e-06,0.0221609517038515,0.0058909079967986,0.0005024815342352,0.0003414978118859,3.180900888515574e-05,1.9030027647962569,True
337,0,5.116794870387085e-05,0.1713341788765959,3142.9667279343244,1.0,4.682072622156896e-07,2.75e-06,0.026027457013331,0.0056675005744681,0.0007300824509946,0.0001360130477453,2.5359382821718155e-05,1.9032006498288938,True
235,2,2.072999711790265e-05,0.1180785144652505,6724.030003812894,1.0,4.496975547490076e-07,2.75e-06,0.0261408546622036,0.0056628088515908,0.000503047508694,0.0004405120319381,2.922262977646021e-05,1.903867209619174,True
2,2,1.6239961335620427e-05,0.2918897217480378,8831.422213476819,2.0,4.613800470225176e-07,2.75e-06,0.0209718800182795,0.0059565270601479,0.0005052120882886,0.0002335752399002,3.0500243511713624e-05,1.9044738274630721,True
495,2,2.7178554390319984e-05,0.199090856055833,22355.65456031295,3.0,4.569051653912117e-07,2.75e-06,0.0211434844011954,0.0059496350631072,0.0005049357059609,0.0002756653988955,3.169548141171919e-05,1.9048959155327152,True
319,2,2.0265368797365148e-05,0.0544126940573115,9479.423507266754,1.0,4.544824676089734e-07,2.75e-06,0.0213087837400656,0.0059449708290682,0.0005020022105151,0.0002753432354009,2.879131083865441e-05,1.9058592278622755,True
266,0,5.1935490589090114e-05,0.2209752116646245,22616.823231722778,3.0,4.506131614393123e-07,2.75e-06,0.0210798130034782,0.0059574104086854,0.0005029739449753,0.000262099318139,3.168653412052587e-05,1.9061588295216052,True
119,4,9.24966179929305e-06,0.231279198304324,3795.011783584463,2.0,4.5668812521978564e-07,2.75e-06,0.02420756180183,0.0057926360045624,0.0005281530466665,0.0003865894431516,2.253670185466941e-05,1.9069263717968175,True
372,0,4.391077640984088e-05,0.1926401067625577,5315.469573674269,1.0,4.607025287149567e-07,2.75e-06,0.0260071444834521,0.0056832829473935,0.0005324501051721,0.0001361396320722,2.911218354942916e-05,1.9069639944794252,True
61,0,5.234868714818365e-05,0.2641980304621157,13489.680068972702,3.0,4.687006685263185e-07,2.75e-06,0.0237037789587274,0.00582580704602,0.0005144612510024,0.000150629759734,3.074066158232266e-05,1.9080637290974298,True
306,0,8.360849662723742e-05,0.2641832395002068,20458.323624109005,2.0,4.46035287819117e-07,2.75e-06,0.0230188568420167,0.005868512719569,0.0007454543251641,0.0003789321687259,3.176516394764708e-05,1.9093068029001727,True
129,2,7.949776921794645e-05,0.123156816682711,23477.545664854373,1.0,4.6605235580436804e-07,2.75e-06,0.023387803961377,0.0058509490901287,0.000660777936312,0.0001536217014991,3.201593809715991e-05,1.9100430094244072,True
117,3,5.680507635637372e-05,0.2735147881005929,15765.247490011849,3.0,4.629203019363482e-07,2.75e-06,0.0223365585097161,0.0059100090920148,0.0005236603379462,0.0001658752214341,3.118249888867974e-05,1.9106409951108925,True
132,4,2.3080988581344755e-05,0.1384205753577689,19667.48810218397,3.0,4.670685007020007e-07,2.75e-06,0.0255978360964555,0.0057235176712861,0.0005168760942232,0.0001373153128779,3.099828346940067e-05,1.9107379291696562,True
22,3,8.12265594094806e-05,0.2196094391739761,6401.889382770582,1.0,4.6385807435228156e-07,2.75e-06,0.0284453846794521,0.0055349214030617,0.0012874862123655,0.0001388403572841,3.0338976623237664e-05,1.9111170828041373,True
288,4,3.8068029481463015e-05,0.1842952739612209,4441.60709058228,2.0,4.665625496135106e-07,2.75e-06,0.0216168345868198,0.0059513477516855,0.0004994919100909,0.0001647266414604,2.275397045283217e-05,1.9117916982095569,True
460,3,1.08143197619203e-05,0.2675169091238192,4579.630866305774,1.0,4.5783071735865913e-07,2.75e-06,0.0221226663958729,0.0059274620950011,0.0005219908056552,0.000335190960098,2.956858903806893e-05,1.912337165971967,True
197,4,6.90704925069972e-05,0.1498832858013479,13046.004612923698,1.0,4.63712463447772e-07,2.75e-06,0.0249683950317907,0.0057683092106394,0.0006284907692616,0.0001411125819326,3.1441904370284606e-05,1.9123834459787046,True
117,4,7.781365964328744e-05,0.2095831567173887,21718.0176757619,3.0,4.607877009947336e-07,2.75e-06,0.0263882072371864,0.0056798634826559,0.0006682720128457,0.0001367652887505,3.1389240697209194e-05,1.9124153027881636,True
268,3,8.81146714621748e-06,0.1121302360299234,9975.999853362682,2.0,4.668046117187159e-07,2.75e-06,0.0251092608466457,0.0057638919421099,0.0005100412494943,0.0001362016807659,2.861620125662038e-05,1.9134580898017752,True
299,3,2.213170265239713e-05,0.0739307068414841,18277.488236186964,2.0,4.669311732225803e-07,2.75e-06,0.0262580163539824,0.0056931316387752,0.0004887025045261,0.000135371280043,3.0491841086752315e-05,1.9136821894302476,True
317,4,6.385832765089396e-05,0.1466436041440158,21127.99807489307,2.0,4.499691271755195e-07,2.75e-06,0.0260538198895536,0.0057069135297006,0.0005974027058262,0.00044770726586,3.155549892802504e-05,1.913877600395617,True
132,3,8.881155082378155e-05,0.2975045243955526,7579.950526492269,1.0,4.51147595758862e-07,2.75e-06,0.0257449926644302,0.0057273747625186,0.001165014014932,0.0004405849886995,3.079870044375502e-05,1.9141399144141906,True
499,4,5.681984408214691e-06,0.2800238971543624,14850.432446207988,3.0,4.6025505277058485e-07,2.75e-06,0.0209410467290099,0.0059958698452487,0.0005100338106273,0.0002190659161899,3.124035525476989e-05,1.9147994158111854,True
283,3,5.998983859846226e-05,0.147124779519368,17624.25683786846,2.0,4.566070778198617e-07,2.75e-06,0.0270100405204934,0.0056536464729665,0.0005946985857849,0.0004655524040226,3.125671310042239e-05,1.9161640059642593,True
498,1,2.0990007704772988e-05,0.2382665977733269,8842.374573007364,2.0,4.620146832887332e-07,2.75e-06,0.0243538329231271,0.0058201854788945,0.000495883818564,0.0001443091949319,3.0065596794804186e-05,1.9164751912246576,True
136,1,4.303598568150717e-06,0.2379431187747209,14196.808075830946,3.0,4.612900305835282e-07,2.75e-06,0.023306268874591,0.0058799108708343,0.0005176541658598,0.0001523086288438,3.090744734495383e-05,1.9165783721454235,True
429,2,3.112994984171768e-05,0.1168691804085381,16755.73167186343,1.0,4.536235454397396e-07,2.75e-06,0.0216470695813723,0.0059717091214091,0.0004992600223211,0.0001820523964648,3.1879100136999296e-05,1.9177335954501986,True
42,4,4.061803383476613e-05,0.206269907953647,12123.50735601083,3.0,4.618974724457194e-07,2.75e-06,0.0268039890225393,0.0056734273612626,0.0004879842745271,0.0001356484592501,2.981915424146981e-05,1.9177530762263733,True
96,4,5.544834868035073e-05,0.1184997276440995,22393.552671125337,1.0,4.623642814990982e-07,2.75e-06,0.0209180034063315,0.0060098610754027,0.000525135514061,0.0002313666222358,3.2097671736383593e-05,1.918315414456594,True
81,4,4.1302287135686896e-05,0.2154788461888862,8657.92415490968,1.0,4.62386411007546e-07,2.75e-06,0.0213595053071729,0.0059897494299567,0.000499247396845,0.0001885227300222,3.120972673399135e-05,1.9187294949446334,True
17,2,2.281216557353094e-05,0.1694526715979083,11109.09102908161,1.0,4.548811203948666e-07,2.75e-06,0.0210164154591137,0.0060086824420196,0.0005070799499615,0.0002517345920829,3.15694221504482e-05,1.919297441519436,True
338,1,3.626488821261071e-05,0.1757720652388532,21841.64720400537,2.0,4.5648393618361706e-07,2.75e-06,0.0208991029643076,0.0060162524050331,0.0004944231150234,0.0002376295905799,3.190429973006783e-05,1.9198119337219561,True
481,0,2.8586833626257695e-05,0.1085918204343763,12961.915231539342,1.0,4.6523790470403814e-07,2.75e-06,0.0248047905563422,0.005807374492833,0.0004975688705384,0.0001419649287029,3.1378261812501194e-05,1.9200957405877814,True
279,2,4.896315070714791e-05,0.2817225623388154,14135.172210268074,3.0,4.646946859756602e-07,2.75e-06,0.0231477358909499,0.0059037577943784,0.0004983426708539,0.0001548113520829,3.095684787404597e-05,1.9206367937884297,True
44,1,7.087424632096239e-05,0.1292954563184827,4609.665125759319,1.0,4.69828585313e-07,2.75e-06,0.024205091388583,0.0058492033697682,0.0018840311660544,0.0001375672697342,3.456310868074448e-05,1.9218860653050145,True
216,0,2.1282779317000296e-05,0.0734985657199247,23722.794200290595,3.0,4.708017911816336e-07,2.75e-06,0.0258407496330091,0.005752526081943,0.0005040897639114,0.0001353392466381,3.046300446344242e-05,1.9222636528585455,True
145,0,2.8853636114300475e-05,0.1966772660980421,19726.99767918132,3.0,4.651614036938947e-07,2.75e-06,0.0236718289842401,0.0058813592774004,0.0005082047961605,0.0001503584884896,3.144218311847418e-05,1.9223893260313374,True
14,1,3.716166910427294e-05,0.0673764827283279,20549.07123225821,2.0,4.607413622244986e-07,2.75e-06,0.0271901470173171,0.0056661591886313,0.0004969964838748,0.0001362889579959,3.061966291371792e-05,1.9224649008582844,True
485,2,5.022875831292048e-05,0.0610354485994052,17228.8692594179,1.0,4.643633601169237e-07,2.75e-06,0.0281048762055977,0.0056067727626476,0.0005519158348855,0.0001373119527155,3.12195487863603e-05,1.923233033478453,True
454,2,8.390263899068142e-05,0.2865076601373792,12712.65914879856,1.0,4.561542555121054e-07,2.75e-06,0.02156392298466,0.0059964158676005,0.0006604495198777,0.0003231143651709,3.17534108330972e-05,1.923312024703447,True
109,3,8.545117693773696e-05,0.1822495338885425,21509.40250274289,3.0,4.672528152873418e-07,2.75e-06,0.0293038759766514,0.0055218955901152,0.0010692181306793,0.0001405120690978,3.110737422881031e-05,1.9235182920312621,True
104,0,5.340211431081476e-05,0.2432480086151129,8864.915237421912,1.0,4.595915443928619e-07,2.75e-06,0.0212231603583173,0.0060146023643119,0.0005237539627382,0.0002845046089582,3.131317627861272e-05,1.9236677398303876,True
367,0,7.442378424599946e-05,0.1183926938596468,9034.48092548587,2.0,4.528135532136797e-07,2.75e-06,0.0210251048518298,0.0060245364256113,0.0020800375179628,0.0002712987764671,3.132298734716205e-05,1.9237412546310464,True
186,3,3.849816661655588e-06,0.298889627753182,4956.341297286275,1.0,4.593617041312833e-07,2.75e-06,0.0209715756390372,0.006029851622113,0.0005167324263367,0.000238771044828,3.016323090704484e-05,1.9244847196862163,True
131,3,7.432748453606513e-06,0.1639124240414422,7320.432306674247,2.0,4.600546033670775e-07,2.75e-06,0.0268717663393604,0.0056982562847525,0.0004972053276694,0.0001357413282045,2.7817606126081016e-05,1.9253071144224394,True
120,2,4.36537489252747e-06,0.2929557424002423,3540.352137653482,1.0,4.595311836904563e-07,2.75e-06,0.0239384681540538,0.0058781577822154,0.0005264099384275,0.0003952022927311,2.8379451454338587e-05,1.9255363875987517,True
390,4,7.099842204905254e-05,0.134140315069743,8095.19820500386,2.0,4.705760806069791e-07,2.75e-06,0.0248006834327791,0.0058283887966093,0.0016761766560253,0.0001358426847426,2.955029112669934e-05,1.9255756562509232,True
223,1,9.310926936974226e-06,0.2786667915153025,10858.84627050252,2.0,4.557170213611444e-07,2.75e-06,0.0210855286305319,0.0060285640479884,0.0005041220909748,0.0002715431754328,3.110044739541347e-05,1.9256423788596306,True
37,1,3.947929124663163e-05,0.2388116888712148,16430.213714425274,3.0,4.57769800875029e-07,2.75e-06,0.0234327366811778,0.0059083601730789,0.0004898206437862,0.0001527369191074,3.120017656289505e-05,1.9260536172716916,True
321,3,5.0834574604364505e-05,0.2420020620864895,8370.674108018033,3.0,4.643040080299802e-07,2.75e-06,0.0283794811516272,0.0055997116444608,0.0005283348282728,0.0001375312314607,2.807152361012468e-05,1.9263261422557412,True
411,1,4.054183727066762e-05,0.2793804232225373,6172.397290924845,1.0,4.630975519471807e-07,2.75e-06,0.0212563367338954,0.0060227317371567,0.0004923169551767,0.0001905193645026,3.063945230197896e-05,1.9263278630673768,True
422,0,3.554261994929503e-05,0.0537889680388456,18836.080443953,2.0,4.523678443987689e-07,2.75e-06,0.0221916244975243,0.005977513971663,0.0004942930121949,0.0003165887455774,2.973141747676733e-05,1.9268357212249534,True
234,3,4.0961946798540254e-05,0.2258635745692101,18122.35355953965,3.0,4.637093774430161e-07,2.75e-06,0.0232656098793405,0.0059219739179862,0.0004902166368656,0.0001539403681058,3.1376397086298256e-05,1.9272423063981663,True
144,0,1.4257935280102678e-05,0.2143319585641018,13683.413852371354,2.0,4.637409241824119e-07,2.75e-06,0.0228171747065383,0.0059464049947588,0.0005024738453242,0.0001602827667552,3.133444034566145e-05,1.9273011081740343,True
415,1,3.601433119422631e-05,0.1313584947139389,6763.056389944519,2.0,4.581295366922249e-07,2.75e-06,0.0221185387318843,0.0059832355962474,0.0005276539032291,0.0003056076897923,2.5680602475488767e-05,1.9273651817998998,True
490,4,2.1584281151563777e-05,0.0855786856632072,6145.97473922009,1.0,4.621952595103335e-07,2.75e-06,0.0233219514196886,0.0059206875665425,0.0005009652548342,0.0001421215364663,2.72703066565402e-05,1.9277233120194888,True
194,4,6.450292825269098e-06,0.1792161693643188,21828.7990071852,2.0,4.5690323659280274e-07,2.75e-06,0.0208985445154295,0.0060463180431483,0.0005088144736742,0.0002219795002077,3.195876653338984e-05,1.928023053193352,True
113,4,5.599987156181496e-05,0.2693340509793904,8917.29825655463,1.0,4.614215405081778e-07,2.75e-06,0.0208993752837685,0.0060519620010825,0.0005349203710415,0.0002333387194164,3.1381613213529464e-05,1.92957739970761,True
458,0,5.6208566223005936e-05,0.2189814052159676,11620.672841748248,1.0,4.594449144508971e-07,2.75e-06,0.0209076274777135,0.0060515724326291,0.0005279252222056,0.0002297285173129,3.167917299036449e-05,1.9295792573275605,True
457,1,4.46354984599535e-06,0.1373264047627769,6416.661271568737,2.0,4.6902547024193923e-07,2.75e-06,0.022527950205776,0.005971520146658,0.0005135542439076,0.0001468454934478,2.5769440987799876e-05,1.9299448965563069,True
268,2,7.70361113110218e-05,0.2900657421982018,12649.75922531298,2.0,4.642083984390832e-07,2.75e-06,0.0262805090571311,0.0057546216291513,0.0007807123410124,0.0001372140620339,3.1039168545044395e-05,1.9300237547717074,True
272,1,4.073766013875203e-05,0.0497797100676009,10186.307997168322,1.0,4.6183076317708173e-07,2.75e-06,0.0225847537440209,0.0059688401791161,0.0005481054090479,0.0001460664248272,2.87071167432937e-05,1.9300269827912542,True
63,2,9.17236079126784e-05,0.2633572655814923,15291.224954114306,1.0,4.646751210421149e-07,2.75e-06,0.0230115432316627,0.0059467153520595,0.0007923544591944,0.0001576721537849,3.184073884987735e-05,1.9301844371190797,True
135,1,1.5916149828402938e-05,0.1830902490081991,6351.836659039354,1.0,4.6548475734944763e-07,2.75e-06,0.0254108462531167,0.0058128967610729,0.0005171792562663,0.0001395158309791,3.0117739330910668e-05,1.9311301546615276,True
376,3,7.515435872335472e-06,0.0726154894674721,15030.109225393906,2.0,4.4559390393141043e-07,2.75e-06,0.0246658850435207,0.0058598075255398,0.0005010975223691,0.0003915783452567,2.959182945324577e-05,1.9317809218383093,True
395,0,1.2912968576796598e-05,0.0566591423758224,23912.715805496984,2.0,4.640304164764281e-07,2.75e-06,0.027218992481568,0.0057018471933064,0.0004899859172183,0.0001369213468435,3.094473081701972e-05,1.9321360911290482,True
3,3,6.577856925811927e-05,0.1173913772666946,23536.8239467899,1.0,4.607108557224996e-07,2.75e-06,0.0228312671516714,0.0059641823688455,0.0005622320944529,0.0001595034805123,3.208181961302387e-05,1.932286828335847,True
210,0,6.387513813549254e-05,0.2359179427113974,13600.76131843038,2.0,4.589993436894546e-07,2.75e-06,0.0257373458149501,0.0057980839906991,0.0005849245793968,0.0001376200415273,3.114246491393438e-05,1.932489415114423,True
96,0,0.0001110457022034,0.246170611949037,22789.25091890747,3.0,4.64148023607675e-07,2.75e-06,0.0263053774229599,0.005768060305545,0.0023820145721287,0.0001366930715715,3.142937255684173e-05,1.93392854124731,True
89,3,7.276487802323861e-05,0.104585061650847,14298.93886191549,3.0,4.656766461127666e-07,2.75e-06,0.025302995332259,0.0058304179842544,0.00137803609044,0.0001351589164833,2.864914083279237e-05,1.9340166288735532,True
180,3,2.6301136594344703e-05,0.0732010617382252,21264.52987583445,1.0,4.6484922298546e-07,2.75e-06,0.0251289618746546,0.0058409897956177,0.0004996294822869,0.00014073333283,3.1906454667232977e-05,1.9340468804685513,True
336,1,3.815924801344678e-05,0.3008445225106625,9459.80413439239,2.0,4.637405643404658e-07,2.75e-06,0.0229733372363543,0.005964320825885,0.000484465125226,0.0001583897408687,3.065408622734978e-05,1.9343646777608012,True
68,4,2.819328643466947e-06,0.1940734973094837,19743.887520970005,2.0,4.616573556443602e-07,2.75e-06,0.0214574190171862,0.006046022763303,0.0005039593985056,0.0001865194692951,3.189040787495114e-05,1.9353716629980746,True
102,1,1.4453567623454088e-05,0.1485241897213618,13274.55951049996,1.0,4.538482175716748e-07,2.75e-06,0.0220154146447384,0.0060197590282861,0.0005088247708549,0.0003344225312367,3.1785292937718856e-05,1.9358316285922939,True
426,3,0.0001445200914885,0.1943557313328829,22865.325391214777,1.0,4.590600834378971e-07,2.75e-06,0.0225188574845539,0.0059944970829116,0.0026368170568654,0.0001520540207124,3.1711329629442084e-05,1.9360177141286385,True
428,2,2.10832625813475e-05,0.1499462039296741,13995.953626146877,1.0,4.5952453152321066e-07,2.75e-06,0.0215908035576885,0.0060418399690815,0.0005062646053194,0.0001835045840589,3.184831997334498e-05,1.936031220605749,True
456,0,3.670736570278029e-05,0.2360929766923683,20596.03794335401,3.0,4.5999362461674766e-07,2.75e-06,0.0223072035790466,0.0060061947282946,0.000502400592273,0.0001684023942166,3.1659607650334045e-05,1.9362080036515619,True
185,2,1.331446998104599e-05,0.2343741113815774,23662.168460913566,3.0,4.544032502987929e-07,2.75e-06,0.0210114070672311,0.0060716846756418,0.0005123713127222,0.0002397551119216,3.189600123793821e-05,1.93644302403376,True
429,0,1.1942525560934076e-05,0.2458023717266368,19109.07645339993,3.0,4.538294456496058e-07,2.75e-06,0.022116009588457,0.0060200115904948,0.000517791313637,0.0001713812930523,3.1613933419299153e-05,1.9372898634398485,True
378,4,3.054035030218942e-06,0.215678189375167,23229.539545476007,3.0,4.639387600487084e-07,2.75e-06,0.0219584797438079,0.006028540303266,0.0005090108627559,0.0001735347511954,3.184784751216906e-05,1.9374296686333004,True
487,4,4.022246562074367e-05,0.2191360801769095,18969.057501636584,2.0,4.503916242258027e-07,2.75e-06,0.0211047109120075,0.0060711402519718,0.0004914098436382,0.0002773034265596,3.18359787270716e-05,1.9375241378458574,True
332,3,7.130947537775073e-05,0.1751624132449503,19396.658763424275,1.0,4.535140715806764e-07,2.75e-06,0.0218466285666197,0.0060356486831258,0.000577342398078,0.0003336616040167,3.2047953028652746e-05,1.9378262443494387,True
469,1,1.893185288270208e-05,0.2651384731208038,13245.754134228042,3.0,4.462231796414053e-07,2.75e-06,0.0242745994095318,0.0059067440913635,0.0005105709862597,0.0004078376926271,3.082758081945948e-05,1.9382247847672045,True
208,2,2.149060184326109e-05,0.1312798657396538,24143.273943380183,3.0,4.4684021269712513e-07,2.75e-06,0.0268035933068197,0.0057558333841377,0.0005141929357395,0.0004619681188542,3.141821107612269e-05,1.9390399604204067,True
393,1,4.574926012517038e-06,0.137250820790914,16921.850323620078,1.0,4.588462250768656e-07,2.75e-06,0.0210257288001896,0.0060814113118414,0.0005134532885302,0.0002520928367368,3.204535863144657e-05,1.939290827615849,True
475,0,3.967016350129332e-06,0.1281697250415347,24437.55812472956,2.0,4.648586926072207e-07,2.75e-06,0.0244577343693775,0.0059020186040662,0.0005087301546184,0.0001435548302713,3.189448037551875e-05,1.9397604653124827,True
370,2,2.9347325573110005e-05,0.2034079203810615,5081.208224092335,3.0,4.587063229528533e-07,2.75e-06,0.0208671471874197,0.0060912784102509,0.0005586687227665,0.0002059917960508,2.132330276286205e-05,1.9399141194014,True
99,2,4.429378644860144e-05,0.1673037353772056,8722.189667060717,1.0,4.701142730733078e-07,2.75e-06,0.025918583340533,0.0058159894554903,0.0005093981569585,0.0001367250083799,3.087293965845739e-05,1.940103007135917,True
209,1,5.616048491139653e-05,0.109120510002377,11791.682184090794,1.0,4.501293516474319e-07,2.75e-06,0.028582930733881,0.0056399283254795,0.0005935616459033,0.0004924356041238,3.0990766936361315e-05,1.9401542606637303,True
103,0,1.5352105955017737e-05,0.0522831055832506,21035.541695274747,2.0,4.621872870047122e-07,2.75e-06,0.025096228392114,0.0058681521510511,0.0005136556237587,0.0001363414299241,3.031176991140262e-05,1.9406896927313673,True
297,4,0.0001113039598688,0.2326855952506007,7795.925546108858,1.0,4.618348714219264e-07,2.75e-06,0.0203618294731367,0.0061181165501782,0.0032017335241994,0.0002019297988922,4.051060478481363e-05,1.940767395283825,True
198,3,6.132811076408109e-05,0.2371948267392532,18657.54909349806,2.0,4.617059169311269e-07,2.75e-06,0.0227973758871344,0.006001202706339,0.0005450963812222,0.0001613791612778,3.1762360723723825e-05,1.9417729009590603,True
273,4,2.596970723449041e-05,0.2556138764348653,11177.288428639193,3.0,4.6109390940789173e-07,2.75e-06,0.0263928863584085,0.0057927111546616,0.0005026153488482,0.0001366296492974,3.009235793574654e-05,1.9417828264550454,True
368,1,0.0001091844468991,0.2275377295317221,21289.157171874584,1.0,4.644995765086414e-07,2.75e-06,0.0252954113610148,0.0058605673987776,0.0012490695994428,0.000139168124739,3.190427536677114e-05,1.9418263635327555,True
476,4,5.959484914156115e-06,0.1586096261991624,8351.393198304117,3.0,4.629183043401363e-07,2.75e-06,0.0247565262307411,0.0058942434926117,0.0005142572244487,0.0001369142586515,2.641248294119744e-05,1.9422932019286614,True
472,1,7.254185478176152e-05,0.2996132058246799,21286.94804919724,2.0,4.526384412484583e-07,2.75e-06,0.0209839929159765,0.0060960564518907,0.0005769544178993,0.0002555103148406,3.197647092583666e-05,1.9427489922360797,True
429,1,3.400948206559015e-05,0.1265273149741538,3626.870875407026,1.0,4.672110446584976e-07,2.75e-06,0.0237158476389488,0.0059559833154738,0.0004686965406096,0.0001388724546827,2.395645165182576e-05,1.942970582721848,True
340,2,7.377336871170301e-05,0.1769003613177746,23224.011117076745,1.0,4.6027390523718893e-07,2.75e-06,0.020928565004281,0.0061031494477364,0.0005666661696038,0.0002380118616683,3.2181802433264206e-05,1.9439654945417746,True
26,4,5.399067619572327e-05,0.281770730734777,16446.36869914754,2.0,4.584268255649251e-07,2.75e-06,0.0209412481647301,0.0061027229470711,0.0005162794447265,0.0002139294303117,3.1745325212093056e-05,1.9440143532345082,True
363,2,7.820859919729235e-05,0.1838592573336756,3206.8340527039645,1.0,4.604013990317496e-07,2.75e-06,0.0206065314185322,0.0061196245361093,0.0025148476767717,0.000212723351219,4.874952855063578e-05,1.944310314777548,True
305,3,7.048497755319774e-05,0.2098114325728049,15863.898749391272,1.0,4.584291679911111e-07,2.75e-06,0.0218801237165093,0.0060582811622166,0.0005685133999992,0.0001755915125045,3.195047554725841e-05,1.9444313758415035,True
236,1,2.996987393194348e-05,0.2801713068606908,6966.989170278216,1.0,4.584763386052025e-07,2.75e-06,0.0211958817440483,0.0060937936124465,0.0004960993451577,0.0002728147402468,3.104244081670217e-05,1.9449177663442796,True
292,0,3.563089620195502e-05,0.1804185390868101,12990.163097895913,1.0,4.520705608595613e-07,2.75e-06,0.0214298941328087,0.006083712400372,0.0004937787170854,0.000303065456853,3.181500526290053e-05,1.9452751004405016,True
95,4,5.222475783161544e-05,0.276941702574969,8420.366175162686,1.0,4.569896027695579e-07,2.75e-06,0.0213456362482791,0.0060888408904519,0.0005218116657582,0.000191506280851,3.1340011818391306e-05,1.9455509575088084,True
313,1,1.9896211140456844e-05,0.1588398000977691,12035.68543993734,3.0,4.678037660424911e-07,2.75e-06,0.0285343623411721,0.0056684650944998,0.0005091989082967,0.0001381131793518,2.928979975121937e-05,1.946528602548634,True
93,3,4.9616715187031065e-06,0.0287605880784166,24061.12554419392,1.0,4.618251617143037e-07,2.75e-06,0.0271394912663408,0.0057655584246577,0.0005231748171947,0.0001348640550425,3.1281360563192267e-05,1.9472071562505413,True
116,2,8.031815848256561e-05,0.1619451695047628,11035.019723729742,2.0,4.709553768699528e-07,2.75e-06,0.0312119722052483,0.0054719746143602,0.0016257739639514,0.0001554755823224,3.017237561716405e-05,1.9473250353637617,True
103,3,9.72863264786768e-06,0.1798439354595877,4127.031545845173,2.0,4.599159642368497e-07,2.75e-06,0.020992197258706,0.0061140955160616,0.0004925628213135,0.0002075924968041,2.173352605806059e-05,1.947792858254609,True
308,3,0.0001033008157791,0.2847302194115232,9883.574409024925,3.0,4.6023520250614243e-07,2.75e-06,0.0202531033854158,0.0061492542587768,0.0033474654188439,0.0001975151274004,4.200451882788401e-05,1.947955542519069,True
52,3,4.4298226262269935e-05,0.2830436584863652,20076.23911085488,3.0,4.6192943832929494e-07,2.75e-06,0.0212197277456898,0.006104200122736,0.000488949953599,0.0001944915246239,3.174506723338732e-05,1.9480759861013244,True
315,2,1.3885075168108014e-05,0.1865077709928271,21695.48822322939,2.0,4.493075042579046e-07,2.75e-06,0.021984393381808,0.0060671963010254,0.000510304937395,0.0003355085133813,3.196893140954335e-05,1.94827743695896,True
331,4,8.772972472766552e-05,0.2609039238330518,8322.526889921646,3.0,4.4816853751110715e-07,2.75e-06,0.0302201291010751,0.0055561998881251,0.0020169559943289,0.0004982041754022,3.295737073026857e-05,1.9491506157085836,True
366,0,7.861127446456987e-05,0.197128937943141,22149.79819026221,1.0,4.5608047308240907e-07,2.75e-06,0.0214693415393276,0.0060960206732679,0.0005899777317558,0.0003148707618264,3.2159422118209915e-05,1.949158483492021,True
240,2,2.3703096161503724e-05,0.1215849543932216,13135.69008491915,3.0,4.656680199051672e-07,2.75e-06,0.0277719967837625,0.0057318066829634,0.0005521599436526,0.0001380555032235,2.8859926145394075e-05,1.9493309307586835,True
313,0,0.0001320378326024,0.2592615406333173,16212.475650596863,1.0,4.532487426114379e-07,2.75e-06,0.0222192829374125,0.0060613782956464,0.0027852645980218,0.0003456409746787,3.2068170645753955e-05,1.9499285702619618,True
68,2,4.268917326575757e-05,0.1721321083373353,11634.943896442364,3.0,4.544162674246882e-07,2.75e-06,0.0293987115473058,0.0056204912471171,0.000508957167322,0.0004992617968648,2.9221143841926865e-05,1.9499911905617215,True
418,0,2.0499953383640007e-05,0.2300926949856938,23680.26962755685,3.0,4.585244710485914e-07,2.75e-06,0.0221130040955945,0.0060676258796853,0.000512808863652,0.0001706120380884,3.1888828429877944e-05,1.9501579651947694,True
64,4,4.485264839345493e-05,0.2422047325595083,22190.69663990013,3.0,4.538259271244219e-07,2.75e-06,0.0225589685521541,0.006047876918288,0.000490224637415,0.0001630177239261,3.1769782694514324e-05,1.9510018886455485,True
488,2,3.159249168677425e-05,0.2257887917670907,17846.08904129364,2.0,4.561525764746789e-07,2.75e-06,0.0219615450983979,0.0060787419671725,0.0005005028351658,0.0001743803646282,3.179684415829274e-05,1.9511010448128572,True
25,3,5.605635786836682e-05,0.2169790079102004,11683.081594966574,1.0,4.606198915903976e-07,2.75e-06,0.0225260799199379,0.006050321376509,0.0005257684130733,0.0001654258440365,3.167867206486295e-05,1.9512019858319065,True
283,0,8.116259930927634e-06,0.1932471696266935,5952.886150988888,2.0,4.734235613330882e-07,2.75e-06,0.0283043388747901,0.005704199465841,0.0004758496806902,0.0001372326154055,2.6837618722284043e-05,1.9515525003942742,True
40,0,4.019926211753245e-05,0.2375604632460257,8608.019250154954,1.0,4.634294175869772e-07,2.75e-06,0.0223959716666083,0.0060594601276681,0.0004900087018243,0.0001672201896927,3.131742951563564e-05,1.9518586776220865,True
69,4,3.700552971454784e-05,0.138315008814518,20533.23690021459,1.0,4.620598419341461e-07,2.75e-06,0.0209826421712006,0.0061294818439587,0.0004948756936756,0.0002176743389662,3.216153544269834e-05,1.951880388864626,True
261,3,2.383447079410262e-05,0.1734382508766424,15679.922560551697,3.0,4.675634096335854e-07,2.75e-06,0.0281861846343701,0.0057151414616141,0.0004961786625199,0.0001359226367467,3.065359196499344e-05,1.9522703197806355,True
410,1,2.768447426486966e-05,0.2920007992974628,16321.39953627989,3.0,4.563838555880448e-07,2.75e-06,0.0223419759126258,0.0060637574736001,0.0005066396856843,0.0003495441351321,3.1470442128234525e-05,1.9522720158499913,True
147,3,0.0001115233869445,0.2902375430288862,23020.730346473807,3.0,4.696447673544474e-07,2.75e-06,0.027818131388648,0.0057410284830626,0.0021649884528388,0.0001364678751572,3.1438730017050424e-05,1.9524922698101077,True
86,0,4.08841152550329e-05,0.0467913229900737,19355.63466508703,2.0,4.5900837321253365e-07,2.75e-06,0.021322630224363,0.0061159687881422,0.0005096377865897,0.0001686351815743,2.9467559298516495e-05,1.9526515701011975,True
417,0,0.0001121735309448,0.0798947534425986,24082.824437083,2.0,4.561271446033714e-07,2.75e-06,0.0207145365185366,0.0061535147481456,0.0031302364748362,0.0002668536144138,3.1349288910346826e-05,1.954999275019956,True
371,3,6.45433184656129e-06,0.2700474977234365,15336.770821514749,2.0,4.589483167600218e-07,2.75e-06,0.020989530715731,0.0061421374931743,0.0005088484042434,0.0002167937869679,3.1752433522002744e-05,1.9554359224137456,True
490,3,2.4566303234939794e-05,0.0574801001941834,16206.451704738243,1.0,4.643825769364165e-07,2.75e-06,0.0289312102205901,0.0056797441424531,0.0005051432722712,0.0001390104515894,3.114305898985599e-05,1.9564727563897624,True
339,0,1.9956163687439027e-05,0.082578664463893,14021.276799121442,1.0,4.6880667195980106e-07,2.75e-06,0.0280301355774002,0.0057450404130382,0.0005023969565644,0.0001362032865719,3.131874123715026e-05,1.9571919351624614,True
95,0,3.6919388130823336e-05,0.2669079012947196,18535.29559855635,3.0,4.592194515776955e-07,2.75e-06,0.0228472699336826,0.0060559472179963,0.0004982882982288,0.0001614121357071,3.15904398390836e-05,1.9572425212152067,True
497,4,3.902869110966251e-05,0.2787326811662705,13276.550096038924,3.0,4.619047901742715e-07,2.75e-06,0.0254013202582963,0.0059133797708102,0.0004838262537851,0.0001389653038668,3.0829790058766394e-05,1.95740115536902,True
198,1,1.5777614426863015e-06,0.1811446170544862,20592.168184538627,3.0,4.493406948033642e-07,2.75e-06,0.0262216703202773,0.0058634363322046,0.0005081145738823,0.0004532206865974,3.15003592276347e-05,1.9574168757535773,True
67,3,5.399495136012553e-05,0.1665933517680262,18294.939467201104,1.0,4.601391484683324e-07,2.75e-06,0.0218938542561496,0.0061073587623929,0.0005125891102097,0.0001760548303883,3.206670436894702e-05,1.9579590176612307,True
116,0,1.0662375106985296e-05,0.2795930428809873,2670.1699318319866,2.0,4.532985352878911e-07,2.75e-06,0.0272749235872975,0.0058004165264011,0.0005453202702737,0.0004513513546509,1.912986179322354e-05,1.9584958253311109,True
284,3,6.463187054592278e-05,0.295606979699223,11915.39019776556,3.0,4.640241418635187e-07,2.75e-06,0.0281693386276825,0.0057407335908385,0.000584219162499,0.0001361852842155,3.0336722209621112e-05,1.9585128251827497,True
146,1,0.0001095074917889,0.2292859013338886,15868.877052595924,2.0,4.643074437133038e-07,2.75e-06,0.0265489355976702,0.0058491894501534,0.0027161206592118,0.0001368816651143,3.225831497535992e-05,1.959048345674934,True
48,0,2.252719410044162e-05,0.2386102781966288,9462.823741999262,1.0,4.5482321465338454e-07,2.75e-06,0.0213666937422394,0.0061380783874157,0.000504197280203,0.000300917798318,3.158771688116797e-05,1.959273629920181,True
119,3,6.388173761548088e-05,0.1745867380585775,5125.339916835788,2.0,4.714051829070543e-07,2.75e-06,0.0259630383684902,0.0058888606168149,0.0014396125245031,0.0001368906365091,2.944596047310415e-05,1.9598902546369081,True
115,2,4.941827464508037e-05,0.2839081232891173,9428.912050326628,1.0,4.5862291956099036e-07,2.75e-06,0.021023669687687,0.0061591424249228,0.0005097745651847,0.0002056236685961,3.158439008958128e-05,1.9605378412273229,True
286,0,5.371065290470671e-05,0.1255065942018851,8997.316635438725,3.0,4.594987332475378e-07,2.75e-06,0.0207699413995787,0.0061743017792432,0.0005954411615177,0.0001855549230376,2.528052470220263e-05,1.9614162754564612,True
11,2,3.438019182620125e-05,0.0261859429966171,18392.696520843387,1.0,4.615241038029655e-07,2.75e-06,0.021222901188109,0.0061537034345181,0.0004914875082173,0.0001676700483981,3.0050005534972226e-05,1.9616509845972243,True
381,1,2.529477280910444e-05,0.2055519663892745,3171.992196285345,1.0,4.676699635656288e-07,2.75e-06,0.0291262361110487,0.0056871997850485,0.0005025163636323,0.0001399753914175,2.5369618383559525e-05,1.9618624133608167,True
497,2,1.4185075428021838e-05,0.134782990998958,13394.273490458434,1.0,4.6273554096658566e-07,2.75e-06,0.0247937648845467,0.0059681683206141,0.0005081532094282,0.0001430502536008,3.1721955384244444e-05,1.9624486798934315,True
403,2,0.0001355044593224,0.1328647481382822,18849.008418591893,1.0,4.589591997941081e-07,2.75e-06,0.0205224721442277,0.0061914635154225,0.0033010844460914,0.0002634036272204,3.2068167547946246e-05,1.962974358817619,True
105,3,5.797526717724881e-05,0.1655311126513162,7551.517412328228,3.0,4.636428347231614e-07,2.75e-06,0.0264209503117779,0.0058728684074871,0.0006836308515897,0.0001363227638819,2.5250192417393397e-05,1.963123310258096,True
311,3,4.3021390656443765e-05,0.1392550213380606,19146.560671385432,2.0,4.612539935846316e-07,2.75e-06,0.027897087855687,0.0057772503719627,0.0004918719233075,0.000136077922079,3.144761750961369e-05,1.9631452808551653,True
469,2,7.763680970607161e-05,0.2617736069171649,22673.568241837565,2.0,4.43607456730857e-07,2.75e-06,0.024684691586092,0.0059806789841094,0.0006270972361019,0.0004232896179169,3.192966642630195e-05,1.9641018308223555,True
184,2,6.39348758632445e-05,0.2959211042219958,16072.152669730507,2.0,4.529086063781955e-07,2.75e-06,0.023411162496383,0.0060525299308013,0.000557947089715,0.0003891977112517,3.168827728324255e-05,1.9643874630217728,True
447,0,3.212541067816349e-05,0.2982323756948425,4693.002957704322,1.0,4.487145951276336e-07,2.75e-06,0.0249281538388833,0.00597027827886,0.0004885603002283,0.0004250641572027,2.9715155430675647e-05,1.9650708092888862,True
6,4,4.148163280520171e-05,0.2249532151554955,18653.623050468832,2.0,4.51032660554045e-07,2.75e-06,0.023167043128773,0.0060687045811643,0.0004880619836547,0.0003798967099043,3.182804555010621e-05,1.9652293969918093,True
291,2,8.458984700450634e-05,0.2291376643340857,24377.542119428774,2.0,4.687290469132102e-07,2.75e-06,0.0268410169882994,0.0058547792595611,0.0007400292512652,0.000136101363517,3.188514239298602e-05,1.9653200887026274,True
147,1,1.3206712878005938e-05,0.1720059114845675,16026.355913635913,1.0,4.611210567227194e-07,2.75e-06,0.0211598084801306,0.0061709279838384,0.0005077330756873,0.00027464704206,3.2096990745820866e-05,1.965538820009847,True
462,2,1.3430410157895097e-05,0.2287586275595798,16529.070817381125,2.0,4.656769728467194e-07,2.75e-06,0.0231516433595485,0.0060726080666249,0.0005021035396758,0.0001575137179126,3.174934647131156e-05,1.9660605878703927,True
210,3,5.090694624116225e-06,0.1062785400388206,19078.016722027456,1.0,4.501346361103911e-07,2.75e-06,0.0244967333423578,0.0059995118400241,0.0005129267537345,0.0004154217593214,3.203465510666429e-05,1.9662555477395718,True
68,0,2.425094630310568e-05,0.1842330347491451,8816.923040801721,3.0,4.664615957644839e-07,2.75e-06,0.0293663007434256,0.0056931170088402,0.0005137706057389,0.0001423378109524,2.755818606935821e-05,1.967689466536858,True
372,4,6.881397435409591e-05,0.2396859686083992,15766.037061363391,3.0,4.66397600571236e-07,2.75e-06,0.0294978156923626,0.0056837958971068,0.0006159612225951,0.0001397826363934,3.085987176637611e-05,1.967724998429658,True
112,1,0.000106751212122,0.0370202500852045,22620.516911721075,1.0,4.536671494164262e-07,2.75e-06,0.0227590037132515,0.0061011226717103,0.0025785793892227,0.0003411084112377,3.0739280852311105e-05,1.9681985683790104,True
435,0,2.6508870372796545e-05,0.2471865732266878,13151.297839342931,2.0,4.597115906037724e-07,2.75e-06,0.024419845427512,0.0060159478719415,0.0005032464837253,0.0001454675446953,3.1353894778319895e-05,1.969472165792307,True
220,0,1.3717094360298418e-05,0.1933030926744581,7307.0277575407,3.0,4.511768648303449e-07,2.75e-06,0.0279728941044375,0.0057981822718062,0.0005310805538015,0.0004635945427127,2.6115244623859824e-05,1.9698228235764677,True
216,3,5.615568557815422e-05,0.1804186337543301,6576.381534764813,1.0,4.69345171744453e-07,2.75e-06,0.0301112575825991,0.0056476515526068,0.000591648693219,0.0001425928732266,2.9814542508432183e-05,1.969915252808712,True
129,1,4.111450145437741e-05,0.14997123909433,16397.587305034744,1.0,4.587579931952991e-07,2.75e-06,0.0235593821233473,0.0060673344472271,0.0004903216484873,0.0001531011887103,3.1966006426133014e-05,1.9705088130668447,True
398,0,6.612533467680283e-06,0.2334392511064469,11233.951748174748,1.0,4.574396719518536e-07,2.75e-06,0.0210425233288523,0.0061963780726481,0.0005099114534698,0.0002619020548805,3.187674168698007e-05,1.9709861075567237,True
313,2,3.453595640218665e-05,0.2298744040696845,15540.15993126331,2.0,4.650332762631374e-07,2.75e-06,0.0243713444031354,0.0060273611959587,0.0004873715710211,0.0001460533984423,3.159980137726094e-05,1.9717851808663018,True
72,2,3.611849019618546e-06,0.0940697053342556,10907.630790753925,1.0,4.6438944961912434e-07,2.75e-06,0.0293141467890464,0.0057130899376836,0.0005152924523756,0.0001393300563764,3.0881150270928064e-05,1.9717899742245315,True
321,2,4.6835965829876886e-05,0.2482939152589156,9308.330466936306,1.0,4.616291801996007e-07,2.75e-06,0.0233721703937653,0.0060873094656367,0.0005055768835326,0.0001552515372337,3.145290740650344e-05,1.9731756310109108,True
430,4,1.5702011222708058e-06,0.2606269151392932,7614.265041256295,2.0,4.61790399686603e-07,2.75e-06,0.027745339676504,0.0058271415366267,0.0005188014005743,0.0001359866976222,2.965005162625617e-05,1.9733687619846212,True
14,4,0.0001428080268856,0.2079941955480068,24618.397149199296,2.0,4.599278308672692e-07,2.75e-06,0.0201134324226647,0.0062481204891714,0.003410772123787,0.000207844390754,3.204409801803938e-05,1.9734663455165056,True
450,1,4.612856477691942e-05,0.2812833146566164,10611.6145434575,1.0,4.614664430381559e-07,2.75e-06,0.020967348913251,0.0062099897574165,0.0004987434051139,0.0002493786177757,3.1792639983003905e-05,1.9737482180903732,True
487,0,1.4849505171697205e-05,0.2327993453136191,17932.9858393251,2.0,4.578004079840426e-07,2.75e-06,0.022750553924607,0.0061233662239892,0.0005059742368398,0.0001623354295624,3.186818138101758e-05,1.9740945719458298,True
49,2,2.2013153255665453e-05,0.2115718802562985,18275.003807251625,2.0,4.542273157703473e-07,2.75e-06,0.0239169576038325,0.0060620189352028,0.0005002298243604,0.0004006541983509,3.182916760698895e-05,1.974301647536592,True
138,1,5.7233215094404574e-05,0.1769434261512128,4250.320094081852,2.0,4.578350834365722e-07,2.75e-06,0.0228959238923313,0.0061175070429814,0.0011166809807201,0.0003344173561837,2.609819130533576e-05,1.9745483649430928,True
63,4,5.880865266804993e-06,0.1634310713476872,8741.129872222635,1.0,4.638359661485781e-07,2.75e-06,0.0269733239384615,0.0058824450452792,0.0005183955199183,0.0001358426540999,3.10567296663523e-05,1.9746975390085089,True
466,1,9.89280602583272e-06,0.0583170675966074,22100.95276757498,3.0,4.595252332182897e-07,2.75e-06,0.0231427675389413,0.0061053492191032,0.0005327559593763,0.0003405256395658,2.958324505895021e-05,1.9747564160668618,True
55,4,1.2578840609182193e-05,0.2767185976543848,7828.129388252735,1.0,4.554599227312814e-07,2.75e-06,0.0221500658244507,0.0061584063793179,0.0005085170348132,0.000339480153257,3.140977769919987e-05,1.9753184294431554,True
37,3,4.48818457177244e-06,0.1827768771920961,15374.601881286366,1.0,4.600754404570242e-07,2.75e-06,0.0215999025994659,0.0061855264832831,0.000513184417959,0.0001830712542122,3.20902847592782e-05,1.9753199743168404,True
416,1,5.77139373088305e-05,0.1074353338504225,20876.138916869942,1.0,4.664021454849057e-07,2.75e-06,0.0266863590018106,0.0059055846630028,0.0005409047174586,0.000135922245732,3.1968476868583395e-05,1.9759919727204147,True
301,2,0.0001019406870026,0.1188259402873355,18232.20437179014,2.0,4.661673193776775e-07,2.75e-06,0.0272706926827676,0.0058692425093776,0.0027672648616745,0.0001389093697805,3.1548618780748534e-05,1.976223652463359,True
202,0,3.316050545468947e-05,0.2942083458438647,24837.55943256225,3.0,4.566758123997873e-07,2.75e-06,0.0208755478231165,0.0062248271147256,0.0005074547268214,0.0002392129190094,3.2061027195836807e-05,1.9766416511293383,True
323,4,3.092830303184244e-05,0.185078323159813,22544.966928812388,2.0,4.559871858910791e-07,2.75e-06,0.0240738226485555,0.0060629897190423,0.000498134260317,0.0001490609619976,3.1975221871126084e-05,1.976871559202408,True
130,0,5.265856642263319e-05,0.1674376874693003,4893.66262803822,2.0,4.571061838500552e-07,2.75e-06,0.0256446929720153,0.0059759383177585,0.0007265679107151,0.0004108060524331,2.415388250174761e-05,1.9777100556778315,True
219,0,4.244103775064155e-05,0.2745189051318336,18126.445510493795,2.0,4.572294170429842e-07,2.75e-06,0.0219791022671707,0.006176305646287,0.0004888104412656,0.0001761378482845,3.1909745391572835e-05,1.9778742572021077,True
265,1,4.922966957907322e-05,0.1707357762008734,22713.49342580505,1.0,4.550113437172561e-07,2.75e-06,0.0210854964814057,0.0062200077276939,0.0004960113039226,0.0002030692546087,3.225766680512747e-05,1.9780202798292574,True
152,2,6.967528280042084e-05,0.0618539340236689,8361.886603645416,1.0,4.693692517454903e-07,2.75e-06,0.0208492915957213,0.0062311090296199,0.0017985438675434,0.0001664256320792,2.9487727246890256e-05,1.9780310227251054,True
51,4,3.899965271375476e-05,0.2092990710671818,19430.47731697093,2.0,4.6672251471042157e-07,2.75e-06,0.0244508174506464,0.0060481164783613,0.0004855039203687,0.0001454683565006,3.184789920950784e-05,1.9785083598068627,True
65,1,6.957646628197722e-05,0.0896740926250819,5594.831076505641,1.0,4.57957842068226e-07,2.75e-06,0.0213605676300012,0.0062126115959845,0.001741897854299,0.0002726277426973,3.1291611061157704e-05,1.9795714278919936,True
412,2,7.302109798335767e-05,0.2129057584146429,24290.04589211996,1.0,4.528518958434319e-07,2.75e-06,0.0213724718614918,0.006212995006683,0.0005443183052073,0.0003000300798709,3.2262310398957856e-05,1.9798321278511073,True
470,0,0.0001078976968691,0.1437309883607296,17574.723991616498,1.0,4.627182721747877e-07,2.75e-06,0.0301356782207108,0.0056856910564806,0.0019326833102364,0.0001464406984927,3.1450519775762306e-05,1.9798842311341727,True
286,3,6.068067241163307e-05,0.2209717786377584,24912.7723015693,2.0,4.67723708171889e-07,2.75e-06,0.0237084512934358,0.0060954780312578,0.00052683396586,0.0001515381449441,3.206412877424878e-05,1.980226293731886,True
304,3,5.038788859786311e-05,0.1173545404041385,7324.355807002248,2.0,4.5427259434040427e-07,2.75e-06,0.024793904134024,0.0060353665620357,0.0006497483332428,0.0003851481909634,2.585081000495025e-05,1.9802896384690687,True
170,3,1.9003403100948943e-05,0.2689124947765285,17109.28325350662,2.0,4.5957503323445874e-07,2.75e-06,0.0221883515046609,0.0061782002949093,0.0005059757248004,0.0001730516625345,3.1888106473618845e-05,1.9812202199681694,True
258,3,5.687572342916079e-06,0.1131989402727904,9641.714752575095,3.0,4.5610241355340313e-07,2.75e-06,0.0209682508264928,0.0062384973374102,0.0005360346764023,0.0001930053706853,2.5975875317388356e-05,1.9815831385003604,True
79,0,6.911709814931746e-07,0.1512347576926697,5431.097805398487,2.0,4.652452035751573e-07,2.75e-06,0.0253352211801121,0.006016650956915,0.0004705708321328,0.0001350548581366,2.425915531746126e-05,1.983628277747672,True
444,1,3.397400278778747e-05,0.0601278646176228,21531.69871706159,1.0,4.668434209505759e-07,2.75e-06,0.0296677962650123,0.0057365838393425,0.0004909924917796,0.0001392795133739,3.1747635512803473e-05,1.9841125810277258,True
469,0,4.400286312941008e-05,0.1622230185428177,11177.615231679967,3.0,4.669501500112781e-07,2.75e-06,0.0309838145394804,0.0056407603621169,0.0005222959251104,0.0001509625168661,2.868044274030481e-05,1.9845453387707257,True
176,4,3.102500167449012e-05,0.2606631544633286,16310.736997241716,2.0,4.458418207281246e-07,2.75e-06,0.0233168459798777,0.0061326479474919,0.0004951270054917,0.0003861986581204,3.1770532234475184e-05,1.9845905864430449,True
125,3,2.7832960963909735e-05,0.0911746312637382,14861.911714707154,3.0,4.659923229448474e-07,2.75e-06,0.026384517366525,0.005957562147989,0.0005072648559194,0.0001375337567165,2.854236191819885e-05,1.984663149313588,True
70,4,1.082832587309087e-05,0.1518954965304017,22720.382520030627,1.0,4.547506616332968e-07,2.75e-06,0.0214153282512771,0.0062327187540754,0.0005082746389204,0.0001906005394015,3.229468092305079e-05,1.9857903289203351,True
319,4,6.043697473401744e-05,0.2968349225017544,10751.215615450055,1.0,4.629729601730492e-07,2.75e-06,0.0227196361430321,0.0061695405945519,0.0005371852222076,0.0001627998565467,3.1750047752262626e-05,1.9861618375034653,True
250,4,3.389722392167463e-05,0.1949669681621227,6819.391575526594,3.0,4.6967083916186934e-07,2.75e-06,0.0288891681770594,0.0058008547698506,0.000446955053479,0.0001425301197235,2.5084051359278534e-05,1.9864736857957193,True
340,0,4.671728257408946e-06,0.1491257758003191,8009.976140553643,3.0,4.698799616363858e-07,2.75e-06,0.0248190180619201,0.0060572227505874,0.0004952726165041,0.0001363528899988,2.5762517239719065e-05,1.9864801944076873,True
358,3,1.4068980420668788e-05,0.1167649186128821,3329.866211198545,1.0,4.633446119357395e-07,2.75e-06,0.0210524377101435,0.0062528445942932,0.0005119915360924,0.0002143119165667,2.2411782053707346e-05,1.9866021389017592,True
242,2,6.798846830333404e-06,0.2638941215936429,22195.31138842411,2.0,4.568610264198883e-07,2.75e-06,0.0209255729530443,0.0062597519506812,0.0005035840659551,0.0002369168443185,3.215989670741997e-05,1.9868737053124124,True
275,2,5.211947754724724e-05,0.1006989598495468,16993.16617212025,2.0,4.747444226721731e-07,2.75e-06,0.0320116479534822,0.0055709825560017,0.0005574728782772,0.0001545737646732,3.0648051316556434e-05,1.9871366336153315,True
110,4,5.7046927368390856e-05,0.2199200092926908,24599.73380510222,2.0,4.567311651910576e-07,2.75e-06,0.023937326352893,0.0061097936687083,0.0005158582448689,0.0001510048375351,3.2053923689134254e-05,1.9873987705448877,True
255,1,4.6450398791985285e-05,0.1870458696663711,14795.86247188619,1.0,4.597755704860192e-07,2.75e-06,0.023731567781632,0.0061220798978886,0.0004956235724609,0.0001511395661463,3.1947014660338635e-05,1.9877035673034111,True
145,1,3.145913830702593e-06,0.1728086132997739,6006.07512650131,3.0,4.555014961516347e-07,2.75e-06,0.0233425405348101,0.0061449634288026,0.0005677634579826,0.0003467199069705,2.291776547267433e-05,1.9882751125379015,True
178,0,4.322120692409085e-05,0.2252838289043792,18820.40038697975,3.0,4.648769436624825e-07,2.75e-06,0.0273540624343947,0.0059115129880971,0.0004927466891353,0.0001350591218966,3.142321410055582e-05,1.9885682046668445,True
93,4,1.7664602337685713e-05,0.2170687744426175,20676.84300882825,2.0,4.636588031170677e-07,2.75e-06,0.0236760028000514,0.0061293020085594,0.0005095888406029,0.0001535476684624,3.1996073729699385e-05,1.9888405389570907,True
128,4,0.0001752861869215,0.128048898520676,24648.68869868728,1.0,4.5650581633913306e-07,2.75e-06,0.0213565801833111,0.0062480019842552,0.0033829229220549,0.0003051642682766,3.173914110830366e-05,1.9892080819334435,True
345,2,1.031415982057899e-05,0.2588768008789534,15509.25537974351,3.0,4.6567917492266367e-07,2.75e-06,0.0267267302679885,0.0059612236418683,0.0005038649397958,0.0001359431699246,3.125218829963656e-05,1.9911631635422038,True
216,4,3.774241229007055e-05,0.0692324197864511,20568.2050164481,2.0,4.680605165569049e-07,2.75e-06,0.0310918658772075,0.0056602880629634,0.000483037336667,0.0001518255455318,3.067403728574267e-05,1.991430550578373,True
447,3,2.337703758333658e-05,0.1670414292833635,21150.574902868357,1.0,4.566228185427603e-07,2.75e-06,0.0217635347546398,0.0062367365613217,0.0005061605491668,0.0003231225303827,3.2267617233766256e-05,1.9914722937643523,True
88,4,8.509773206491614e-05,0.1644502617101363,15934.470386599884,3.0,4.71028622002997e-07,2.75e-06,0.0337116884695777,0.0054486533634626,0.0014656540284865,0.0001711358382367,3.014288247552913e-05,1.9916438281997257,True
311,0,3.704775300935662e-06,0.2215307448272329,12696.568163124428,2.0,4.495094784375266e-07,2.75e-06,0.0271323135074658,0.0059411846523271,0.0005045030477876,0.0004737422000076,3.121685081443434e-05,1.992591192898476,True
224,3,1.644447000631562e-05,0.2298148304412895,14888.016100733948,1.0,4.559349938756476e-07,2.75e-06,0.0210954947165899,0.0062736458476015,0.0005089049510421,0.000264995827478,3.214041456002729e-05,1.992864490670443,False
363,4,7.894431181758764e-06,0.2469884915379053,19406.918890290934,2.0,4.615326542109498e-07,2.75e-06,0.0229790822321307,0.00618291878108,0.0005083657645678,0.000159930107517,3.2007330993317865e-05,1.9933951337386984,False
415,0,5.557433476207628e-05,0.2561296617597229,17667.65922767743,1.0,4.582902070778205e-07,2.75e-06,0.0209878332261118,0.0062827780413213,0.0005032380589923,0.00021126152027,3.219610443698977e-05,1.9939944626368649,False
51,0,6.467763218979501e-05,0.1039911017627776,16812.453721456113,3.0,4.6564306294227245e-07,2.75e-06,0.031966733439735,0.0056038203221764,0.0008172847721319,0.0001616536207436,2.9366759218108737e-05,1.9942981035325882,False
19,1,4.106526876969139e-05,0.1819732315300179,21527.340752092237,2.0,4.607408802687746e-07,2.75e-06,0.0260767657438371,0.0060140940584457,0.0004836002782942,0.0001375680945121,3.188016588915424e-05,1.9945737895575268,False
316,4,1.5494915964435794e-05,0.162469940917028,7502.381708738088,2.0,4.638570632319018e-07,2.75e-06,0.0304457924872185,0.0057229512764198,0.0004955518886823,0.0001471477272309,2.793680612124313e-05,1.9949403832422645,False
445,2,3.142914156137086e-05,0.2131537835718841,17817.662194007233,1.0,4.597481919017679e-07,2.75e-06,0.0211344190550288,0.0062799348102903,0.0004995322545274,0.0002750864615636,3.222703816429752e-05,1.9950904748739335,False
269,2,2.1128281700577373e-05,0.0585906199780658,22905.419661981,3.0,4.669540737913188e-07,2.75e-06,0.0248274693280271,0.0060895222755747,0.0005308326029748,0.0001349113100749,2.9705842498077817e-05,1.9951998212354571,False
176,0,1.6691237627660818e-05,0.1015600139454003,20093.298930329307,1.0,4.591311401848026e-07,2.75e-06,0.0264052787398946,0.0059973595705675,0.000510912559829,0.0001364736889613,3.204135935179004e-05,1.9954203729418878,False
218,0,2.5555604992638183e-05,0.197423273968255,20346.356496165547,1.0,4.6062752607763146e-07,2.75e-06,0.0209313242077929,0.0062909003896205,0.0005053491179986,0.0002352993538217,3.2291315235331545e-05,1.995506673401041,False
15,4,8.259681905226887e-06,0.1228568567417474,3832.3204239676497,1.0,4.5115775107315645e-07,2.75e-06,0.0274792074938908,0.0059392678768469,0.0004912039366009,0.0004520522078881,2.474579012828712e-05,1.9978498777599183,False
349,0,9.231086500818156e-06,0.2755902356289921,8997.769297467412,1.0,4.6330998750613283e-07,2.75e-06,0.0228059273224992,0.0062100912139668,0.0005096919347062,0.0001631145297547,3.166925846855295e-05,1.9983429951249831,False
399,2,3.417340488362931e-05,0.2322087833968527,21859.73216951844,3.0,4.621072878474797e-07,2.75e-06,0.0260811369172054,0.0060283164271078,0.0005001113707625,0.0001379433831266,3.175543689814195e-05,1.998383163513075,False
29,1,1.623550707558846e-05,0.0735959274111655,18567.09992875899,1.0,4.6475326702292126e-07,2.75e-06,0.0295347814086335,0.005803202013604,0.0005071340646235,0.0001392130269794,3.173535907914291e-05,1.9985463164423363,False
258,1,1.921271254658599e-06,0.0529522257874652,24818.42779073467,1.0,4.6689954307840446e-07,2.75e-06,0.0298829179115802,0.0057796371929951,0.0005168316444048,0.0001399618718633,3.191759633992371e-05,1.9988668185248766,False
285,2,3.228406081327562e-05,0.0961528453817766,11250.473627142395,3.0,4.5851985790011837e-07,2.75e-06,0.0216038574374251,0.0062757779255835,0.0004620009846994,0.0002766046941914,2.643349612292234e-05,2.0000403495033603,False
211,3,9.333614457780976e-06,0.1773466112145333,8571.342892141296,2.0,4.637563154568572e-07,2.75e-06,0.0315797987169305,0.0056583699125931,0.000501704774486,0.0001506820029712,2.9174631488317115e-05,2.0002450569214325,False
111,0,1.825451934153436e-05,0.131817705811351,19693.036868031824,3.0,4.6818485357585675e-07,2.75e-06,0.0307981817085119,0.0057181492948741,0.0005115041971557,0.0001463365330296,3.094163997065811e-05,2.0002910877527302,False
351,0,1.982988652562944e-05,0.2946809348250823,24708.85944633613,3.0,4.609160778498111e-07,2.75e-06,0.022677350053812,0.0062254268009122,0.000505284670582,0.0001652332160395,3.207063468047138e-05,2.000728044481831,False
211,4,2.120277309362381e-05,0.2748774395303939,4941.126861620567,2.0,4.7259641010491814e-07,2.75e-06,0.0313446123028631,0.0056784831658191,0.000494275503967,0.0001488963147716,2.667612656689489e-05,2.0007296368193135,False
238,0,8.549452134124716e-05,0.2132207807731415,23782.403448604386,1.0,4.628057736492712e-07,2.75e-06,0.0249801491952138,0.0061021297935404,0.0006125925521522,0.0001427469305453,3.218889713487315e-05,2.000861202756139,False
180,4,2.6165557904621834e-05,0.2270026741847081,13301.95386695906,3.0,4.685806622350362e-07,2.75e-06,0.0296931060277935,0.0058021674054231,0.0005024443462236,0.0001396133302431,3.0561823732154245e-05,2.00112726215654,False
294,0,2.7747489194854825e-05,0.1863993047439889,3541.370733742635,2.0,4.682837413052989e-07,2.75e-06,0.0222364446199321,0.0062492740767178,0.0005058369557949,0.0001455986233264,1.9640529846191175e-05,2.0012100458502715,False
189,3,2.6904075579656037e-05,0.1854270915610875,8173.476804072051,2.0,4.753152080814479e-07,2.75e-06,0.0315630178147587,0.0056680920980404,0.0004914037710467,0.0001502690376352,2.9048530815840868e-05,2.0023229992907976,False
149,0,0.0001164991943514,0.2739371073304696,21802.58567912069,3.0,4.656213169757602e-07,2.75e-06,0.0277458070339878,0.0059401091653957,0.0027772035397153,0.0001384434557766,3.182850671041629e-05,2.0025301949000562,False
50,0,9.6276774966878e-06,0.0776421771271634,11115.587923623869,2.0,4.6431224525724994e-07,2.75e-06,0.0241573543625019,0.0061543033694878,0.0004996693984,0.0001376793658811,2.786126589611415e-05,2.002544046260042,False
31,2,9.52584314758481e-06,0.2379222073319749,11106.088279368954,2.0,4.664301570968155e-07,2.75e-06,0.0280408007100395,0.0059224572709254,0.0005047128811853,0.0001360895685524,3.0929479282418184e-05,2.0029534068641413,False
460,4,6.131559697964241e-06,0.2662139756909633,19658.05512703089,3.0,4.659126450538687e-07,2.75e-06,0.0254779633145417,0.0060829517209566,0.0005087111051649,0.0001394642580043,3.173442278645298e-05,2.003378527353512,False
16,4,1.2157288270679594e-05,0.1993178004294878,17869.232534312076,3.0,4.420592738401317e-07,2.75e-06,0.0289594165057569,0.0058630010059634,0.0005156735804492,0.0005037010968161,3.1256291340514736e-05,2.003549462794752,False
379,0,5.0218263142946593e-05,0.1825356327546901,15363.135332296117,3.0,4.684559762909727e-07,2.75e-06,0.0317147783048616,0.0056639541671264,0.0004974345834072,0.0001500216338949,3.053151002797977e-05,2.0042086696198256,False
53,3,1.9914851876901207e-05,0.2596102304816874,22630.651419455757,3.0,4.6153051389253305e-07,2.75e-06,0.0248096778877286,0.0061251648761524,0.0005087580062844,0.0001431926367027,3.190284714799414e-05,2.0044234954753084,False
318,0,7.051769285246827e-06,0.0860905574926529,5323.069515795627,1.0,4.736004965937997e-07,2.75e-06,0.0249999522381746,0.0061148031367352,0.0005189569384789,0.0001351593748211,2.611065054723692e-05,2.004531407541398,False
235,4,5.872026518030729e-05,0.2113789126798839,18393.636436130597,3.0,4.6062059356563805e-07,2.75e-06,0.0299712316010988,0.0057960818375908,0.0005262255053441,0.0001401256024907,3.120598256606614e-05,2.004613754792884,False
143,2,0.0001834385767568,0.1204018668408255,24125.512257763858,1.0,4.543400056132205e-07,2.75e-06,0.021228566467805,0.0063170835717176,0.0035380382680996,0.0003014526675541,3.179884628328102e-05,2.006496083728661,False
389,4,2.0002748868863496e-05,0.1989441672572509,6089.07810516971,2.0,4.525669997817213e-07,2.75e-06,0.0315667135765333,0.0056885828434142,0.0004848074861943,0.0005314493704832,2.7132728444092783e-05,2.0074539645026395,False
399,4,0.0001777541024923,0.1387266777906149,22986.72068571433,1.0,4.5518350442582293e-07,2.75e-06,0.020626946903331,0.0063486523143257,0.0035621195961353,0.0002654463943164,3.1940738721709254e-05,2.0075754178643006,False
91,1,3.94904346766072e-06,0.1892204735158261,24822.585839941887,1.0,4.560024959346272e-07,2.75e-06,0.0209767263615359,0.0063335528549385,0.0005088565419454,0.0002255671519881,3.238579543955448e-05,2.0078112282824243,False
375,2,0.000163785064898,0.1191852147986409,21570.221172727957,1.0,4.563053346843746e-07,2.75e-06,0.0203617888095832,0.0063616873661909,0.0036122009458451,0.0001862041235282,3.204592398911552e-05,2.0078913442756825,False
465,1,9.219762889528018e-05,0.1228146205391851,7892.968800157786,1.0,4.683689348319909e-07,2.75e-06,0.028239721473264,0.0059294587355153,0.0026742137634692,0.0001466969417232,3.579770008375322e-05,2.008141515755043,False
366,3,5.9515772288032646e-05,0.0454227131282737,20758.4300442377,2.0,4.646593392540226e-07,2.75e-06,0.0250287786564731,0.006127384399618,0.0010267128346844,0.000136433098933,2.9444260409226543e-05,2.0083139481882872,False
142,1,6.995168438912539e-05,0.2360930110183471,20067.227282718955,2.0,4.6150878141697874e-07,2.75e-06,0.0277585542027362,0.0059644363110812,0.0005798499817571,0.0001353826915162,3.180428005728196e-05,2.0090389190969304,False
324,2,5.737462975275175e-06,0.2506052425127884,16974.35514434789,1.0,4.595581320929512e-07,2.75e-06,0.0209344951745199,0.0063401513446998,0.0005089094497735,0.0002258038845737,3.227046648788884e-05,2.0090922899314947,False
25,1,3.676807734663712e-05,0.1111240964857971,11254.411762726666,1.0,4.648334959428787e-07,2.75e-06,0.0310079834709529,0.0057409239484234,0.0004984102375158,0.0001458430616838,3.102372900409952e-05,2.009886348186834,False
167,1,1.1280408271656344e-05,0.251855233039992,12757.414657792087,1.0,4.6658352848271997e-07,2.75e-06,0.0225341614987139,0.0062669693846111,0.0005077692827262,0.0001672038183267,3.2052444379563194e-05,2.0100535150657817,False
128,3,1.559666311830299e-05,0.0387014617622515,22875.10264308627,1.0,4.636333061247281e-07,2.75e-06,0.0317100472055397,0.0056898353354487,0.0005086453604241,0.0001526391220458,3.1516329824720535e-05,2.0105002094173092,False
92,2,4.460905410345647e-05,0.1622454087646097,13464.7016824733,1.0,4.469165786827959e-07,2.75e-06,0.027142605623258,0.0060093433826513,0.0005003807193638,0.0004769576210246,3.17498705402829e-05,2.0105026999567057,False
44,3,5.107798545026376e-05,0.1698849874476919,5660.571067702397,3.0,4.637439703827682e-07,2.75e-06,0.0207886935813246,0.0063526581942797,0.0005996531185445,0.0001890262931694,2.221529119962405e-05,2.0107008595867506,False
109,4,6.706692178406555e-05,0.1949456026552511,2382.718139905289,1.0,4.55533241560351e-07,2.75e-06,0.0268940589538136,0.0060263858055142,0.0016610226358261,0.0004264390868185,3.920095763218381e-05,2.010900780707576,False
195,4,3.543013323909052e-05,0.1864857734878963,16369.953408861478,2.0,4.582736043808018e-07,2.75e-06,0.0285875518407915,0.0059196389677053,0.0004901684942171,0.0001363777266193,3.147992429361564e-05,2.0115797788409977,False
353,0,8.684958226539166e-06,0.2456972351081799,17659.830711614588,1.0,4.605415822999018e-07,2.75e-06,0.021161192840312,0.0063407997011245,0.0005071434499143,0.0002892773164251,3.228889994724199e-05,2.0121480135409873,False
330,0,1.3129210242895848e-05,0.2587554179749312,2270.937883199248,2.0,4.644322392817283e-07,2.75e-06,0.0228681167118629,0.0062602681133633,0.0005024258250821,0.000323281810878,1.7348728381465806e-05,2.012803888442765,False
379,4,3.570440881646308e-05,0.2538908660931944,16405.787590112282,3.0,4.647596547283882e-07,2.75e-06,0.0281535733109035,0.005955924202458,0.0004978920857467,0.0001357335897344,3.1295978945546016e-05,2.0134968452529454,False
211,1,0.0001130475044062,0.0916708259133066,24305.998350687067,2.0,4.472137885482685e-07,2.75e-06,0.0268463361190658,0.0060406545817321,0.0030534927803175,0.0004306394439553,3.137066474675242e-05,2.013858464998208,False
77,1,6.231007471634486e-05,0.1646268776727714,11212.753584637452,3.0,4.7033235706175524e-07,2.75e-06,0.0338992119095452,0.0055256004841108,0.0007043899135768,0.0001726414303231,2.847284358119224e-05,2.0138643642646468,False
187,3,3.215843893554666e-05,0.2353735193311074,4776.84836219088,3.0,4.574586998595084e-07,2.75e-06,0.0292419676963806,0.0058854600795421,0.0005053865805943,0.0004769903283069,2.15109287188626e-05,2.0142386688394898,False
396,0,2.4920158631444333e-05,0.2477169670374299,8683.969732150697,1.0,4.50573938957563e-07,2.75e-06,0.0255579618974084,0.0061205389871308,0.0005021492592095,0.0004422580566067,3.1450180026506234e-05,2.01456507573058,False
237,3,5.793588556733193e-05,0.1792512470193167,20182.83410354873,1.0,4.624273857553912e-07,2.75e-06,0.0247345531455832,0.0061677371772455,0.0005170031730486,0.0001444584609733,3.216326791309824e-05,2.014654712996185,False
280,4,4.249275797947004e-05,0.1126991302868123,15400.712871549282,3.0,4.715503318531566e-07,2.75e-06,0.0319200759989255,0.0056914052547541,0.0004994841035923,0.000157386346873,2.9413418676866303e-05,2.014912687424139,False
15,3,9.76280216960166e-06,0.0906995969500736,14368.140046633229,2.0,4.6737818929043335e-07,2.75e-06,0.0317528736303774,0.005707278450822,0.0005004543979787,0.0001556200641627,3.0018317387906585e-05,2.015624279540561,False
288,1,8.523955615823312e-05,0.2421132640433362,13613.2453481652,2.0,4.73538370635451e-07,2.75e-06,0.0333606154135497,0.0055813424359336,0.0012757733337902,0.0001621249556933,3.0890889201397e-05,2.0163607923846665,False
10,4,3.26507570107442e-05,0.2569128970955974,12119.711476598712,1.0,4.631469021640183e-07,2.75e-06,0.0234297390553651,0.006245116503061,0.0004964646252511,0.0001555423688528,3.196039144951148e-05,2.016528005564511,False
208,1,3.752048761716935e-05,0.1777580748643062,20393.83587390028,1.0,4.4801919312139093e-07,2.75e-06,0.023621260315083,0.0062352062753188,0.0004965224082586,0.0003953631857631,3.223800305241938e-05,2.0165630908362444,False
369,4,2.2572221589776453e-06,0.2389973890044433,14254.623779317304,1.0,4.599211958919259e-07,2.75e-06,0.0228541858352271,0.0062774965135582,0.0005116146808483,0.0001626817509407,3.2137689281370114e-05,2.017285812802332,False
440,1,1.8054170102101943e-05,0.1962943249074656,19997.18157035326,1.0,4.503364572248625e-07,2.75e-06,0.0226403478163264,0.0062884931977119,0.0005048453001145,0.0003667052638018,3.2286318792522344e-05,2.0173486099700098,False
88,2,3.303831330871895e-05,0.2349902467561498,18383.29430563927,2.0,4.6576730363834084e-07,2.75e-06,0.0258832895830872,0.0061120530040299,0.0004890649013473,0.0001387670655906,3.186897592105535e-05,2.017352850451716,False
253,3,6.077483641704378e-07,0.1376744025415805,7310.595419914028,3.0,4.635422994071327e-07,2.75e-06,0.0231026699556207,0.006267113437918,0.0005466510479055,0.0001407943302537,2.407950428127904e-05,2.017902580423022,False
65,3,6.95199849886541e-05,0.1660811937419323,2688.559406074491,1.0,4.654468854195197e-07,2.75e-06,0.0213594933271606,0.0063527460464639,0.0021028101640452,0.0002636808039966,4.43336416878035e-05,2.017965767634725,False
111,2,2.1396325261373323e-05,0.0231872692429612,22717.806120695725,1.0,4.637553245393509e-07,2.75e-06,0.0272555925033537,0.0060325642172036,0.0005163065638152,0.0001372882985947,3.072092597818357e-05,2.0184042079998075,False
24,1,7.330396255253156e-05,0.1695187321939412,14478.877164318725,2.0,4.459097379284444e-07,2.75e-06,0.0342504484483112,0.0055174119332399,0.0008919053700255,0.0005754285285118,3.073513474804569e-05,2.019105760213399,False
249,4,6.761947835793032e-05,0.0565200697246361,19299.311020874527,2.0,4.679362299607662e-07,2.75e-06,0.0297096692977792,0.0058755177987457,0.0013103715379673,0.0001513713361493,2.9613171786112695e-05,2.019998092728872,False
113,1,4.118047467887605e-05,0.1482273818613947,22284.669511792075,2.0,4.6612207277751726e-07,2.75e-06,0.0293943919453344,0.0058980608190022,0.0004835837630423,0.0001374365690438,3.1783732909003795e-05,2.020133968195477,False
191,3,2.411933889200767e-05,0.1223936368208863,8468.022649557843,3.0,4.5609813279870645e-07,2.75e-06,0.02097395316917,0.0063816243119918,0.0005360392100042,0.0002273638365563,2.4789099441900572e-05,2.021005294121528,False
347,0,2.544103734330089e-05,0.2650864074864866,19397.539772583827,1.0,4.553662889497587e-07,2.75e-06,0.0210467770695401,0.0063800787615523,0.000505791523907,0.0002649462693946,3.2334072510300585e-05,2.0214976986040614,False
222,3,1.380941221437858e-05,0.2441049208363645,20629.225057424905,1.0,4.5527838343792683e-07,2.75e-06,0.0212117875441408,0.0063725968562805,0.0005079267932843,0.0002838475284099,3.235461049071455e-05,2.0215311233089253,False
294,4,9.62458535756547e-06,0.1940249761426994,3274.383372082084,2.0,4.667329399427232e-07,2.75e-06,0.0224767516975517,0.0063125557620483,0.0004771930079927,0.0001438058876928,1.9177727599289927e-05,2.021678763514916,False
267,0,0.0001843201419931,0.1957625135915079,23402.57348601491,1.0,4.53952186851267e-07,2.75e-06,0.0219743248980222,0.006337700271457,0.0034373650719309,0.0003289022890267,3.196208568368508e-05,2.02184111173729,False
342,2,1.2525191001846932e-05,0.2305788499076064,12694.237388054327,1.0,4.578542353281361e-07,2.75e-06,0.0241717405893382,0.0062277545978643,0.0005068765155083,0.0001493583562094,3.199725751889266e-05,2.022456084629002,False
61,2,3.660577113808618e-06,0.1807668944951884,18667.793468962347,1.0,4.593774801729732e-07,2.75e-06,0.0239054347721374,0.0062420642568893,0.0005111538899619,0.0001512053011937,3.22350801092961e-05,2.0224647994083362,False
491,4,4.1459371228326175e-06,0.2415514795924911,22332.867808769897,1.0,4.5846274147529997e-07,2.75e-06,0.0210402968792719,0.006386750300768,0.0005093514240835,0.0002081209064768,3.238974596352179e-05,2.0232521193060133,False
479,3,5.532657271888624e-05,0.1407059887389779,22913.78907600266,3.0,4.622170497413669e-07,2.75e-06,0.0325924497755276,0.0056745753868847,0.0005356273803833,0.0001544337366198,3.125113673011881e-05,2.0238052416763104,False
480,0,5.699982036199765e-05,0.21517662076428,11228.66178571759,1.0,4.675792178020596e-07,2.75e-06,0.027752242182742,0.0060233979423999,0.0005395055813285,0.0001352905714973,3.1618608972980646e-05,2.0242145947606747,False
34,1,7.435364100471347e-06,0.1955418354469571,21995.481156827787,1.0,4.508485177838056e-07,2.75e-06,0.0227021154815264,0.0063125506057245,0.0005091249894873,0.0003692458829483,3.23406908955817e-05,2.0247282893952425,False
54,0,6.214306097359015e-06,0.0564630063284355,13920.502747851951,2.0,4.546631615502515e-07,2.75e-06,0.0211467511466008,0.0063886034736558,0.0005132987235905,0.0002603395975217,2.8240346181085467e-05,2.0251071167525874,False
203,0,5.915036962771787e-05,0.1361820649483038,16382.986384365617,2.0,4.682522380444961e-07,2.75e-06,0.0338272374983065,0.0055786617081907,0.0005993773899429,0.0001638476120915,3.093232115104502e-05,2.0251211654445966,False
185,0,0.0001069367863485,0.1192911033659554,17048.355449000264,2.0,4.545107005738394e-07,2.75e-06,0.0225003121572057,0.0063243433593225,0.0035549269879317,0.0003314764360008,3.415044393996088e-05,2.025205794892988,False
475,1,7.133038274531507e-05,0.192599021725093,24508.512749807214,3.0,4.584874655068759e-07,2.75e-06,0.031764636094143,0.0057478261966177,0.000607612108466,0.0001489254250531,3.156783345452142e-05,2.0258696604847968,False
482,3,2.7880954129490183e-05,0.0206797692165242,22200.522060941104,1.0,4.539673361389714e-07,2.75e-06,0.0243154193600637,0.0062336671502739,0.0004656238195644,0.0003680797706263,3.0406323294921185e-05,2.0261293405675547,False
107,1,9.40866560575744e-05,0.1809318422670986,24332.342904742956,1.0,4.6547986650054163e-07,2.75e-06,0.0292595530442204,0.0059313234083982,0.0007800392250155,0.0001379987497847,3.208792613759292e-05,2.026243167286889,False
392,1,3.779105509572766e-05,0.0715095927139985,5570.219113653588,1.0,4.603157071654817e-07,2.75e-06,0.0220404757539759,0.0063520859046814,0.0005049251032381,0.0001520543083876,2.520582188965016e-05,2.026644895540395,False
140,4,0.000120265937784,0.1872873658924203,14694.934102432828,1.0,4.540434546436254e-07,2.75e-06,0.0288273645277481,0.0059623613396631,0.0027720805903283,0.0004828166520833,3.2063997119609355e-05,2.0266748804438093,False
299,0,3.662453312521632e-05,0.1585934805257731,24132.4250976576,2.0,4.4898387803477925e-07,2.75e-06,0.028286933067746,0.0059990818635403,0.0004927463282233,0.0004972484124363,3.196200554043e-05,2.026890421494221,False
178,2,5.1096248396255415e-05,0.2534859607887841,11149.589512022503,3.0,4.6784710037204526e-07,2.75e-06,0.0321296353587911,0.0057242348294041,0.0005330184065357,0.0001515152391641,2.991512630800675e-05,2.027023963937568,False
269,0,4.077616421628429e-05,0.1464202563604015,20813.63975507273,1.0,4.609603411844825e-07,2.75e-06,0.0258863119279243,0.0061492859604186,0.0004953396380187,0.0001385209767451,3.217563876520419e-05,2.0272418565387826,False
366,1,2.294868973430516e-05,0.1815583438619437,11371.816161526229,1.0,4.478302049248285e-07,2.75e-06,0.0274470603080385,0.006056048654673,0.0005062321524845,0.0004823338989633,3.168029684243978e-05,2.027661098218546,False
100,0,7.246524512962609e-06,0.1283552772247399,21429.851043357783,3.0,4.677951228608745e-07,2.75e-06,0.0325701929998689,0.0056933463064796,0.0005058971799102,0.0001554596903765,3.114414884348521e-05,2.027963417778646,False
9,1,2.348441941103389e-06,0.2913712243566826,18135.614269774225,3.0,4.673649662176305e-07,2.75e-06,0.0266566648063568,0.0061092579779629,0.000509567433793,0.0001358931640392,3.1683735984295435e-05,2.0287931583888548,False
278,1,0.0001995823743766,0.2723663955449602,24287.209055247306,1.0,4.543121381593378e-07,2.75e-06,0.0200995424858981,0.006449377464402,0.003520270822774,0.0002117060414505,3.206754223890372e-05,2.028969807172173,False
330,3,4.26971683428092e-05,0.1441731125485641,10211.420315980777,3.0,4.72098552338568e-07,2.75e-06,0.0315318785022948,0.0057803671122733,0.0004905057500846,0.0001577955661501,2.753340174862265e-05,2.0295307347011597,False
98,1,2.5093589637423108e-05,0.2610632563945601,24871.7088952996,1.0,4.571721020474819e-07,2.75e-06,0.0209075692602038,0.0064183625740819,0.0005065374059845,0.0002269660183601,3.2423132081970894e-05,2.030294378635465,False
261,2,9.796265689697264e-05,0.2119959157433392,9442.228267269324,2.0,4.5034339791957066e-07,2.75e-06,0.025846225199289,0.0061646373682559,0.0033602201628661,0.0004101180025578,4.098612262287121e-05,2.030684193432361,False
232,2,1.856128063108544e-05,0.0505269776217455,21724.79886176723,2.0,4.661874845821487e-07,2.75e-06,0.030191058098733,0.0058860935846328,0.0004931566291304,0.0001494395934271,3.0313717967600875e-05,2.0313053932895295,False
449,2,0.0001346878065985,0.2789674021940476,24709.625860852982,3.0,4.5499906580734086e-07,2.75e-06,0.0203105597913116,0.0064557996207673,0.003687175509016,0.0002508116947562,3.289190492306731e-05,2.0332940004671793,False
228,3,8.625131139012465e-05,0.183165079606287,13087.906560635436,2.0,4.694638361600324e-07,2.75e-06,0.0353360034800099,0.0054828558353691,0.0017235585291726,0.0001821875284295,3.069823833616234e-05,2.0335276634441124,False
81,0,1.30048149890576e-05,0.280931932684471,23017.84126983561,2.0,4.532613013975704e-07,2.75e-06,0.0236814686835049,0.0062949744655445,0.0005070058701429,0.0001537383112744,3.21942053785574e-05,2.0335391997361754,False
41,0,6.662645370014498e-05,0.0359271109499593,15888.910845822702,1.0,4.655752702993911e-07,2.75e-06,0.028958531272982,0.0059807184880574,0.0013911513016716,0.0001493081401841,2.976255150793855e-05,2.0336465510372936,False
355,0,6.6393946994381e-05,0.2835002156986013,5208.921277808104,3.0,4.5058390506735334e-07,2.75e-06,0.0350657068946635,0.005509784823898,0.0010465025442895,0.0005720410172933,2.625113386243727e-05,2.034200955566253,False
438,0,5.547616624284372e-05,0.1276440498906765,15378.927489634263,3.0,4.6878001384291254e-07,2.75e-06,0.034336920410922,0.0055750535273892,0.000577247949509,0.00017441145544,2.9605690586409383e-05,2.0346329897107296,False
455,3,7.076341545461637e-05,0.071927894453295,16787.44478182418,3.0,4.6363551245390956e-07,2.75e-06,0.0208190918184152,0.00644067763408,0.0015160039676357,0.0001858321004294,2.823071620400251e-05,2.035347594555712,False
7,2,2.8676842793745116e-05,0.2563883758864616,6003.213574106008,3.0,4.725840383845012e-07,2.75e-06,0.033066908814045,0.0056870902676039,0.0004896620435878,0.000163426920257,2.557630035500874e-05,2.0361627452909414,False
229,3,1.4444163082555384e-05,0.1283451907890154,5431.110259831158,2.0,4.6394138122053926e-07,2.75e-06,0.0207930013772574,0.0064451324398707,0.0005038879789142,0.0001981959482422,2.289566300391296e-05,2.036253627250544,False
188,1,8.296958820788761e-05,0.2841073332837781,19329.00906372864,2.0,4.688197170793369e-07,2.75e-06,0.0303471357775695,0.0058945392758338,0.0007195706930658,0.0001411307040813,3.1749085911870544e-05,2.036254833394007,False
294,2,1.917732675878221e-05,0.1587707495500351,3885.545249410025,1.0,4.7289107552744893e-07,2.75e-06,0.0329483074588983,0.0056990950521388,0.0005051239274508,0.0001632881741997,2.6164947651311805e-05,2.0367582539299356,False
334,4,5.436828647253727e-05,0.1884951319202797,22304.01867758376,3.0,4.647963058511118e-07,2.75e-06,0.0312450802996058,0.0058315975996577,0.0005156459012891,0.000144489007189,3.151821183410767e-05,2.0369184018266164,False
189,4,1.7510911901962484e-05,0.2278603474741228,9051.745418928593,2.0,4.690834417759197e-07,2.75e-06,0.0316930263018361,0.0057989537853471,0.0004985945786136,0.0001482873230011,3.0091856084252035e-05,2.037183125566733,False
181,0,2.1912334976854966e-05,0.1721701650299305,11334.217252349554,3.0,4.6518578806164237e-07,2.75e-06,0.033363116352495,0.0056707538918008,0.0004975775233015,0.0001633521008237,2.909491408402068e-05,2.038047668839009,False
453,3,6.755762491812886e-05,0.2500104712608371,12604.667102492687,1.0,4.6462759014534433e-07,2.75e-06,0.0276630832515659,0.0060825227232506,0.0005664622206573,0.0001350731657644,3.1802545552583406e-05,2.038103420514361,False
328,3,9.6425925416129e-05,0.0631265461431437,14459.66433686198,1.0,4.649150048036157e-07,2.75e-06,0.0275228191084167,0.0060951417710073,0.0027918774529634,0.000141938629471,3.1460828470630715e-05,2.0390879193501523,False
415,3,1.6137980849116715e-05,0.0428428956649133,19257.784151068125,2.0,4.541018932316236e-07,2.75e-06,0.0234089995986699,0.0063300463030607,0.0005075087226436,0.0003459200341954,2.932833402904715e-05,2.0391992038032054,False
392,4,1.6431638846852656e-05,0.2913097314417648,20052.84251248225,1.0,4.577116725517783e-07,2.75e-06,0.0216838887577782,0.006415654506673,0.0005075956065212,0.0001854255471469,3.237153076279734e-05,2.0394007866867163,False
167,0,1.4396174153342054e-05,0.2909293949533361,24246.606835903563,1.0,4.566040204558241e-07,2.75e-06,0.0211127404661834,0.0064435677849763,0.0005079657125473,0.0002745953845635,3.243685080928396e-05,2.0398079789400247,False
49,0,2.0914267230379948e-05,0.2789005405177527,22506.87908038857,2.0,4.5703487756816923e-07,2.75e-06,0.0243578680645785,0.0062834651921159,0.0005035653908174,0.0001473136194971,3.217212250193987e-05,2.0401120422058314,False
168,3,4.175922104335264e-06,0.2532585843223736,5849.980461052826,3.0,4.697161558143194e-07,2.75e-06,0.0337098303709324,0.0056522957169754,0.0005124380963224,0.0001678013536578,2.537652603305407e-05,2.0404928151960533,False
274,3,7.889200087359135e-06,0.0924043500863924,11155.261047252388,3.0,4.626986578476048e-07,2.75e-06,0.0210228678264363,0.0064504693861367,0.0005682435153071,0.0001750329282224,2.6226058719407123e-05,2.0405843741949297,False
315,1,7.532020501543691e-05,0.0912288393895585,15622.316730888007,2.0,4.668690566864016e-07,2.75e-06,0.034126167663924,0.0056184797542515,0.0016869480975687,0.0001818006616543,2.99051355562835e-05,2.0407405329810846,False
466,4,1.859026209484301e-05,0.2600520572632789,22083.54185169344,1.0,4.626692071701752e-07,2.75e-06,0.0221628855913507,0.0063995572751693,0.0005082089596345,0.0001744879084295,3.238921299447429e-05,2.0412333125756423,False
88,3,5.683903741388112e-05,0.1226944337610068,15257.985766145945,1.0,4.67183575829595e-07,2.75e-06,0.0315401426352914,0.0058276568230999,0.0005529665291222,0.0001466338826818,3.1645659439590315e-05,2.0414437225105275,False
394,1,0.0001111845569514,0.2603005819631923,20786.61944854377,2.0,4.701364872053363e-07,2.75e-06,0.0322250167276923,0.005775876263897,0.0021522108594576,0.0001574759353608,3.151358204082753e-05,2.041581009816641,False
233,1,4.4850927513836256e-05,0.1623542487123154,13612.605761213146,2.0,4.680111254618551e-07,2.75e-06,0.0332196431267221,0.0056984509315549,0.0005114936197387,0.0001584036125483,3.078118378177884e-05,2.0419385289761354,False
166,2,5.546586723799616e-05,0.0732095443314743,12975.87230243493,1.0,4.682668707451225e-07,2.75e-06,0.0349558833278577,0.0055536565772375,0.0006149674296031,0.0001771296733014,3.063765775707145e-05,2.042295765718302,False
311,1,1.878063728238457e-05,0.2499890773807681,17061.643815064323,1.0,4.618368212469082e-07,2.75e-06,0.0235797779206018,0.0063350465398454,0.0005061782054286,0.0001554486765133,3.225843721730853e-05,2.0429354632411663,False
35,2,3.002878016547876e-05,0.0453711724989194,13863.176327563584,1.0,4.713619985150081e-07,2.75e-06,0.0324031469123506,0.005767900289351,0.0004981192314844,0.0001626989916834,3.016842178821065e-05,2.0430328453313975,False
362,1,1.181945558360008e-05,0.1694937629658435,21165.05804858981,2.0,4.501933449598922e-07,2.75e-06,0.0293429290720241,0.0060014787920376,0.0005080681384385,0.0005134219294863,3.189218105661696e-05,2.045625088021687,False
381,3,1.387580303879786e-05,0.241150771860801,22828.072253755054,1.0,4.619956054695096e-07,2.75e-06,0.0227621101101156,0.0063877355315385,0.0005067031667638,0.0001646928006424,3.239129902101077e-05,2.0459943505043094,False
115,1,9.93998835490669e-05,0.1128733723690384,14390.012489630228,2.0,4.666952918666477e-07,2.75e-06,0.0230970590215251,0.0063721325224459,0.0034483279149007,0.0001407764523321,3.517763612720141e-05,2.0463033481625703,False
109,1,3.706777971037447e-05,0.1251310765455282,3404.466287436736,1.0,4.695550171595275e-07,2.75e-06,0.0283437804971786,0.0060707532163331,0.0005214008835408,0.0001425081989413,2.327250384064903e-05,2.0463670820595072,False
97,1,3.953370014148062e-05,0.1729790536216835,16084.132160847636,1.0,4.492029740788045e-07,2.75e-06,0.0272956126086228,0.0061376767574319,0.0004917325412217,0.0004811457438377,3.203762342509804e-05,2.04649648524344,False
37,2,4.523699127007862e-05,0.2587702666454654,6650.245408629397,3.0,4.7079008230897494e-07,2.75e-06,0.0347783787861905,0.0055871659429265,0.0005270366887282,0.0001747641408718,2.6337302195590924e-05,2.04658635601404,False
499,2,0.0001800596325329,0.1968366249421077,23125.16400153024,1.0,4.671497035421468e-07,2.75e-06,0.023212571650643,0.0063677080305392,0.0034770867044667,0.0001463349331723,3.199198719313597e-05,2.046687193545978,False
433,1,9.420488211300683e-05,0.1281229179019813,19912.909375952306,1.0,4.485466354597198e-07,2.75e-06,0.0338687854642444,0.0056674997745212,0.0012259404399059,0.0005739283029213,3.169447667002547e-05,2.0473501480654477,False
129,0,8.688089972438004e-06,0.1825885712876582,3951.6966850863632,2.0,4.6922932008571407e-07,2.75e-06,0.0273147282224103,0.0061399337862701,0.0005041160378762,0.0001388368292917,2.124796038932652e-05,2.047395880731095,False
103,2,1.6481745062316615e-05,0.1468179962385436,22200.495626283933,1.0,4.519852033691162e-07,2.75e-06,0.0262624074157424,0.006204489154143,0.0005069488173181,0.0004615057798643,3.226802259938602e-05,2.04767067324094,False
200,1,4.9282287276198943e-05,0.296808253420628,23235.1342533277,2.0,4.558786907072407e-07,2.75e-06,0.0250933068373985,0.0062737698213671,0.0004934038857121,0.0004351627416166,3.217566484332077e-05,2.048301220298783,False
326,4,1.5238780197152742e-05,0.0861243380876996,9258.00080835478,2.0,4.506682154994449e-07,2.75e-06,0.0247193032329028,0.0062987738469953,0.00054049041712,0.0003787570527519,2.6607768199037068e-05,2.0494780381561117,False
386,4,4.585654790029712e-05,0.0192988104507871,23273.39735175922,1.0,4.595516245471428e-07,2.75e-06,0.023789176501837,0.0063517421917539,0.0005717608346116,0.0001377352333042,3.0253055299132677e-05,2.050385691161873,False
362,0,9.826785397698476e-05,0.227112063513622,3880.41454423969,1.0,4.6129489263850125e-07,2.75e-06,0.0203366920157681,0.0065183502998455,0.0037448520178467,0.0001895518442261,6.147630077415536e-05,2.0509353363949674,False
462,1,2.74281057702682e-06,0.2700027953919717,14196.514515927904,2.0,4.618484715018321e-07,2.75e-06,0.0279343093768201,0.0061183936730938,0.0005091938732017,0.0001353663220978,3.163390320946812e-05,2.051904374170075,False
89,4,1.16896261949904e-05,0.2988111937124729,9302.869853703876,1.0,4.667089401522279e-07,2.75e-06,0.0256617657966096,0.0062567355616869,0.0005105449844627,0.0001403354246351,3.176666675700068e-05,2.052293680085129,False
267,3,5.606093797010076e-05,0.192803193937825,24560.39173181019,2.0,4.687753399604418e-07,2.75e-06,0.0292730802452785,0.0060327122523219,0.0005245555701018,0.0001371435805975,3.199656135564048e-05,2.052411283951857,False
96,2,8.64345169153634e-05,0.2250526098047718,21664.25819851267,1.0,4.604630047338343e-07,2.75e-06,0.0287514919398774,0.0060692848784218,0.0006293590941055,0.0001364572663692,3.212857675640118e-05,2.052873348732032,False
46,1,3.121706990602514e-05,0.2355014112286637,8672.097251947896,1.0,4.6856980911533917e-07,2.75e-06,0.0285823484396663,0.0060819018565372,0.0004973031492835,0.0001361245033702,3.1354657916533995e-05,2.0532653826964875,False
394,4,6.886506209371727e-05,0.2605280322184813,23023.80423051125,2.0,4.680637205150835e-07,2.75e-06,0.028520143695899,0.0060883378399717,0.0005623426343131,0.0001363370378265,3.201262766354318e-05,2.0538796766382754,False
256,4,0.000116438050924,0.1237425435111553,22592.68953114473,1.0,4.6941550510406713e-07,2.75e-06,0.0333121215258086,0.0057415242006998,0.0021055433916063,0.0001650265165525,3.158807317315197e-05,2.054249182818785,False
135,4,0.0001188171924381,0.2673469767068377,20704.8202203127,3.0,4.711913765819892e-07,2.75e-06,0.0283474226309873,0.0061024794396328,0.0031298844294704,0.0001416033824458,3.247795518915556e-05,2.0546397930636098,False
464,4,4.728794830070159e-06,0.2623371450474938,12050.62141497554,2.0,4.714415259140158e-07,2.75e-06,0.0293208697533932,0.0060407192039865,0.0005074309710373,0.0001373543734509,3.131529402671194e-05,2.0552899233109283,False
278,3,4.582350764832114e-05,0.2795152999685039,22996.94096619788,1.0,4.6172090130817925e-07,2.75e-06,0.0232619494920262,0.00640059699038,0.0004963866821209,0.0001589441446721,3.238471578576164e-05,2.056289804885415,False
242,0,5.849206361211828e-05,0.1952722055860963,15333.770574771424,1.0,4.659814270536649e-07,2.75e-06,0.0285521084637456,0.0060965743334209,0.0005292620860786,0.0001358395227259,3.195060977828213e-05,2.0565468103843356,False
125,2,1.5348005156238744e-05,0.0798027220260095,12776.849669194116,3.0,4.551713785595853e-07,2.75e-06,0.0209802991159019,0.006510513200716,0.000500767350836,0.0002187791181097,2.672688076682734e-05,2.0566173697408368,False
375,1,8.632100157269344e-06,0.2405363646608144,19463.81335828372,1.0,4.5999229482566875e-07,2.75e-06,0.0242348247013355,0.0063534377103896,0.0005088881890611,0.0001498384242086,3.232666005787684e-05,2.0571605601024765,False
125,0,3.5054877789866395e-05,0.1892739957373227,5048.708125603676,3.0,4.646987201145383e-07,2.75e-06,0.0256318550923738,0.0062774822414038,0.0004862656396455,0.0001362246616539,2.086833720577867e-05,2.0573584721028686,False
124,1,4.254462334724461e-05,0.234975911605168,15779.165767629564,2.0,4.67258536520014e-07,2.75e-06,0.0297127101524698,0.0060238858206599,0.0004840268504309,0.0001383244717695,3.159854012757156e-05,2.0578035444053415,False
61,3,0.0001453807235222,0.2547791905781973,15322.69131042158,1.0,4.588870287577422e-07,2.75e-06,0.0203766677463103,0.0065451957051427,0.0037474857031469,0.0002484613079853,3.4461263181226176e-05,2.0588561188104344,False
498,3,6.039048936163419e-05,0.1924649858795113,16609.02231084327,2.0,4.66659857774733e-07,2.75e-06,0.0328000520241247,0.00580317898018,0.0005638732210467,0.0001531641027235,3.139547643703521e-05,2.059358316741405,False
393,4,6.594326728849491e-05,0.1578023947677805,18054.105543512043,2.0,4.700792951821063e-07,2.75e-06,0.0346887677328393,0.0056505252456449,0.0006215595409874,0.0001674612595404,3.131331093236299e-05,2.059867132274466,False
342,3,6.307030317553541e-05,0.2119805226930825,9413.553791700151,2.0,4.708126048967263e-07,2.75e-06,0.0358928484440888,0.0055453067593661,0.0006630264944139,0.0001802249794476,2.9665909465703883e-05,2.059946688571555,False
334,3,5.324933472176422e-05,0.2796973454617389,13025.594457004969,2.0,4.638947068796108e-07,2.75e-06,0.0301675374481124,0.0060046469290312,0.0005275494481914,0.0001396209748109,3.134035221037825e-05,2.0609220140999747,False
300,0,1.0777004399910404e-05,0.1117243757588134,8687.841186627607,3.0,4.6218845783477913e-07,2.75e-06,0.0216241524268161,0.0064976693150879,0.0005093674083789,0.0002790186676946,2.474262846821477e-05,2.061156664043443,False
230,4,9.886496856387504e-05,0.1794295060112294,16563.42235438992,2.0,4.703135228902883e-07,2.75e-06,0.0350048007735361,0.0056360982482426,0.0022720673301961,0.0001819761644698,3.134109133948232e-05,2.0629009132155303,False
205,3,1.2293813424620028e-05,0.0679497716785349,19688.779571439205,3.0,4.6569679853716556e-07,2.75e-06,0.0294061117292606,0.0060653809021388,0.0005168313152011,0.0001466843092125,2.9323666932501914e-05,2.063084942100038,False
341,0,0.0001535558550885,0.2199616695746408,23607.48436747045,2.0,4.631393485004204e-07,2.75e-06,0.0200515222413648,0.0065805961643837,0.0039751646443931,0.0002212829285974,3.307894816675528e-05,2.064816365664649,False
155,3,3.8560485690556326e-05,0.1909341360742348,5782.82780987521,3.0,4.4676077014639996e-07,2.75e-06,0.0301862944806466,0.0060218654738059,0.0004944294861291,0.0004895729575175,2.2787327589513063e-05,2.0656303320904104,False
120,3,1.1143148642151805e-05,0.1947409049395502,17006.69479494165,1.0,4.602930041151255e-07,2.75e-06,0.0267469773538171,0.0062454957918211,0.0005105421547977,0.000136128161563,3.218810365688198e-05,2.0660631256707256,False
338,2,4.3335920885638806e-05,0.2477653122639696,15723.663674136138,1.0,4.427961378372947e-07,2.75e-06,0.0261964218890778,0.0062790127685466,0.0004910292056681,0.0004607595882901,3.214587985112382e-05,2.0663683222869147,False
114,0,9.678839567279632e-05,0.2306478815587137,10321.915870341922,2.0,4.720922845492534e-07,2.75e-06,0.0335297471902259,0.0057737411107811,0.0026419459769085,0.0001741397327856,3.4705683035297065e-05,2.0663799118105195,False
152,1,4.125918830691926e-05,0.0592379029666067,12033.587798970018,1.0,4.678419555327671e-07,2.75e-06,0.0348271978764611,0.0056709989036125,0.0005242749810646,0.0001791793250798,3.0085045932895627e-05,2.0675908904486935,False
323,1,2.771982411860641e-05,0.1114407278286502,17677.688759682456,2.0,4.702615554973992e-07,2.75e-06,0.0347016679221948,0.0056917330421394,0.0004932366958502,0.0001701533569449,3.107202594482399e-05,2.0699981984424682,False
259,0,3.869222717374136e-05,0.0808406534000739,22134.795945019174,2.0,4.674115974376793e-07,2.75e-06,0.0354335935851826,0.0056331442368423,0.0004782851087919,0.0001780342818442,3.1151996804196185e-05,2.071057511239357,False
464,0,2.367473394495334e-05,0.1845958540582623,3861.850305289466,1.0,4.769503825787194e-07,2.75e-06,0.0348533726688054,0.0056878739033031,0.0005070555134754,0.0001738906869921,2.679454597528481e-05,2.072162490212398,False
7,3,0.0001260493490213,0.1457910707237553,16115.17980370557,1.0,4.44153456636138e-07,2.75e-06,0.0285254929714532,0.0061638910130501,0.0032544255731303,0.0004687012337958,3.259720986938972e-05,2.0735256826538446,False
158,1,5.651568103729304e-05,0.2122737646767621,15403.89311442134,3.0,4.72778230088544e-07,2.75e-06,0.0348928048778773,0.0056922671997632,0.0005339934257333,0.0001692559268403,3.0762906920447495e-05,2.074018213669511,False
193,3,6.248880627863053e-06,0.1894309768668057,4364.91030531148,3.0,4.667179681047296e-07,2.75e-06,0.0209584776948999,0.006578346265481,0.000461831816214,0.0001801940646657,1.886057955223086e-05,2.0750862950936297,False
475,4,0.0001064675068097,0.2898084896860491,9006.512605417702,2.0,4.680707252845456e-07,2.75e-06,0.0235090279930416,0.0064601266270194,0.003863195590375,0.0001432324269324,4.572245144332959e-05,2.0758363200135106,False
308,1,0.0001581878984025,0.2628971388682105,24103.96040949788,1.0,4.654112410613903e-07,2.75e-06,0.0292872680742669,0.0061234538183406,0.0028156581841988,0.0001440631557513,3.18054263191361e-05,2.075953494338908,False
171,3,1.5651880886602105e-05,0.1216237656986917,8409.098367987808,3.0,4.5329883034623626e-07,2.75e-06,0.0233763050738837,0.0064677355772367,0.0004695245691283,0.0003360524790391,2.461956340157904e-05,2.076084919015201,False
140,2,5.6761888619004525e-05,0.2656302926314527,13669.739094689274,1.0,4.635391043106102e-07,2.75e-06,0.0278058245322066,0.0062195082517763,0.0005139532012739,0.0001353212151805,3.199699591188691e-05,2.0761523957528016,False
87,4,2.9853704008354102e-05,0.1923677597616812,2734.805442353348,1.0,4.7152680110135467e-07,2.75e-06,0.0341729931108664,0.0057635230207129,0.0004934074429357,0.0001745811755929,2.3461911402225477e-05,2.0766440046252597,False
276,3,6.16112911491399e-05,0.1035681755677236,20233.565836769325,1.0,4.697317143245165e-07,2.75e-06,0.0333138952471029,0.0058350704499679,0.0005674777742617,0.0001562743312268,3.189205584190098e-05,2.077140298146292,False
127,0,4.241304423596994e-05,0.0567895936601308,19774.18490291689,2.0,4.648753473950681e-07,2.75e-06,0.0337059577526832,0.0058043122409929,0.0005268286914444,0.0001750485086315,3.0049327023500158e-05,2.0772950356674214,False
95,3,1.317321038021565e-05,0.0651011304424508,12111.63119051636,1.0,4.692738475899771e-07,2.75e-06,0.0350004706702772,0.0056987836978904,0.0005150444054208,0.0001763997419321,3.05083543708451e-05,2.077774846240303,False
388,3,4.616928198969074e-05,0.2868516766091528,12780.16113801805,2.0,4.6306630827299123e-07,2.75e-06,0.0305668773375644,0.0060575841027975,0.0004951063577061,0.0001407264469441,3.1362413648131856e-05,2.08146233012152,False
114,1,1.3655565986426938e-05,0.0592076987939772,19932.03181573234,2.0,4.668857503080628e-07,2.75e-06,0.0340475788067164,0.0057952776954403,0.0005124164169854,0.0001747597872661,3.0370754370242484e-05,2.081845662069634,False
342,1,0.0001722931186417,0.0702901858888229,22303.92364855901,1.0,4.6543366796494715e-07,2.75e-06,0.0235246433982361,0.0064848039040184,0.0037474088000143,0.0001397410591604,3.177178261584475e-05,2.082748516443105,False
438,3,1.6424217594362986e-05,0.148649311701392,6206.430103652147,3.0,4.686789647492573e-07,2.75e-06,0.0228782523383745,0.0065170198811864,0.0005039043974637,0.0001396671236983,2.199865297094929e-05,2.0827857944237027,False
435,3,3.786882470776241e-05,0.2530174547427786,20221.00299987868,3.0,4.621333799332011e-07,2.75e-06,0.0308493496705485,0.0060429641379847,0.000500511129899,0.0001422582213517,3.168205770308758e-05,2.0828092882316955,False
100,2,5.030626931127764e-05,0.2458674246177519,8303.696181959082,2.0,4.686611862964261e-07,2.75e-06,0.0355320925287359,0.0056757995560238,0.0005466482419127,0.0001740360655573,2.9611504954159396e-05,2.0832227231411156,False
433,0,2.917487489718492e-05,0.148702430722991,5095.466858331524,2.0,4.642048996897972e-07,2.75e-06,0.0292127932097646,0.0061623206668071,0.0004839899499662,0.0001482268560365,2.274926589807825e-05,2.08469117303422,False
327,4,0.0001588716164991,0.1185651367641822,20293.31301872209,1.0,4.6423779233107444e-07,2.75e-06,0.0243921189744964,0.0064495967007259,0.0037791028141471,0.0001407520124403,3.24897767139971e-05,2.0853136970731536,False
54,4,4.08166625841044e-05,0.0661186454119702,5696.456089974165,1.0,4.602200384948697e-07,2.75e-06,0.0209448377848417,0.0066166551615322,0.0005371661215478,0.0001917004314328,2.491718874839836e-05,2.085513498531626,False
179,0,9.032934060537798e-05,0.2614801387266453,20061.928719825813,1.0,4.659568441215542e-07,2.75e-06,0.0304749918721057,0.0060799891291566,0.0006471188990799,0.0001410210596235,3.210458707842695e-05,2.085520807229229,False
468,4,1.651333195984059e-05,0.179312585235995,13014.117530168623,2.0,4.701090677976771e-07,2.75e-06,0.0340856296858947,0.0058088064705171,0.0005101607001534,0.0001619971532352,3.098137478798393e-05,2.085884380042874,False
371,1,9.070618376708936e-05,0.1982331073986148,16863.880409806887,1.0,4.666873701253126e-07,2.75e-06,0.0336238444688383,0.0058464173301598,0.0008685785441544,0.0001581557015508,3.1796851214610054e-05,2.085959170182197,False
245,0,7.052865311443802e-05,0.1396924199126273,4486.715986113521,1.0,4.722683813214278e-07,2.75e-06,0.0354275448657358,0.0057003961514104,0.0014964854746856,0.0001935811237595,3.075469805102288e-05,2.08691653623597,False
134,3,1.6017341021092783e-05,0.3000303281506207,24643.50647406776,2.0,4.494875652609619e-07,2.75e-06,0.0266461936643094,0.0063372539460291,0.0005043046805886,0.0004718531989857,3.226523495807493e-05,2.088723591248087,False
439,3,5.344028080180491e-05,0.0601908579192062,15535.491272590029,2.0,4.713820416231807e-07,2.75e-06,0.0312037332100073,0.0060517488500894,0.0007363989135401,0.0001634394176813,2.874347032787873e-05,2.0914164139074725,False
405,4,4.564181590924533e-05,0.0990717908509017,12331.947319188585,3.0,4.678510055872026e-07,2.75e-06,0.0313486246169422,0.006041352264818,0.0005327090366828,0.0001627267321072,2.7322885404312053e-05,2.091422714042927,False
361,1,2.181970778982586e-05,0.2930191007430702,23406.518963168543,1.0,4.513590860390539e-07,2.75e-06,0.0250370641668257,0.0064392476131261,0.0005065334865789,0.0004354603687803,3.242405014060101e-05,2.0917829178757787,False
179,3,7.701025829986293e-05,0.079155796771338,6536.20193272773,1.0,4.5876183559020493e-07,2.75e-06,0.0210264252607437,0.0066370174142499,0.0025820705615013,0.0002571341114351,3.6602531079413566e-05,2.0921401932914074,False
43,4,8.686401459533976e-05,0.1836993748668818,8083.808038101145,3.0,4.535617694354487e-07,2.75e-06,0.025165531255382,0.0064358291350015,0.0030204514544877,0.0003816446526516,4.1592525194602215e-05,2.0927345456143174,False
402,3,9.535545922426447e-05,0.1742315253080185,19567.55333464779,2.0,4.70685542474929e-07,2.75e-06,0.0370773233814025,0.0055782566772998,0.0017901453098528,0.00019531177077,3.119147971900835e-05,2.0928778372223564,False
11,4,3.980863970808769e-05,0.096810312115273,3618.799687460009,1.0,4.62806910884246e-07,2.75e-06,0.0211763904896527,0.0066348767213929,0.0005709902210544,0.0001673560974707,2.258320214591769e-05,2.0933817423326087,False
477,4,0.0001167541963823,0.2485598798206658,8967.58288011069,1.0,4.4653277332347846e-07,2.75e-06,0.0290684571721495,0.0062062315067455,0.0032740996001094,0.0004814990835283,3.9085965686212665e-05,2.0935842565452543,False
293,2,3.951776522955146e-05,0.0304589404361068,20355.85529548291,1.0,4.676507700929766e-07,2.75e-06,0.0347640709716547,0.0057936449782159,0.0005087449546216,0.0001835921210832,3.071894909107294e-05,2.095760348610143,False
385,0,7.312532117935135e-05,0.2738394916298084,15042.064106589836,1.0,4.645087035345674e-07,2.75e-06,0.0299573547315565,0.0061568610402783,0.0005642208355462,0.0001385801281835,3.200648864690066e-05,2.0960654482650947,False
129,3,1.4853177419613494e-05,0.119957961662239,20630.112279785764,1.0,4.648972283841721e-07,2.75e-06,0.0308757079093486,0.0060960566007425,0.0005075930361791,0.0001419733124376,3.215220333968166e-05,2.096727050976665,False
454,3,0.0001036758645794,0.1201630583471928,24436.924458131787,1.0,4.7356854890343883e-07,2.75e-06,0.0359362285159269,0.0056976369400403,0.0015136582518771,0.0001808020707047,3.1788967513915035e-05,2.09678183416007,False
131,1,3.108054017537891e-05,0.2527007641253698,19135.773878197568,1.0,4.6569300140159094e-07,2.75e-06,0.0268192754447271,0.0063576757141215,0.0005025168195898,0.0001364509365693,3.231147343413222e-05,2.096805299153781,False
19,2,1.359331654137946e-05,0.157932333200262,16780.608480883246,2.0,4.634223477818047e-07,2.75e-06,0.0340723754383182,0.0058561542265012,0.000506564990239,0.0001616859850006,3.1412994421599695e-05,2.097135565941571,False
410,2,1.4075992973705835e-05,0.256117688812398,18629.8157342301,2.0,4.6264576692177293e-07,2.75e-06,0.0296991780772791,0.0061791188040398,0.0005033354344036,0.0001376003019945,3.196141070691525e-05,2.0973214056850247,False
325,4,7.674107387317059e-05,0.1657631490693922,5171.6163222735895,2.0,4.645266235695775e-07,2.75e-06,0.0206610040046975,0.006672130650145,0.0028527849403737,0.0002433183428859,4.528832528586062e-05,2.097457777581731,False
91,0,4.028538142650197e-05,0.0899499066103216,4146.674375057661,1.0,4.5485469907774754e-07,2.75e-06,0.0231907823861389,0.0065560720823229,0.0005865008232725,0.0003239183912929,2.344876367049645e-05,2.0976107184854507,False
381,4,0.0001793185811128,0.1985918803891841,21096.93628522567,1.0,4.481339929104592e-07,2.75e-06,0.0230201822105204,0.006568352733854,0.0038433578131135,0.0003549902140578,3.265262615201398e-05,2.0986819256656415,False
466,0,9.185734329479403e-06,0.1852531385333461,24544.78411120721,1.0,4.4687639778289444e-07,2.75e-06,0.0275008626652222,0.0063246274921899,0.0005084081554106,0.0004876798518827,3.237619340225258e-05,2.0987943402567804,False
302,1,9.459269752902016e-06,0.1324392973337762,2903.041356675253,1.0,4.731204855502836e-07,2.75e-06,0.0292046700803275,0.0062228153400814,0.0005496328361446,0.0001479960180563,2.1598158690872297e-05,2.100164829710117,False
447,2,2.2443292346631117e-05,0.2483680955679738,5642.234359900735,2.0,4.733742769496849e-07,2.75e-06,0.0362757169078026,0.0056824655853053,0.0004813607091361,0.0001830685759971,2.745266309717063e-05,2.100277151596553,False
277,3,0.0001444076893055,0.2200555429279642,21410.74792430856,1.0,4.6703363087941036e-07,2.75e-06,0.0309527948947007,0.006107684709756,0.0028994647471721,0.0001539817667703,3.18252293985911e-05,2.1010514065922687,False
477,0,0.0001259474857002,0.1271294096455137,12614.387720785744,1.0,4.511158187848809e-07,2.75e-06,0.0201164998413058,0.0067086675467132,0.004169371912284,0.0002273269489598,3.8875843811731056e-05,2.101198923032421,False
318,2,7.452882162047512e-05,0.141493275420253,8396.460482120947,3.0,4.724148256324453e-07,2.75e-06,0.0269352652729825,0.0063685674285657,0.0019148207275969,0.0001431536175954,3.094987280687639e-05,2.101484878867353,False
315,4,1.0269200613080912e-05,0.2563360898172843,2011.97516996157,2.0,4.740636459216887e-07,2.75e-06,0.021072315428776,0.0066742951182004,0.0004892354759676,0.0001631881701578,1.7137922730522804e-05,2.10301238714969,False
1,3,8.711335812460602e-05,0.043636040642487,20016.23287198238,1.0,4.730466168394574e-07,2.75e-06,0.0360909409651944,0.0057198157353237,0.0019592182906573,0.0002009189561709,3.070965149711292e-05,2.1052519671568217,False
90,0,7.141016196721013e-05,0.2966473342549457,22803.44780852176,2.0,4.624906504688714e-07,2.75e-06,0.0308014515128437,0.0061359960562816,0.0005678049070088,0.0001414069347027,3.204120528201943e-05,2.105542711553135,False
17,1,7.40728374045624e-05,0.1083440813450646,23750.71329682337,3.0,4.484277135200582e-07,2.75e-06,0.0391990445515912,0.0054352480448086,0.0009637955062342,0.0006348404931435,3.0752394894432e-05,2.106900370204941,False
429,3,4.0460767385516726e-05,0.0361522629169468,10966.10761063935,1.0,4.545223629684093e-07,2.75e-06,0.024309142605881,0.0065512306940641,0.0005574928748697,0.0003627306614615,2.798689072583629e-05,2.1115984445918703,False
105,2,0.0002664617901619,0.1685881796413416,24132.506700832368,1.0,4.494417634434264e-07,2.75e-06,0.0226888661833159,0.0066390765006319,0.0040861784263027,0.0003393239903834,3.2414269491824674e-05,2.113658358217682,False
75,3,1.3969067315338484e-05,0.2095428482732654,23814.46366271724,1.0,4.679496214255516e-07,2.75e-06,0.028007363055331,0.0063539525759003,0.0005076313813796,0.000135425868561,3.238340503821996e-05,2.1145795440614017,False
205,0,0.000111317021122,0.2981036392260529,20870.260552743854,1.0,4.696430606081834e-07,2.75e-06,0.033875382001423,0.0059457031464211,0.001092062977074,0.0001600641752566,3.199479933568101e-05,2.1151597201179184,False
4,0,0.0001078792716431,0.2928053079894653,18440.767854510388,3.0,4.69268850871171e-07,2.75e-06,0.0365589386958034,0.0057279683401671,0.0022638579030818,0.0001922296336353,3.147366516807352e-05,2.11694327098205,False
361,4,4.778780741507395e-05,0.0744731474609869,19396.91632012561,1.0,4.740476830155107e-07,2.75e-06,0.0364739952798388,0.0057356820090586,0.0005223755405048,0.0001816457690247,3.169295512707844e-05,2.116987798078153,False
444,4,6.991445162147345e-05,0.2814160765279741,2897.705966072369,3.0,4.6267260534930106e-07,2.75e-06,0.0206955851801351,0.0067412911999145,0.0021753863655711,0.0002083120491455,4.5029604432729344e-05,2.1170624231448114,False
73,2,4.9850173220825486e-05,0.1022491024803843,6446.727019695686,2.0,4.6489742518421814e-07,2.75e-06,0.0214258574671013,0.0067160846597826,0.0008035540776173,0.0001566467640375,2.408236804561216e-05,2.1188845740580384,False
465,3,0.0001038789157183,0.2884850451736974,9406.073647224166,3.0,4.5756489960703163e-07,2.75e-06,0.0251402812261765,0.0065351383322178,0.003955397782077,0.0003856261596447,4.740966797149858e-05,2.1190371116586073,False
437,2,1.5720397287414127e-05,0.111246186162481,8105.337539544909,3.0,4.6173504767771846e-07,2.75e-06,0.0209270550549259,0.0067393459879475,0.0005590288167834,0.0001938137835338,2.35727038628419e-05,2.11928018222913,False
68,1,1.9232446378312824e-05,0.1151521579909845,8328.595432117487,2.0,4.703491322544577e-07,2.75e-06,0.0347343654680557,0.005894482938216,0.0005115866575842,0.00018338298615,2.713545923552376e-05,2.119546709487009,False
337,2,4.691246914976952e-05,0.1374330987333045,11752.623581259968,1.0,4.690443778578418e-07,2.75e-06,0.0354179424521323,0.0058408586763754,0.0005127306803703,0.0001710981898987,3.13362615967226e-05,2.120318533439139,False
400,4,6.23892319289705e-06,0.1751170129672845,12301.241150649994,1.0,4.711933665683808e-07,2.75e-06,0.0326142536468415,0.0060711175045528,0.0005122278945929,0.0001504092517706,3.180841840570699e-05,2.122178548572229,False
311,2,4.18542676461679e-05,0.1039752512695038,14039.99082465283,2.0,4.72108653121227e-07,2.75e-06,0.038242249283603,0.0055965895332624,0.0005158571109084,0.0002081940426781,3.004523763058905e-05,2.122354396342018,False
333,3,7.26557740729845e-05,0.0699343490636243,6784.56167874228,1.0,4.580935094770516e-07,2.75e-06,0.0207893279559709,0.0067569208517482,0.0024309871845922,0.0002206874440675,3.49816036736393e-05,2.122513743763177,False
475,2,3.481122400427002e-05,0.1335363466632612,12295.428342840769,1.0,4.619727087868055e-07,2.75e-06,0.0349910705926747,0.0058897349140748,0.0004919974024212,0.0001672356904817,3.146589678844909e-05,2.1235116869457875,False
485,0,6.704823924682603e-05,0.169491533212148,5771.859516459515,3.0,4.672680732713185e-07,2.75e-06,0.0257475195990518,0.0065199909349008,0.0015112016920101,0.0001379151264619,2.851322844395976e-05,2.1238038189178865,False
159,0,4.0116535932771e-05,0.047569219622807,12880.74678702272,1.0,4.700143013204013e-07,2.75e-06,0.0362074167033736,0.0057891953677251,0.0005044755578658,0.0001959081999585,2.986928895691461e-05,2.124128449842062,False
362,3,4.101635760418892e-05,0.2165556423025759,19078.5439392741,3.0,4.663544090411537e-07,2.75e-06,0.0348704566729497,0.0059031483965917,0.0004922287148723,0.0001660448774653,3.142000211894394e-05,2.1243535546696997,False
83,2,1.6517551391768796e-05,0.1278693177011584,17979.45711993638,1.0,4.715962370429902e-07,2.75e-06,0.0327976284733683,0.0060666024133498,0.0005066282540013,0.0001511647941249,3.205490472703689e-05,2.1244780557773533,False
359,2,4.839919076111375e-05,0.1458065166230379,7918.825996530239,3.0,4.701689836021665e-07,2.75e-06,0.0329194595049789,0.0060576073394037,0.0005851422435199,0.0001746693944091,2.501700466272273e-05,2.1245247237601266,False
232,0,1.7372461610831823e-05,0.0444417240394773,17003.82441935127,2.0,4.525740611031939e-07,2.75e-06,0.0248814723309186,0.0065697435550447,0.0004790885938856,0.0003798344525821,2.8630328975962173e-05,2.124656296825212,False
66,4,4.817767576232047e-05,0.2733328533735402,14727.61769544917,3.0,4.619807438252833e-07,2.75e-06,0.0346629092521572,0.0059222208048882,0.0004959721377858,0.0001633556744988,3.104507660231129e-05,2.1248637419818834,False
55,1,3.541377137111638e-05,0.2337149615931801,2210.1956801889824,2.0,4.6510195011037626e-07,2.75e-06,0.0232964959988854,0.0066536909310743,0.0006164240919509,0.0003307422691385,1.8980908195297044e-05,2.1256459549731064,False
269,1,6.303838321327627e-06,0.256050600332422,15119.738198284016,3.0,4.457745241842577e-07,2.75e-06,0.0344716196604438,0.0059425508035283,0.0005096436577226,0.0005910483963407,3.117769153971912e-05,2.1260394150217,False
367,3,1.291541631183265e-05,0.2988006020119721,21056.68456548613,2.0,4.702455923760261e-07,2.75e-06,0.0296855141753549,0.0062943811719627,0.0005046681089804,0.0001371735599821,3.2154529929944514e-05,2.126766874825749,False
305,2,3.9083404758823495e-05,0.2990687648797469,20338.44082024068,2.0,4.629380411255624e-07,2.75e-06,0.0300901419972442,0.0062690627911439,0.0004948299882092,0.0001386500179606,3.20868494460693e-05,2.127140825726011,False
464,2,7.394830002556037e-06,0.1030362789257981,23809.63649813716,2.0,4.641190602769393e-07,2.75e-06,0.0365017733124206,0.0057767043504159,0.0005079184735117,0.000181067816579,3.1676188039831034e-05,2.1272693591797984,False
453,2,0.0002481034449914,0.0631617475880475,24971.620587074576,1.0,4.53936085122697e-07,2.75e-06,0.0231095264107476,0.006672630817708,0.0037797838428508,0.0003395903327253,3.131220942918699e-05,2.128346463334137,False
163,3,0.000155666949421,0.2527453900169327,19159.588988405056,1.0,4.703822773155839e-07,2.75e-06,0.0296922974941345,0.0063042274977196,0.0032895583564674,0.0001491799453726,3.224693536228773e-05,2.12942301902238,False
248,4,0.0001017519694536,0.2068103333656196,12778.22778952107,3.0,4.743850456883237e-07,2.75e-06,0.0310842904908272,0.0062131890003585,0.0034009058965275,0.0001603697410396,3.785745453290794e-05,2.1301771873449824,False
220,1,3.555026523802546e-05,0.239407469670609,11341.37602139906,2.0,4.649076221769718e-07,2.75e-06,0.035258424010022,0.0059018695270404,0.0004866306610648,0.0001686807623381,3.089398438115981e-05,2.131795253819188,False
21,4,4.985616242426278e-05,0.1854474133445303,17013.389683461748,3.0,4.711235398442614e-07,2.75e-06,0.037430466586125,0.005713110255094,0.0005074557635344,0.0001905466175545,3.088511652729763e-05,2.1318566641345287,False
309,2,0.0001483601391434,0.2098292572405038,15477.713469843053,1.0,4.670785912965045e-07,2.75e-06,0.023437156432425,0.0066700040022432,0.0040365374394785,0.0001439873067937,3.5265247962181226e-05,2.131969351055069,False
184,0,0.0001014184490835,0.2926913423722155,6530.037116173601,2.0,4.575257629817431e-07,2.75e-06,0.0219018125145969,0.0067447352790447,0.0042947841241293,0.0003105887020418,5.756262764416052e-05,2.1326753644038074,False
321,4,0.000103106021177,0.2726959857558725,13592.939282714477,1.0,4.7284847633861554e-07,2.75e-06,0.0362874647446695,0.0058250750753262,0.0012713737670423,0.0001796399586494,3.155041918386677e-05,2.1343134717626477,False
204,0,7.648748656200857e-05,0.2006041289154539,24980.558300231696,3.0,4.706570621346188e-07,2.75e-06,0.0372910881138254,0.0057362999008822,0.0006427687510203,0.0001873804666567,3.1618406832544617e-05,2.1343234078527997,False
120,4,1.1334391266420852e-05,0.249229115469907,15414.787940930268,1.0,4.646155893510237e-07,2.75e-06,0.0298819340979823,0.0063136198688468,0.0005088364499668,0.0001376012215663,3.220147108847066e-05,2.1350583879238174,False
106,4,4.461811399008368e-05,0.1913866598784989,20905.136418435508,1.0,4.642514645238333e-07,2.75e-06,0.0307465559430022,0.006257111072392,0.0004913386915429,0.0001407765521648,3.225981410502849e-05,2.1354376848348773,False
33,0,6.198484553579068e-05,0.1242822408989622,7986.892890398697,3.0,4.499413357297482e-07,2.75e-06,0.0253924765501906,0.0065832325024843,0.0010453692991696,0.0003885317203537,2.472029718468945e-05,2.1355992375005646,False
279,1,1.8654149418289e-05,0.1777098254240025,20013.888214089733,1.0,4.646549946287537e-07,2.75e-06,0.0308352054276998,0.0062519405169298,0.0005075308504577,0.0001407909864403,3.22579164360386e-05,2.135667025387873,False
236,4,0.0002323997073504,0.2251579989266968,21492.5210767208,1.0,4.5545835071907483e-07,2.75e-06,0.0208868862714654,0.0068026658759518,0.0042435809977232,0.0002771302346008,3.338586255411202e-05,2.136370943035506,False
484,2,0.0001272526008063,0.2485735050994398,23536.799893835,3.0,4.683036420089481e-07,2.75e-06,0.0301119126021962,0.0063065236776138,0.0034985294848613,0.000151280400238,3.269905779430063e-05,2.137146393679132,False
412,3,7.433628391439638e-06,0.0991546785535736,9763.051022339723,3.0,4.53298943420977e-07,2.75e-06,0.0241303136677948,0.0066623528593512,0.0004756838361847,0.0003547974085602,2.5104827563390563e-05,2.139246805831804,False
218,4,7.379531578994543e-05,0.0816060529429874,17376.71872029699,2.0,4.694610079385856e-07,2.75e-06,0.0392965174662917,0.0055699004469988,0.0014343404070656,0.000230496632543,2.9969890596784888e-05,2.1395138698695826,False
489,1,0.0001265535204832,0.288086145777532,19108.67302060642,1.0,4.68332868461329e-07,2.75e-06,0.0357367464050016,0.0059014367504316,0.0019799230825752,0.0001791069401563,3.1719252580242514e-05,2.141326786588693,False
155,2,4.330031960078324e-05,0.205595431548974,2477.4741270186046,1.0,4.796373119075956e-07,2.75e-06,0.0384580891618515,0.0056628790339656,0.0006044692091884,0.0002176417321745,2.316037946079344e-05,2.142321871170981,False
295,4,3.737372975173391e-05,0.0388655362343235,22176.841203216663,1.0,4.685710066226149e-07,2.75e-06,0.0388495833874375,0.005627356543145,0.0004964957394925,0.0002134277232341,3.132932447446461e-05,2.142724738654151,False
421,4,3.2109406630262773e-05,0.0547626397750681,13956.661570744338,2.0,4.652144872822609e-07,2.75e-06,0.0279823221940511,0.0064629910993393,0.0004628384447,0.0001447047972167,2.7903936910496387e-05,2.14280350596616,False
303,3,0.0001041335574754,0.28656613894463,3491.2084222773,1.0,4.607231838200984e-07,2.75e-06,0.0204100796212813,0.0068530159978272,0.0043814883437028,0.0002289284791214,7.394418055932764e-05,2.1447981024140685,False
145,2,2.4336763925358503e-05,0.1897722491062912,23557.898098038844,3.0,4.6786641101557204e-07,2.75e-06,0.0355433300948713,0.005935472125314,0.0005054424727476,0.0001707212436236,3.1734100847520464e-05,2.1456218251506414,False
34,4,0.000125093951915,0.2481472097956869,24647.48378307129,2.0,4.700031723531955e-07,2.75e-06,0.0360753308030818,0.0058914705452587,0.0025183761962491,0.0001881017594733,3.1629849647937894e-05,2.1458130144504244,False
72,3,4.004293759695093e-05,0.0835542688021653,7851.783812204966,2.0,4.609663891415983e-07,2.75e-06,0.0213987571899074,0.006816350438348,0.0005437487210026,0.0002568852453193,2.4460548308157724e-05,2.1462935293288394,False
185,4,2.627934763593536e-05,0.1686397454179505,18521.709706301623,2.0,4.747447263279753e-07,2.75e-06,0.0357444661497093,0.0059227402483507,0.000500536091943,0.0001714859325976,3.166787767563547e-05,2.1466051986746195,False
227,2,5.535222962762737e-05,0.284047078218893,5178.239767407906,2.0,4.734776162834864e-07,2.75e-06,0.0400353669170261,0.0055291557815651,0.0006229425985229,0.0002214196014557,2.6836238237517e-05,2.146894743859524,False
69,1,3.4017603588957966e-05,0.210348897100513,18854.01373688804,1.0,4.67062043739089e-07,2.75e-06,0.0310761380984527,0.0062863277317517,0.0005015387223109,0.0001416377986665,3.2249449221821724e-05,2.148663546217673,False
5,0,0.0001938358014337,0.0630157466018279,23128.050882572195,1.0,4.615357045696674e-07,2.75e-06,0.0257359267018666,0.0066159879981476,0.0038436006633062,0.0001382962534236,3.1647214918398694e-05,2.149366114560836,False
399,3,8.23094153009643e-05,0.0770450097807254,17526.416132453807,3.0,4.493258377350263e-07,2.75e-06,0.0277037874002522,0.006506858702347,0.0022671924218241,0.0004270798032069,2.9803352232900425e-05,2.149979335385381,False
269,3,8.559572532203727e-06,0.1288800886849242,9878.397929471215,2.0,4.7364279908010643e-07,2.75e-06,0.0388257781273212,0.0056705399354911,0.0005087502975561,0.0002141600624067,2.907668347877776e-05,2.15210796339439,False
456,3,0.0001351218282802,0.2555631627767535,23612.21151733884,2.0,4.4229944692806243e-07,2.75e-06,0.0324079227104145,0.0062118592565585,0.0032587323120292,0.0005335608286844,3.207384116233508e-05,2.1536279140375796,False
1,4,0.0001106901512011,0.0260869013641078,23087.810694183758,1.0,4.550460860375611e-07,2.75e-06,0.0208199937507968,0.0068680252423369,0.0028898573640802,0.0002493235687705,3.0336931352816103e-05,2.1537429094328315,False
106,2,4.813463080832232e-06,0.1550388041355301,18011.40487117393,3.0,4.758217286755068e-07,2.75e-06,0.0383542291802448,0.0057255078995677,0.0005181454480712,0.0002007252029105,3.096113634346321e-05,2.1545444860548026,False
170,0,0.0001052522530816,0.1800813148528287,14080.906544521644,3.0,4.48490248368253e-07,2.75e-06,0.0268271154807601,0.0065765115695648,0.00386628022386,0.0004156492528473,3.980937933778073e-05,2.1549728593742956,False
113,2,8.700628807160356e-05,0.2534929801343106,20067.591168984676,1.0,4.68850776091769e-07,2.75e-06,0.0340744270550442,0.0060976651725216,0.0006260776669482,0.0001580851585856,3.211877840455963e-05,2.156358163494352,False
293,1,4.744799853985388e-05,0.190124651733596,16898.336086722287,1.0,4.4265072171291706e-07,2.75e-06,0.0330957535526549,0.0061767985909167,0.0004947827486195,0.0005757284182464,3.20887922654035e-05,2.15751452425483,False
48,4,4.500379796498931e-05,0.0355280490480647,24150.792098518785,2.0,4.675476342936193e-07,2.75e-06,0.0317236428015947,0.0062861318023234,0.0005812288979968,0.0001681086809056,2.9731369776277205e-05,2.16005656505316,False
76,2,0.000149428276372,0.2227671846741261,14939.317603152682,1.0,4.643084459743018e-07,2.75e-06,0.0238988324006458,0.006753578983655,0.0041510290719003,0.0001398998422972,3.6446857018182586e-05,2.1609290677909834,False
115,4,0.000228677163205,0.2488240148299772,21111.479256581704,1.0,4.4981259431838477e-07,2.75e-06,0.0232073208576611,0.0067881637060952,0.0041983881465775,0.0003553101833547,3.348686307044345e-05,2.1612392520522334,False
131,4,3.93065694793874e-05,0.2784960280948488,8558.321732923047,3.0,4.715171161672731e-07,2.75e-06,0.0384869079261637,0.0057447066642262,0.0004970532444867,0.000201606997275,2.881835966320909e-05,2.161856939889241,False
89,0,7.881948510172682e-06,0.0784301892965723,4229.199317100774,1.0,4.645802889923075e-07,2.75e-06,0.0210125807411639,0.0068913711539398,0.0005499709291755,0.0001873776361165,2.237907891638055e-05,2.162495449818557,False
354,3,1.7013414840923834e-05,0.273006169576324,21962.03678989088,1.0,4.649207896374581e-07,2.75e-06,0.0300248060607685,0.0064144310125223,0.0005075986319773,0.0001377227496699,3.2396588423547056e-05,2.1635008822787123,False
442,4,9.323979007160756e-05,0.2044900639893558,19753.71880922761,3.0,4.75762517077899e-07,2.75e-06,0.0410556473302805,0.0055016150181439,0.0015025532183119,0.0002334463510859,3.0943006588944734e-05,2.1640203760526124,False
150,0,7.067524109650155e-05,0.2642965432979757,18996.20596340937,3.0,4.6824379272129954e-07,2.75e-06,0.0373269048434954,0.0058603522832534,0.00058592225286,0.0001854432910662,3.142307491753308e-05,2.1642589121448865,False
268,4,4.2431136693715165e-05,0.2655682965332795,19062.027349354543,1.0,4.637740040963252e-07,2.75e-06,0.0310286875313509,0.0063540422162863,0.0004937413203117,0.0001409403139353,3.229678868770916e-05,2.1651365433382206,False
196,1,9.164378293635589e-06,0.2923988856156245,10051.6629912491,3.0,4.669988297600771e-07,2.75e-06,0.0372829727215428,0.0058702534639467,0.0005145820381358,0.0001864868252136,2.9985611075209468e-05,2.165680008230269,False
417,2,0.0001120275096866,0.0617369791149104,14542.86226397397,1.0,4.697340885440758e-07,2.75e-06,0.0256153943250795,0.0066879564703917,0.0036966500213934,0.0001390611387926,3.3761733471796385e-05,2.1669695795346664,False
419,4,0.0003143685495677,0.117437243023619,24969.897053056036,1.0,4.64615129211104e-07,2.75e-06,0.0277243131231245,0.006570561239646,0.0039075400771653,0.000144284388663,3.1786517698273414e-05,2.1671249767204213,False
317,3,6.250964600252606e-05,0.0369131402754024,22289.018920884067,2.0,4.481791314144261e-07,2.75e-06,0.028731346718917,0.0065105914878545,0.001204410067324,0.0004505619951221,2.9202311343662205e-05,2.1672474726166877,False
7,4,8.402731250587858e-06,0.1368528797639201,10118.502416721078,2.0,4.6960194365444643e-07,2.75e-06,0.0394182938158553,0.0056837508179008,0.0005140362890709,0.0002179522126179,2.932124468133764e-05,2.1681468356173976,False
241,2,4.323656612424283e-05,0.2822893310623126,19766.10316058353,3.0,4.6082395764019356e-07,2.75e-06,0.0346699037597465,0.0060990388676054,0.0004957467456784,0.0001622365516897,3.1710237317459066e-05,2.1681734207272205,False
287,0,0.0001949639368946,0.2638480992500676,19738.229719248888,1.0,4.576754732917305e-07,2.75e-06,0.0207886081536577,0.0069226607427526,0.0043539057649339,0.0002761897356389,3.422434457522985e-05,2.1685764945627297,False
358,1,0.0003670473509931,0.1969889440106249,22976.10746241205,1.0,4.5751039874394034e-07,2.75e-06,0.0202099385751504,0.0069470126896488,0.0045474168327292,0.0002230981076759,3.367187624091348e-05,2.1687343560825525,False
496,2,0.0003291018490009,0.1294487826990831,23518.30368960524,1.0,4.626228980350334e-07,2.75e-06,0.022997216130985,0.0068287832495891,0.0042959956341463,0.0001419269551501,3.2586676207137433e-05,2.169657537388138,False
214,3,0.0001254748007619,0.194801332671951,19866.509002144907,3.0,4.519404710955581e-07,2.75e-06,0.019935880592415,0.0069687219544817,0.0045701506909759,0.0002075900941395,3.861758301875573e-05,2.1717298221511703,False
300,3,1.2468858474380442e-05,0.1535108978323528,13888.04006536695,3.0,4.7068692491522164e-07,2.75e-06,0.0397694020297176,0.0056669771149447,0.0005145825808098,0.0002195232700765,2.996539959583224e-05,2.172089043588319,False
34,3,7.045740878626573e-06,0.0480803275954452,12215.392190803786,1.0,4.684478539125762e-07,2.75e-06,0.0375390047531116,0.0058755552096093,0.0005117190772601,0.000208663700049,2.985174004475879e-05,2.172286251886106,False
420,3,1.4553837179436177e-05,0.1684607231226299,3746.4736571952103,2.0,4.504990439421801e-07,2.75e-06,0.03030974657529,0.0064316913649406,0.0005096901591649,0.0004836859604014,1.959090705458614e-05,2.172766664423588,False
420,1,7.322605004340308e-05,0.1805982579691384,4120.996775363245,2.0,4.658760480839085e-07,2.75e-06,0.0214453397496917,0.0069112301135665,0.002831008306881,0.0001512776079985,4.896181054495676e-05,2.1731465793353935,False
350,1,3.603119143662241e-05,0.1638803958406623,4902.831250375024,2.0,4.755282297219532e-07,2.75e-06,0.0360330070604372,0.0060099002604968,0.0005291639369597,0.0002000502836757,2.3266065671254744e-05,2.173410675197652,False
494,0,2.032349622424275e-05,0.2371836169298408,13887.642962824371,2.0,4.735376498491481e-07,2.75e-06,0.0360249686204082,0.0060116595790175,0.0005001528176736,0.0001726590484444,3.146465020700694e-05,2.17367334685297,False
57,1,3.044698733477976e-05,0.2705586550537653,11671.817999266064,2.0,4.7096648231898746e-07,2.75e-06,0.0360231157275053,0.0060152618460913,0.0004967025141918,0.0001726816300981,3.117878817826725e-05,2.174504921962239,False
151,0,3.847712083649116e-05,0.0942130959582862,20407.21917271075,1.0,4.695655901505833e-07,2.75e-06,0.0371212866583836,0.0059222262418166,0.0004917481160156,0.0001832893233882,3.196171179159829e-05,2.174632112635922,False
152,0,8.864524841623523e-05,0.0972797232442988,11327.441960989348,2.0,4.626302793030115e-07,2.75e-06,0.0202017211935843,0.0069810671518212,0.0035887150525599,0.0002008157778112,3.927028751663556e-05,2.1781561834675993,False
87,2,2.700195441679113e-05,0.0666265982886765,16058.09507997206,3.0,4.750742602116005e-07,2.75e-06,0.0294479531391197,0.0065104217665308,0.0005254147495154,0.0001533456210159,2.779760584450773e-05,2.178834572666473,False
263,1,4.8630481461810734e-05,0.256883548078185,20757.96221914468,1.0,4.657926176436257e-07,2.75e-06,0.0319660865784455,0.006348119648273,0.0004920329572447,0.0001451534324337,3.2316511728470566e-05,2.1801046381964495,False
149,4,0.0001826011460223,0.1149954860289471,24197.77922904806,2.0,4.571217133501831e-07,2.75e-06,0.020854006430531,0.006962100849,0.0045409721824211,0.0002566242308709,3.41930589010098e-05,2.180315605522632,False
238,3,0.0004474900518051,0.2801516423616452,24782.473574303775,1.0,4.607831552954109e-07,2.75e-06,0.0216126639960553,0.0069299572730585,0.0045274119215895,0.0001536800098601,3.324614690388015e-05,2.1803448073586877,False
132,0,4.396166108315682e-05,0.2495912925121973,19978.70420926703,3.0,4.767895091548061e-07,2.75e-06,0.036486599688479,0.0060082459609637,0.0004962859390081,0.0001764864264015,3.164986471439484e-05,2.1821697484960354,False
151,3,0.0001295969673893,0.2957568124374523,14058.604047860965,2.0,4.594288052507343e-07,2.75e-06,0.0211302703489075,0.006963175374561,0.0045393640904243,0.0001658066855214,4.209931177265749e-05,2.1838370700034937,False
343,0,0.000137530076309,0.197890301083938,11660.71426038323,1.0,4.588904433708619e-07,2.75e-06,0.0202138298961941,0.0070057388245816,0.0045957796931684,0.0002329408358858,4.260652020978212e-05,2.185188138876626,False
86,3,3.207172432536403e-05,0.0493812093283169,18979.704994850144,3.0,4.642918581105053e-07,2.75e-06,0.0208001742365701,0.0069824026086584,0.0004716552288206,0.0002102096085874,2.769903850912748e-05,2.185347194519077,False
431,0,9.43867849956383e-05,0.2953991470214701,24967.3956518284,2.0,4.721408783130539e-07,2.75e-06,0.03795308109801,0.0058955480512849,0.0009200070887392,0.000191112491159,3.193879781115567e-05,2.185692173697333,False
73,1,6.829355446359954e-05,0.0941883855694437,11293.91301102897,3.0,4.676859440682655e-07,2.75e-06,0.0280075518883261,0.0066269131286424,0.0013931036036999,0.0001485798932946,2.702184544052752e-05,2.1864168232486803,False
162,3,0.0001387418337156,0.0310678191760583,23093.82303433016,1.0,4.648734689591325e-07,2.75e-06,0.0237090044812364,0.0068575752566378,0.0032826228632678,0.0001364259970266,3.064925900451208e-05,2.186797586627547,False
56,0,2.1088026663982107e-05,0.107333939392307,20707.416923187397,1.0,4.701491493848738e-07,2.75e-06,0.0365026729690057,0.0060286195566737,0.0005038402609837,0.0001766171525018,3.209136632805303e-05,2.1873890312383373,False
357,0,2.382387014255036e-05,0.2466026841975363,17855.63804293487,2.0,4.732551563817702e-07,2.75e-06,0.0351361911413911,0.0061405334325807,0.0004973529461066,0.0001649405052826,3.1890609723977804e-05,2.1874019630761823,False
370,4,9.025014800242858e-05,0.0408099536771695,13760.329493243658,1.0,4.661877069348405e-07,2.75e-06,0.0205598836780234,0.0070017096834416,0.0030998913127554,0.0001630171325275,3.163513858031478e-05,2.187974929892018,False
110,3,2.190616853560526e-05,0.2249129151950282,8648.786095834545,1.0,4.441950001998183e-07,2.75e-06,0.0360400466404214,0.006070800324824,0.0005017850416496,0.000615246757324,3.13814578722849e-05,2.188259743870556,False
427,4,1.0855243280789032e-05,0.2962533430190652,2043.4939619742288,3.0,4.6736992009460803e-07,2.75e-06,0.0226943575171693,0.0069109953013169,0.0005342203155831,0.0003082217716757,1.822293259929822e-05,2.188408045454592,False
223,2,0.0001741329125142,0.1688881895632936,17129.366272598483,1.0,4.6165576352771243e-07,2.75e-06,0.0201658835234237,0.0070200085503665,0.0046152264787979,0.0002168532294883,3.6318811981762433e-05,2.18864146851505,False
422,4,2.2175228526309184e-05,0.2753082720857852,16687.188433589985,3.0,4.746423436972508e-07,2.75e-06,0.0365340807059281,0.006031720153938,0.0005040596126045,0.0001762992416563,3.1471755205737936e-05,2.188769697640468,False
478,2,0.000128645574618,0.0970635698401772,16746.076565475414,1.0,4.749861415526166e-07,2.75e-06,0.0321094834659745,0.0063748965692973,0.0036575487514922,0.0001696057585194,3.297061849505504e-05,2.1894527284260996,False
45,4,0.00023582055807,0.0709394149126843,21938.41773863773,1.0,4.6530525436074e-07,2.75e-06,0.0221468310524681,0.006948033007959,0.0042127077313272,0.0001469333944831,3.233680823268647e-05,2.191830087297258,False
56,3,1.4281836760116772e-05,0.1059317312032036,23420.353463007905,2.0,4.704978687403875e-07,2.75e-06,0.0394563687936185,0.0057884696921315,0.0005052927332551,0.0002089634171395,3.166935157011362e-05,2.193001558385473,False
298,4,0.0001508230105472,0.0994370517699303,16088.187086055215,1.0,4.579465012257011e-07,2.75e-06,0.0227762802144633,0.0069253022816068,0.0044648410232271,0.0003288276601887,3.603425559139963e-05,2.193378080964954,False
449,1,0.0002888791761225,0.1777732118370577,20626.746242076384,1.0,4.6126047741905613e-07,2.75e-06,0.0200815758014235,0.0070412977285374,0.0046968894551166,0.0001890193851208,3.469207396962402e-05,2.1936589852158193,False
39,2,1.30495715887812e-05,0.1787052708475126,21789.28765467681,2.0,4.711663271752304e-07,2.75e-06,0.0366931633586689,0.0060422103393398,0.0005102497990143,0.0001778082676353,3.195313489555331e-05,2.194511679247517,False
337,1,0.0001903871860053,0.2239955782143972,22235.24098518769,2.0,4.501897920813162e-07,2.75e-06,0.0200670343642001,0.0070491643484407,0.0047315662421946,0.0002136796040919,3.6312935678899325e-05,2.195699674671292,False
179,2,6.990275839150271e-05,0.0533272104566577,21618.357523565726,2.0,4.771714393060617e-07,2.75e-06,0.0391440957593385,0.0058296735971753,0.0013791352189104,0.0002362453177879,2.9947170863366427e-05,2.1957315764268284,False
224,4,4.907918793525555e-05,0.0442416895766919,20827.83883172848,3.0,4.645078523929851e-07,2.75e-06,0.0208531945964932,0.0070176301771584,0.0005761692123471,0.0001946487647856,2.7825636377179047e-05,2.195774160820211,False
318,3,7.153302642993876e-05,0.171731651499534,6502.073324930978,1.0,4.820767790290291e-07,2.75e-06,0.0424244046087844,0.005509913733052,0.0010602211835874,0.0002480831441065,2.964478854746795e-05,2.1976117614766806,False
82,2,9.218517462937265e-06,0.0869492786966481,24300.280759282185,1.0,4.713013933745745e-07,2.75e-06,0.0373782502499249,0.0060011280755427,0.0005111180741245,0.000184551509021,3.215126012988823e-05,2.1986969947435266,False
279,4,4.081916312913398e-05,0.2926528486780082,15164.122655105582,2.0,4.7449526567568114e-07,2.75e-06,0.035577305700496,0.0061522784935818,0.0004886550175326,0.0001681442505552,3.172263192600172e-05,2.1988947142437887,False
153,4,3.066690892552857e-05,0.2318505797456929,22025.74437037588,3.0,4.647971480456962e-07,2.75e-06,0.0371247474645911,0.0060291103198696,0.0005081763812202,0.0001813822541161,3.176858460087687e-05,2.200163952992613,False
218,1,3.74894950296347e-05,0.0605225468085012,22945.007682776413,2.0,4.698889387144385e-07,2.75e-06,0.0411219522524828,0.0056607156694868,0.0004854332955271,0.000240347710186,3.080495067361098e-05,2.201010104045278,False
353,2,0.0001325573237868,0.0532006519158075,17942.17709868971,1.0,4.476725394365298e-07,2.75e-06,0.0244377171451052,0.0068783326941311,0.0039765474090809,0.0003643409189001,3.2951323298037006e-05,2.202154855403636,False
160,0,4.746540262516693e-05,0.1149501378549985,9051.000605130148,1.0,4.733983964092102e-07,2.75e-06,0.0415704055791748,0.0056244125117724,0.0005442795741461,0.000235862261103,3.0266315058574208e-05,2.203108357219191,False
300,2,4.672825315341184e-05,0.0524342271470609,6693.877603650938,1.0,4.664221102514139e-07,2.75e-06,0.023439374289959,0.0069320836258527,0.0007845107082081,0.0001362459791832,2.55722838619168e-05,2.2036921001984253,False
200,2,0.0001116137094295,0.2630501259394619,15302.640872423442,3.0,4.768693438033063e-07,2.75e-06,0.0354267895987484,0.0061843516022204,0.0033784008218593,0.0001915172208614,3.563408887938765e-05,2.203787855295373,False
59,0,8.176342339840674e-06,0.0778841673430016,14971.54947504121,2.0,4.698630034673892e-07,2.75e-06,0.0400047771367527,0.0057835574613501,0.0004988907491834,0.0002321336274463,2.9778876594294743e-05,2.2038912330758476,False
398,2,1.8643880083591325e-05,0.0336648669232481,19929.795594094896,2.0,4.6623671558856166e-07,2.75e-06,0.0247363736582356,0.0068700342573734,0.0004721442567959,0.0001363590723215,2.863694000775847e-05,2.2039384723832507,False
245,2,9.93680486392552e-05,0.1084653714160757,24786.8173510311,3.0,4.743084077576612e-07,2.75e-06,0.039707618805469,0.0058141364811967,0.0025902660395277,0.000237947708626,3.0987544556177074e-05,2.2043909787134397,False
413,3,3.427964643253451e-05,0.2389487266666845,12693.051825357952,3.0,4.71373160150701e-07,2.75e-06,0.0398672424626423,0.0058014946258824,0.0005084126694085,0.0002126469951204,3.041548602787986e-05,2.204979967315899,False
92,1,5.489049831673788e-05,0.282574163479761,18506.614366636262,3.0,4.72334889445685e-07,2.75e-06,0.0373197403919571,0.0060327488810616,0.0005052673028564,0.0001829877448352,3.1562415525035306e-05,2.2050281440516764,False
411,4,0.0001789957174792,0.1287776079902603,24264.349995534063,1.0,4.719447626411652e-07,2.75e-06,0.0341422988309063,0.0062895119670409,0.003461062061609,0.0001810663137394,3.1785155942095494e-05,2.2051555203166187,False
345,1,5.454322438844053e-05,0.1602933150381678,14720.331801183367,1.0,4.666255120472359e-07,2.75e-06,0.0379091548490736,0.0059877126049717,0.000524968013052,0.000188726333395,3.179914462866655e-05,2.2065149875560297,False
30,2,0.0001647657592324,0.280399353017537,24133.15459830809,2.0,4.463807846208333e-07,2.75e-06,0.0290217196250947,0.006647542754373,0.0039999927462316,0.0004740008802244,3.3147875646735994e-05,2.2078099255557326,False
443,3,0.0002029532288358,0.2810796967529071,24821.286578629868,1.0,4.485596636596834e-07,2.75e-06,0.0327488358011279,0.0064062271251858,0.0034312675055074,0.0005395714037543,3.198226276095983e-05,2.208823041291458,False
197,3,4.360765401207304e-05,0.2536278594635378,19991.86218289198,3.0,4.692231215613736e-07,2.75e-06,0.0376481426602121,0.0060300273275923,0.0004925351710481,0.0001861812242044,3.164532621655888e-05,2.211139487192388,False
447,1,5.703979153272161e-05,0.0910723863624061,14347.182956587149,2.0,4.714098422676629e-07,2.75e-06,0.0425026557507621,0.0055733631977365,0.0006482984496125,0.0002600088755938,2.962222510284725e-05,2.213340028660958,False
295,1,1.425731384741658e-05,0.1249008498492238,14232.917973655109,1.0,4.732140435277772e-07,2.75e-06,0.0386899739293171,0.0059481198714142,0.0005088005787193,0.0001973821025109,3.175670257613826e-05,2.213599257631034,False
12,4,0.0001204989577268,0.1275173303737679,15989.935302842612,2.0,4.55084618701981e-07,2.75e-06,0.0219630088070256,0.0070348163028577,0.0045640004026922,0.0002978587510295,3.980368115925512e-05,2.213616571781607,False
442,3,2.9160651776094903e-05,0.1993326797861595,24463.90011324744,3.0,4.6929774009449e-07,2.75e-06,0.0383260755272869,0.0059852289257859,0.0005052109752058,0.0001934710353449,3.181605836602738e-05,2.2146452612226732,False
183,3,1.9151148578593077e-05,0.0813401203830032,19544.44423713102,2.0,4.811150185721279e-07,2.75e-06,0.0417996687180753,0.0056530305609789,0.000507841115355,0.000242584873982,3.0941034361680114e-05,2.2147242155689573,False
70,2,4.088832940705484e-05,0.0931193984994399,23485.473220519907,1.0,4.68092855534778e-07,2.75e-06,0.038477495122479,0.005972988090857,0.0004912086664898,0.0001946493316037,3.2087926586203015e-05,2.214947142926094,False
281,0,2.751776248328156e-05,0.037889194350773,8820.891465171706,1.0,4.63717146336633e-07,2.75e-06,0.0217342938073466,0.0070513930566571,0.0004936073353138,0.0002687047219478,2.6365180377191908e-05,2.2154775858365587,False
350,4,0.0001336109592206,0.0824294005583784,14073.862604538044,1.0,4.562721282907291e-07,2.75e-06,0.0204092048795171,0.007109172464354,0.0045574560669257,0.000237830164967,3.840884801792647e-05,2.216297161744071,False
440,3,9.297914106751824e-05,0.0522890777347909,18999.85190751875,2.0,4.593228562525257e-07,2.75e-06,0.0204649522843386,0.0071073886675994,0.0031930269002284,0.0001861762317803,3.1476384684211204e-05,2.2164215982627398,False
288,2,6.789343190126358e-05,0.2602266219691183,11069.10937126776,1.0,4.747358142691887e-07,2.75e-06,0.0377626511895094,0.006047109832415,0.0005803038287419,0.0001868478750366,3.1645483922655656e-05,2.2175656114730833,False
258,2,0.0001464866658596,0.1505384601603411,19948.820856941125,2.0,4.482636407302105e-07,2.75e-06,0.0263754120085806,0.0068391967213658,0.004425553135154,0.000406256454133,3.613476803224724e-05,2.2185711894277342,False
141,1,0.0001750595954458,0.1523811337852534,23279.967277340755,1.0,4.447037472643456e-07,2.75e-06,0.0334055838211692,0.006399619417433,0.0036071038722066,0.0005414363848223,3.1990193776276624e-05,2.2190538977002094,False
408,1,0.0001459921123243,0.1402362103473659,19005.57537773613,1.0,4.6671649972888725e-07,2.75e-06,0.034291260087943,0.0063376403030391,0.0035369402502967,0.0001818512755675,3.242802029115183e-05,2.2199239243788003,False
79,1,0.0001383353305219,0.0692739185097888,18369.826234574924,1.0,4.687494094179722e-07,2.75e-06,0.0299695987816471,0.0066442206247641,0.003922762543449,0.0001585385092921,3.293289881344622e-05,2.222245113020866,False
406,0,0.0001135662167618,0.1185743415403189,20676.292818512127,2.0,4.7236256847555386e-07,2.75e-06,0.0374942334097628,0.0060940879492369,0.0032146802658314,0.0002169995490388,3.203374878340222e-05,2.2232495361186375,False
162,4,0.0001150474679283,0.2208849371097722,24210.65592313841,3.0,4.6912467878465843e-07,2.75e-06,0.0394618067983827,0.005923080107513,0.0028055682914904,0.0002256302024201,3.163219534472072e-05,2.22423934029907,False
410,0,0.0001577487568656,0.2892345032455923,20770.56268856212,1.0,4.7226828245363e-07,2.75e-06,0.0354638473641002,0.0062665277468157,0.0031463476319967,0.000186402950958,3.20305569577281e-05,2.2246532979708404,False
9,4,2.0603721032808223e-05,0.2706768981301969,24510.54893664456,2.0,4.67156876653882e-07,2.75e-06,0.0351884915062753,0.0062920512417909,0.0005047462519659,0.000163615457789,3.222640800890956e-05,2.225633259416346,False
175,1,0.0002357056586789,0.228567035958521,22852.03150694061,2.0,4.5519085370330534e-07,2.75e-06,0.0200606856225157,0.007162438326686,0.0049455433681755,0.0002147317213351,3.685106347031951e-05,2.2273654761163684,False
142,2,5.20091277933737e-05,0.2003542392270664,17218.33300445483,2.0,4.660592239235049e-07,2.75e-06,0.0397648600755265,0.0059117001084714,0.000521127194674,0.0002077983792416,3.155328440325035e-05,2.228140281743381,False
110,0,0.0001637049689834,0.1136766948899631,16093.999375772855,1.0,4.57260316633597e-07,2.75e-06,0.0200444253824213,0.0071670189071353,0.004829419918285,0.0002193608871825,3.801258444774407e-05,2.2284724777882605,False
183,0,8.531152609827024e-05,0.0464397847656249,15752.259928191394,1.0,4.7386900676162724e-07,2.75e-06,0.0389904250336474,0.0059959650043078,0.0021951495681129,0.0002376391078968,3.0350284837020915e-05,2.2311768431761068,False
201,0,0.0001608295923881,0.1843178185869828,20622.911478003025,2.0,4.600377164475844e-07,2.75e-06,0.0212674625397892,0.0071316453560638,0.0048461309353357,0.0002712200165197,3.726344540222519e-05,2.2323192074468765,False
193,1,0.0004585624079672,0.1987553994447081,23380.096672486197,1.0,4.589318142469049e-07,2.75e-06,0.0202468338933947,0.0071798045877013,0.0047066123220609,0.000217488339092,3.362057551312925e-05,2.234272279747218,False
182,3,0.0002823849551143,0.220236225459062,24236.218604630674,1.0,4.633449590345318e-07,2.75e-06,0.0299524174585938,0.0066925898526178,0.0041179453376947,0.0001537922065763,3.260087610589037e-05,2.2345859805461763,False
35,0,5.874172040700593e-06,0.0704461135106686,8380.764690390895,2.0,4.60772752468481e-07,2.75e-06,0.0209057140449055,0.007164884979206,0.0004892837707299,0.0002086617862991,2.445786899027914e-05,2.2374511449193997,False
400,3,0.0002640799102638,0.2391389691956433,24236.39581717647,2.0,4.5736934632608273e-07,2.75e-06,0.0203555464772854,0.0071903077776434,0.0049854306030343,0.000181836323211,3.622877700753537e-05,2.238411329661777,False
179,1,5.386395687996283e-05,0.2083090180725732,18684.969730349792,3.0,4.719962029347866e-07,2.75e-06,0.0414619620136334,0.0057939049307936,0.0005175394798316,0.000227794214196,3.124145453404345e-05,2.2386426700448636,False
328,2,6.78399986397371e-05,0.2472655594331083,18900.09088104934,1.0,4.6554883756999526e-07,2.75e-06,0.0366537865007673,0.0062336090117945,0.0005350633652697,0.0001747405664052,3.218002200022728e-05,2.2399226705339963,False
69,3,0.0001098623504773,0.1602743113852462,17650.03162572532,2.0,4.719859706144177e-07,2.75e-06,0.0387093021602655,0.0060624934746971,0.0032052330201752,0.0002258122894287,3.281193722402208e-05,2.240896401811402,False
187,2,9.260091692266993e-05,0.2662873821104093,6053.228769889363,2.0,4.419636499035013e-07,2.75e-06,0.0381236583572012,0.0061191336023745,0.00326581757579,0.0006017304276365,4.859203585702927e-05,2.2421464531684556,False
13,0,3.4349387690733764e-05,0.2482835597984105,24212.231554988997,1.0,4.716570572638518e-07,2.75e-06,0.0347957977343157,0.0063940894101937,0.000502972202122,0.0001599060388017,3.2400901612271314e-05,2.2434334927596584,False
346,0,9.356261402009036e-05,0.0566829418376225,12199.492417029944,1.0,4.646786155332329e-07,2.75e-06,0.0319212945800357,0.0066195809183314,0.0032563049670872,0.0001780846396706,3.372807575176518e-05,2.248630006163665,False
480,1,3.190448157700836e-05,0.1476754998962767,16571.779793377555,2.0,4.7509409960137015e-07,2.75e-06,0.0420126124450486,0.0057884883025266,0.0004813462633787,0.0002346911237811,3.12740165289372e-05,2.2498407778496716,False
5,3,0.00023043601121,0.2109530842379672,19928.835467777182,1.0,4.463832486031737e-07,2.75e-06,0.0231729628660195,0.0071131855468669,0.0047283483370899,0.0003442860316512,3.5477508627295954e-05,2.250110291268334,False
169,2,3.396502423942338e-05,0.2416371508439818,3207.877776155862,3.0,4.574860561864698e-07,2.75e-06,0.0301944719517844,0.0067379554042559,0.0005330809689786,0.0004768397304516,1.719406458882777e-05,2.250367599326439,False
472,4,4.837319291030826e-05,0.095967358588109,8677.597529651885,3.0,4.57009920314737e-07,2.75e-06,0.0213133574444438,0.0071957948938474,0.0005451756580701,0.0002429660487487,2.307870187147896e-05,2.250724426360534,False
446,0,4.958942399081813e-05,0.2484535811514981,3123.5537313754007,3.0,4.782680368661354e-07,2.75e-06,0.0331552212098867,0.0065460976066313,0.0006851433821343,0.0001875562625095,2.014683432637549e-05,2.2515198694304006,False
243,4,3.317834422497248e-05,0.2382946870625937,11272.252078143392,1.0,4.738866862525978e-07,2.75e-06,0.0378563649947441,0.0061854418717837,0.0004969677846564,0.0001859341300696,3.182448927102786e-05,2.2524961726572643,False
70,3,7.424891721785941e-05,0.1385958092336312,6961.945167217618,3.0,4.5958956798169733e-07,2.75e-06,0.0205673985224916,0.0072330747097779,0.0023875981728682,0.0001861740757457,3.598907045072295e-05,2.2527280366556783,False
97,3,1.7513648429588896e-05,0.2318178545945559,12106.1349355888,3.0,4.731885154699693e-07,2.75e-06,0.0422576442054745,0.0057801888500957,0.0005177326912399,0.0002380553989205,3.025759139171673e-05,2.253541280520671,False
233,3,5.879407842011293e-05,0.2203566736356745,10205.726921406938,1.0,4.703299166931247e-07,2.75e-06,0.0402543421266641,0.0059832788164962,0.0005512848126983,0.000211083806705,3.144416663872364e-05,2.255291888789674,False
368,3,0.0001343388084532,0.2877081537662747,22041.158434236087,2.0,4.7185388752819773e-07,2.75e-06,0.037386937965839,0.0062376048599765,0.0032637153099499,0.0002061299052607,3.2267554903490014e-05,2.2555303375131532,False
186,4,7.542602991161244e-06,0.2291226315820341,15345.216046413412,3.0,4.704959503841046e-07,2.75e-06,0.0413390599060027,0.0058837569096227,0.0005076177491736,0.0002254190947415,3.106697900342542e-05,2.2562521177502273,False
12,2,9.203746577460876e-05,0.1699423412549714,20429.10379253204,2.0,4.699842500266743e-07,2.75e-06,0.0446571489546371,0.0055406233816099,0.0015543615792003,0.0002732616894707,3.1250957761555646e-05,2.257174297058953,False
405,0,2.042844856209505e-05,0.0571607810853425,8279.472384522735,1.0,4.736314998298598e-07,2.75e-06,0.0387474332722336,0.0061289805192353,0.0005172991286128,0.0002294306834113,2.7867527906922203e-05,2.257404894236905,False
219,4,1.718787669664567e-05,0.0760238613112123,24119.74186493919,2.0,4.738127817355343e-07,2.75e-06,0.043402883688498,0.0056814095487081,0.0004977187480299,0.0002571291429107,3.1389382003922344e-05,2.258024824221064,False
289,3,0.0001373452675067,0.1679478205615039,16882.38665403978,2.0,4.6491982196299287e-07,2.75e-06,0.0198955207755619,0.0072813023707719,0.0050201684491406,0.0001940282760565,4.130458084646392e-05,2.2589504682329458,False
206,4,6.630893882953473e-05,0.2702539255668227,15780.960739301843,1.0,4.671094994672745e-07,2.75e-06,0.0378529725315879,0.0062136419366834,0.0005392614851423,0.0001856639448534,3.2076380048267666e-05,2.259184844021636,False
83,1,3.455543487542469e-05,0.0892229775644391,15201.79103972362,2.0,4.751014350570082e-07,2.75e-06,0.0434284252801463,0.0056845220872716,0.0004730187099831,0.0002661815200604,3.0058814924071257e-05,2.2593029752148697,False
213,0,0.0001224176289641,0.2297345645931789,18600.276098786188,3.0,4.701502750782136e-07,2.75e-06,0.0321733702643423,0.0066468720175588,0.0041014713125724,0.0001685194414028,3.689186047054977e-05,2.2599771750093574,False
421,2,0.0001593316586041,0.0490062029873013,23257.32367652538,1.0,4.764168532736809e-07,2.75e-06,0.0344494791972486,0.0064876949529391,0.0034850723253113,0.0001959637239323,3.121090897825746e-05,2.260322683365957,False
406,3,6.217696354968033e-05,0.2238389079638337,4755.644328745111,1.0,4.75784620194389e-07,2.75e-06,0.0445604004700083,0.0055705484586445,0.0006732844370019,0.0002688209125583,2.8639623726074544e-05,2.26127461041462,False
430,0,0.0002036732496858,0.2801387434863173,21897.616012459344,2.0,4.566826527132066e-07,2.75e-06,0.0202624387478391,0.0072763949381145,0.0050125410230677,0.00018216801724,3.752528072883604e-05,2.261524631079585,False
362,2,0.0002435108057122,0.0711614537291315,22104.572668249177,1.0,4.652862791621878e-07,2.75e-06,0.0284118135227213,0.006889064365762,0.0041465852762983,0.0001497950445855,3.224778443143019e-05,2.2620852233582034,False
238,4,3.0801485996790567e-05,0.1252679099461345,24302.85145522948,1.0,4.682180608885704e-07,2.75e-06,0.0387302539042123,0.0061567516007872,0.0005012810402518,0.0001941553331484,3.225178209315685e-05,2.26362834552419,False
75,0,3.449853933496152e-05,0.2674332009700771,23382.138075003582,3.0,4.6564833374107196e-07,2.75e-06,0.0389901476773071,0.0061417912431147,0.0005068254660001,0.0001968805722246,3.192913429434518e-05,2.2654936287611607,False
76,3,4.132635659317229e-05,0.2628885410804429,15611.943569097106,2.0,4.691542877808131e-07,2.75e-06,0.0395681520748931,0.0060978306643034,0.0004912356866004,0.0002026235314528,3.1677724651724784e-05,2.2672892693897664,False
130,4,0.0001876745054732,0.260099908502298,17693.108557505584,1.0,4.497145071018287e-07,2.75e-06,0.0238622666183915,0.0071444732934685,0.0046891660478262,0.0003618371351762,3.6614545617364513e-05,2.2674225103537733,False
123,0,1.9623430403633332e-05,0.0690554360692609,14680.239688906498,3.0,4.739603788455938e-07,2.75e-06,0.0327329217570101,0.0066402122220449,0.0004934536521085,0.0001817555895796,2.7255848279100984e-05,2.2679984622564855,False
379,1,1.8867051433926265e-05,0.2476702465849225,19600.43330219003,1.0,4.7148410704342246e-07,2.75e-06,0.0365462063397849,0.0063641369999952,0.0005057676891736,0.0001726988201591,3.233088486119049e-05,2.269600632783648,False
483,3,3.153415485508665e-05,0.2404620309238803,16498.90008989301,3.0,4.750563408141472e-07,2.75e-06,0.0415052089704089,0.0059317631427995,0.000500515854739,0.0002258331985731,3.127940773502568e-05,2.270863794948662,False
425,2,4.814775209299722e-05,0.2850432739735225,24262.33419415407,1.0,4.695423736357834e-07,2.75e-06,0.0361388812987415,0.0064100055395595,0.0004945530230131,0.0001693419239009,3.240275457921168e-05,2.2729452540226336,False
494,1,0.0002799497834108,0.2946063745993692,24292.38899530076,2.0,4.55079142982761e-07,2.75e-06,0.0215266540876063,0.0072675898360078,0.0050809926601087,0.0002872578808377,3.654861025314916e-05,2.273188100838117,False
257,3,0.0001439652609256,0.209325793993302,16673.01360004108,2.0,4.539224482020182e-07,2.75e-06,0.0205726214374643,0.0073084965599648,0.0050570096262039,0.0002446436973704,4.2081229649081895e-05,2.273912206610499,False
222,2,6.651622297932362e-05,0.1665383678134101,15380.206672747136,1.0,4.751700288188514e-07,2.75e-06,0.0415461402129649,0.0059434810188283,0.0005742976915264,0.0002251614348534,3.1816247906617565e-05,2.2744400897306574,False
22,2,6.968617836397536e-05,0.2872666318831484,19121.12137850529,2.0,4.731914982531936e-07,2.75e-06,0.0405279577593736,0.0060511463652632,0.0005834599499456,0.0002125272184187,3.185967024157181e-05,2.276918746985821,False
357,2,6.687975045120067e-05,0.0505856662301727,19088.5029522482,3.0,4.6664708854227286e-07,2.75e-06,0.0248956231898034,0.0071314469920783,0.0014242574781373,0.000137176528299,2.7693727892913808e-05,2.277296782236515,False
373,1,5.649737758464834e-05,0.2488437712785516,16916.06809914655,2.0,4.7193619596992826e-07,2.75e-06,0.0408476346293915,0.0060249259589057,0.0005210012343044,0.0002167633555363,3.168172673621921e-05,2.2777820585557613,False
44,0,3.2435325111881905e-05,0.1087932513424215,16012.48275421749,3.0,4.769940260618404e-07,2.75e-06,0.0439596241661581,0.0057142700707336,0.0005180613023779,0.0002744123085641,2.965063063020291e-05,2.2782234758893307,False
363,0,0.0001602818196524,0.1698713003897788,19390.72500642937,2.0,4.591439511269729e-07,2.75e-06,0.0201197706925014,0.0073416721156959,0.0051397662385042,0.0002078940291853,3.95957088653997e-05,2.2783136292755177,False
139,2,0.0001193361260637,0.1263800939731434,24345.571602437947,2.0,4.7046292913888093e-07,2.75e-06,0.041130382220384,0.0060051235974036,0.003093784132892,0.0002504462102963,3.1621458929819014e-05,2.279391061292629,False
137,1,1.3423834952128877e-05,0.2303270079650165,19433.60724532466,2.0,4.71752329175755e-07,2.75e-06,0.0396957582519796,0.0061380755164968,0.0005059113514419,0.0002035010932835,3.1959602239624764e-05,2.27943035739424,False
142,0,0.0001214836443014,0.1977954116519221,21146.842493758875,2.0,4.73060864386278e-07,2.75e-06,0.0407813118738011,0.0060460922261494,0.0030857044449964,0.0002424536326685,3.2012489279798925e-05,2.281228896618522,False
352,3,0.0001463851099574,0.2422776958912019,18239.02075135627,1.0,4.692013084986079e-07,2.75e-06,0.0385727041217723,0.0062477451728655,0.0031959948789961,0.0002169142395495,3.228766410416248e-05,2.282031339999108,False
244,0,4.300611524951656e-05,0.0757022213258633,11115.975196126596,3.0,4.618775018759941e-07,2.75e-06,0.0229995491479512,0.0072492042910315,0.0004982468835985,0.0001378010122358,2.436335953089613e-05,2.285526268602468,False
199,2,6.029297367594353e-05,0.1912744208070136,3826.8066646604366,3.0,4.654595200363778e-07,2.75e-06,0.0226823558212763,0.0072642112086361,0.0012173593379535,0.0003053251755169,2.734784934730033e-05,2.2858374077718384,False
252,4,8.724324202503106e-05,0.0681108031934893,22369.27800821881,2.0,4.769915069893192e-07,2.75e-06,0.0437065353156681,0.0057857991732492,0.0021847785716141,0.000287522444854,3.0490659783098792e-05,2.288039926602323,False
398,4,0.0002696327540139,0.2839560779110449,22916.08322012657,2.0,4.558105107723138e-07,2.75e-06,0.0206506453548382,0.0073631916823279,0.0052142806691869,0.0002377044607195,3.788142732449658e-05,2.2900980109122298,False
245,3,3.2903847157757085e-05,0.159387603424413,15411.580863125448,2.0,4.718208222699883e-07,2.75e-06,0.0437922586527815,0.0058017363124106,0.0004938504171204,0.0002539063478176,3.117307090163859e-05,2.2935396233267284,False
175,0,3.857250961223203e-05,0.1671469696792002,16450.015954841816,2.0,4.722816207589362e-07,2.75e-06,0.0436058930243626,0.0058217814962566,0.0004833734685465,0.0002503858196686,3.13475355792784e-05,2.2936632466677263,False
377,2,2.9704282545196477e-05,0.2344791143760471,13507.150727576634,3.0,4.710527697629481e-07,2.75e-06,0.0438110163622179,0.0058111696220066,0.0005054854017391,0.0002535999097838,3.066795281028064e-05,2.2960550096965995,False
354,1,0.0001406140018346,0.255356989916289,13367.174666241805,1.0,4.688494184045664e-07,2.75e-06,0.0352298969270862,0.0065774539297634,0.0038454222719029,0.0001911691931755,3.670266697710047e-05,2.2972264701158984,False
440,0,6.185471876581498e-05,0.185844249455987,16467.898884459213,2.0,4.74844297298843e-07,2.75e-06,0.0444933183145202,0.0057478494127549,0.0005797224159192,0.000260990952215,3.13257642689689e-05,2.2980647285548295,False
465,2,3.513148307924358e-05,0.1600845552592503,18755.961490694448,3.0,4.75698213372775e-07,2.75e-06,0.0446482986671614,0.0057360196463353,0.0005037371341401,0.0002666009938036,3.104338660815786e-05,2.2991317302789884,False
358,0,2.687179568281437e-05,0.1403547369391707,18157.8227266882,3.0,4.70234253377603e-07,2.75e-06,0.0451485224424407,0.0056834774853735,0.0005141908069206,0.0002763280516513,3.0741376317086626e-05,2.299598293964452,False
235,0,0.0001062677913646,0.024305912259073,23337.269557394266,1.0,4.717962804102366e-07,2.75e-06,0.0307169470590511,0.0068943594077245,0.0027121476675784,0.0001720095542155,3.0208743212727997e-05,2.2997080243881047,False
43,2,0.0002094607682648,0.1347275082519156,17403.666989601577,1.0,4.634463147026849e-07,2.75e-06,0.0199754280211606,0.007423447175211,0.0051927203870032,0.0001955085898158,3.837389301015585e-05,2.2997778083132605,False
286,4,0.0002282816735612,0.2407721065492027,22896.82491965459,2.0,4.701269109551043e-07,2.75e-06,0.0252786137294567,0.0071953272532567,0.0049837754372187,0.0001394805193203,3.656367776854073e-05,2.299822195573745,False
339,2,0.0001836091915974,0.1395448409253166,16655.41002755775,1.0,4.638919452317344e-07,2.75e-06,0.0222807420553811,0.0073409961122904,0.0050836943034501,0.000147631105108,3.8605990254518976e-05,2.30237801259873,False
308,4,4.591073242755198e-05,0.2089413244212341,18235.151676282483,3.0,4.734500633961211e-07,2.75e-06,0.0437919187668909,0.0058452794002991,0.0004805698691535,0.0002522245858464,3.124991947573033e-05,2.3031520107384353,False
40,1,0.000144397506719,0.151020295338941,14051.311141392363,1.0,4.700985968947592e-07,2.75e-06,0.0277047063662212,0.007091716984708,0.0047266343078984,0.0001471069094107,3.96693833189023e-05,2.305637626403339,False
409,3,0.0002618254624092,0.2712894527061386,20389.48713057022,1.0,4.614304837213863e-07,2.75e-06,0.0263602924876081,0.0071688793571045,0.004779952925245,0.0001406284293505,3.567791570280145e-05,2.307332305214224,False
83,0,0.0003575014846682,0.2000925272707346,19873.9999927272,1.0,4.542836923901387e-07,2.75e-06,0.0200362393723853,0.0074538044367313,0.0052243435975238,0.0002029165288946,3.7560131689512505e-05,2.3089627136217805,False
24,4,3.10640548250482e-05,0.2063024607661332,12803.910133146404,1.0,4.72761047684964e-07,2.75e-06,0.0409730536665003,0.0061619550014378,0.0004962598333165,0.0002156965228115,3.190165841203827e-05,2.3122169987755647,False
499,0,0.000122222764016,0.1164724266720512,20042.44251040605,2.0,4.684928124778923e-07,2.75e-06,0.0371723896825543,0.0064892046679496,0.0038371826155677,0.0002196538294941,3.380598045911676e-05,2.312407583314682,False
6,3,0.0001248899393075,0.2161827539359958,24866.771083704563,3.0,4.736402526793981e-07,2.75e-06,0.039645541674061,0.006284105796909,0.0035127285114778,0.0002348251554218,3.2463108739115054e-05,2.312822294037444,False
174,3,1.9335936857719556e-05,0.2085218035210798,15968.345738550712,2.0,4.721979841249678e-07,2.75e-06,0.0429349259442045,0.0059787968262691,0.0005006526571345,0.0002398296312918,3.1579702431359806e-05,2.313449643077436,False
445,3,8.50039328058973e-06,0.134742364303969,18760.45327362432,1.0,4.668866906549002e-07,2.75e-06,0.0416253981886258,0.0061091107639126,0.0005109245488445,0.0002236975754949,3.212041851326405e-05,2.3141169858553674,False
119,0,9.887964246817926e-05,0.0622143152821014,19302.246967813444,1.0,4.759299481493762e-07,2.75e-06,0.0462367855560738,0.0056579608449283,0.0021312278088802,0.0003085538181669,3.1005367149548135e-05,2.320237684597528,False
369,0,1.3805809957380128e-05,0.1274428320214598,12233.331481761174,3.0,4.765025183813851e-07,2.75e-06,0.0453342403604398,0.005761909727666,0.0005183519875253,0.0002935649855828,2.8641350727384143e-05,2.3209486006501585,False
389,0,0.0001621913608857,0.0840037059004965,15894.27497838586,1.0,4.6317082013922754e-07,2.75e-06,0.0211232177404733,0.0074602754135893,0.0050582080111341,0.0001568360781253,3.882044710939465e-05,2.322492329554555,False
276,4,1.5090474089634176e-05,0.2077308111636937,16943.741248633964,2.0,4.765650207575885e-07,2.75e-06,0.0428949992953104,0.0060232581501802,0.000506674639322,0.0002383280244689,3.170862793211439e-05,2.322590015172742,False
365,0,0.000128644384459,0.2063831402455292,15536.927513828154,2.0,4.694899646600936e-07,2.75e-06,0.0318046093644222,0.0069155387140159,0.0045261511360066,0.0001681330397555,4.019940796763143e-05,2.3230612136342095,False
106,1,2.265881067205935e-05,0.2508336793059251,17548.63781602151,2.0,4.6554270158930594e-07,2.75e-06,0.0418211462568703,0.0061492153004962,0.0005079571342795,0.000224960647795,3.186555181406075e-05,2.327618938210231,False
474,4,9.394453162837809e-05,0.2707078626686937,11564.289139184968,1.0,4.751005338614394e-07,2.75e-06,0.0451721215384788,0.0058111775011708,0.0010392471396256,0.0002686515196355,3.1409908354773706e-05,2.327816394766855,False
479,0,5.04383808158142e-06,0.1113033255101426,6157.679604011079,1.0,4.807197868974945e-07,2.75e-06,0.0460873615882249,0.0057105890430544,0.0005346534786778,0.0002962576202555,2.861038958605645e-05,2.3278629554021113,False
382,0,3.091442721824465e-05,0.0718660320402073,24299.134931732937,2.0,4.7551260058921444e-07,2.75e-06,0.0466570812089116,0.005646521899552,0.0004881961136135,0.0002976944655899,3.12739040810783e-05,2.3279963501087386,False
355,1,3.5543384725779834e-05,0.2994182419880321,9087.242199231803,2.0,4.763224542544153e-07,2.75e-06,0.0437559952010537,0.0059680600872604,0.0004890291907771,0.000248993936127,3.053806867787658e-05,2.329628618070824,False
75,4,6.289393312205042e-05,0.2804100774420844,11374.149770880524,2.0,4.694184683499559e-07,2.75e-06,0.0450084668634577,0.0058388906342927,0.0005926684659544,0.0002649326636875,3.090911327570521e-05,2.3300185929424777,False
280,1,5.267199211438039e-05,0.197852279643834,24404.624480277987,3.0,4.719306338182861e-07,2.75e-06,0.0441619888757055,0.0059287432169927,0.0005028288830238,0.0002542280738082,3.1722819820693454e-05,2.3301637528767674,False
312,1,9.405691930407213e-05,0.279191393981234,4699.415831338723,2.0,4.737961627096964e-07,2.75e-06,0.0284891286502482,0.0071418396991051,0.0046259992176747,0.0001518419627148,7.031687489261567e-05,2.3305834948913446,False
340,4,2.6541856424641808e-05,0.2249704910668453,4467.938508464739,2.0,4.78143450443305e-07,2.75e-06,0.0461668815724923,0.0057170250247284,0.0004769323811761,0.0002999186524441,2.449101791513892e-05,2.331148646384985,False
26,3,0.0001507505981196,0.276697225519945,16163.727430637344,2.0,4.52155587980588e-07,2.75e-06,0.0200712483606598,0.0075343180308828,0.005337421226076,0.0002014116290332,4.412440724202891e-05,2.332002374595601,False
229,2,6.079668121513047e-05,0.1945881920230317,17477.263725692785,3.0,4.723175542558191e-07,2.75e-06,0.0466012127578804,0.005679361094745,0.0005590699709779,0.0002891842690176,3.0940010812806046e-05,2.33359824248674,False
141,3,0.0003215937646492,0.1968257013965476,24353.50323102618,2.0,4.629527983488929e-07,2.75e-06,0.0225688897812759,0.0074430052841704,0.0051342783872311,0.0001466130557115,3.647338150451829e-05,2.334119729822691,False
226,1,0.0001335390197432,0.2222353474056106,13985.26185659022,2.0,4.570083591364719e-07,2.75e-06,0.0215601765750894,0.0074897095415141,0.005313438468359,0.0002801572299373,4.6697761598152216e-05,2.335584428334298,False
79,4,3.0124482736598266e-05,0.208530578089913,6493.107497598008,2.0,4.747354068663731e-07,2.75e-06,0.0469084349283968,0.0056554420680039,0.0004730165003072,0.0003012379971028,2.772080904499196e-05,2.3359951574632722,False
452,1,9.074195966781232e-05,0.2588782288790885,19815.2920346766,2.0,4.742016553180858e-07,2.75e-06,0.0462122051671619,0.0057536811178183,0.0010452219665531,0.0002817755211898,3.161032564908233e-05,2.340084224531381,False
65,0,2.8636237214594337e-05,0.0920129142635231,5747.855117663032,2.0,4.595898230631469e-07,2.75e-06,0.0210586166948235,0.0075260996234107,0.0004196395418201,0.0002341233074866,2.08902239995516e-05,2.34023132253648,False
448,4,0.0002291857744167,0.1547299612791113,23365.81502432923,2.0,4.666784945511993e-07,2.75e-06,0.0274099987438298,0.0072366510688845,0.004981757555006,0.0001442400880368,3.6444380659369e-05,2.340373496720846,False
378,1,0.0002179231232976,0.0970023984898678,23220.173060485817,1.0,4.749449292530111e-07,2.75e-06,0.0381494064863948,0.0065276052593548,0.0039077402410106,0.0002275174514363,3.199495193922562e-05,2.34094913964166,False
299,4,3.862066961737161e-05,0.1549822566714561,19153.65566976776,1.0,4.669181163274249e-07,2.75e-06,0.0424976670988375,0.0061485584289732,0.0004946987812713,0.0002317488064928,3.2135246483773465e-05,2.3422789707523575,False
208,3,3.798831368194948e-05,0.2927930988737934,9818.15636781836,3.0,4.7530718952077566e-07,2.75e-06,0.0457827044744452,0.005824139250636,0.0004966793140781,0.0002760523032307,2.978445819710973e-05,2.34504080794351,False
384,0,3.5160093465919075e-05,0.2178194154846072,19660.96334811648,2.0,4.732715586472882e-07,2.75e-06,0.0432746723668007,0.0060957690530026,0.0004921106355297,0.0002412450445375,3.190367609069465e-05,2.3474917626610523,False
26,2,0.0001934693485202,0.1246368951275111,16918.241880103906,1.0,4.714171264885532e-07,2.75e-06,0.025091248781836,0.0073806126686579,0.0051319623265875,0.0001398292931962,3.837612836032852e-05,2.348026951718955,False
364,2,4.5825335576818174e-05,0.2568904333806178,21494.870061530703,1.0,4.706638540388833e-07,2.75e-06,0.0405105806588002,0.0063637845236712,0.00049444232302,0.0002082561356709,3.2341524451064093e-05,2.349700632471094,False
255,3,7.811525741428725e-05,0.0368453681371638,20305.50984309645,2.0,4.619472663566714e-07,2.75e-06,0.0208811855275033,0.0075722661478743,0.0025384970091972,0.0001558581175218,2.925884385151252e-05,2.351263285087664,False
45,1,9.444882474108672e-05,0.0666054888431326,9288.476995768811,1.0,4.644542805542537e-07,2.75e-06,0.0258167954433163,0.0073631844975222,0.0040430985079696,0.0001417190150075,4.233561976958646e-05,2.3527877090043123,False
217,3,4.822808252399743e-06,0.1125253395250733,18993.12945143843,1.0,4.729920927244307e-07,2.75e-06,0.0442290263358303,0.0060277543139126,0.0005124959867703,0.0002535075177926,3.205666195761179e-05,2.3537359414242545,False
420,2,5.574655917457754e-05,0.1751179545802626,17953.462254173697,1.0,4.691696031160062e-07,2.75e-06,0.0433215265693529,0.0061252648795422,0.0005141377806972,0.0002409789480406,3.206687480937358e-05,2.355221588340358,False
344,4,2.2334574712232384e-05,0.0294958014252248,19632.895117631037,2.0,4.592881112670074e-07,2.75e-06,0.0210125617770856,0.0075837028890532,0.0004624654614621,0.0002113553167591,2.7761856971550787e-05,2.3558918884823923,False
365,2,6.661531845781193e-05,0.2419272644422955,19821.780482350627,2.0,4.731179095866894e-07,2.75e-06,0.044628484303184,0.0059992779805447,0.0005687772125477,0.0002572979175495,3.182871588772154e-05,2.356532828399558,False
182,1,0.0001141888133307,0.0390961826777251,24943.279208257907,2.0,4.528165603147239e-07,2.75e-06,0.0231522033442598,0.0075023509052727,0.0034682289571931,0.0003202710596942,3.088497581835173e-05,2.3574965297477677,False
400,2,0.0001822284191196,0.1508123832081817,24298.79600396778,2.0,4.74037688507865e-07,2.75e-06,0.0355579974023528,0.0068016863343426,0.0044176341665663,0.0002043033637798,3.3932316904824193e-05,2.3594495439466816,False
18,1,6.330381834769095e-06,0.1792968089449564,8638.089571646393,2.0,4.744428624270326e-07,2.75e-06,0.0479254772658882,0.0056540049588453,0.0005119733730363,0.0003115764646679,2.9297607809825736e-05,2.3605935794748616,False
471,1,0.000134879270684,0.1560910019499758,20764.10265410218,3.0,4.57408836669752e-07,2.75e-06,0.0206604261909408,0.0076140178811774,0.0053826358927263,0.0001656269469332,4.178188558781393e-05,2.3606369058960612,False
297,3,9.075702999576138e-05,0.2896967185164286,4282.783110149887,3.0,4.585446659652506e-07,2.75e-06,0.0228205591082175,0.0075337124135916,0.0045469524043724,0.0003104832251091,7.46774154432399e-05,2.362291479154491,False
121,0,7.275665923701916e-05,0.0708887463089289,5494.724816086288,1.0,4.6195996752123197e-07,2.75e-06,0.0217322724563996,0.0075836039725351,0.0027777811334169,0.0002765891885781,4.047464069793661e-05,2.3637675544023318,False
407,2,2.7749487437842705e-05,0.2297094256558826,10601.082536372423,2.0,4.710079203904215e-07,2.75e-06,0.0462697404404853,0.005859017204133,0.0004950752540507,0.0002810682953546,3.0664512374167044e-05,2.3641293044759513,False
239,1,7.288197931754717e-06,0.1755939041533911,23845.36862719503,3.0,4.78141725154868e-07,2.75e-06,0.0459296487188474,0.0058981555521671,0.0005133594566737,0.0002761703420237,3.170615680276087e-05,2.3645743264981354,False
323,0,0.0001097090899514,0.3006967626651939,16813.465105763415,1.0,4.680736887782069e-07,2.75e-06,0.0460803926240651,0.0058854798502065,0.0012939992695046,0.0002798509981738,3.176371777116252e-05,2.3653762809590404,False
226,0,6.412471754590267e-05,0.2065174145294524,18412.3003084043,1.0,4.716590396553302e-07,2.75e-06,0.0435289006252426,0.0061602246141442,0.0005308885928543,0.0002425853167658,3.211519481855653e-05,2.367774702806698,False
28,1,9.676925557172314e-05,0.2922385304110651,7400.592155833187,2.0,4.744900415296871e-07,2.75e-06,0.0445229570282358,0.006062136675693,0.003229382667563,0.0002917852076107,4.43868475332254e-05,2.3681108360687304,False
246,2,9.310236820891498e-05,0.1741252747875682,16767.98491362836,3.0,4.725603112459341e-07,2.75e-06,0.0490634249346444,0.005558129409173,0.0020524439940877,0.000340849636941,3.0743393660651176e-05,2.369069545956293,False
446,3,7.947384653819552e-05,0.0408716496920243,10475.944971254708,1.0,4.658668993722024e-07,2.75e-06,0.0206024459048743,0.0076466314051561,0.0030107279997611,0.0001554172853616,3.358531443274057e-05,2.3691989392654786,False
58,0,3.197297346510544e-05,0.1498181046303368,3739.3075316881495,2.0,4.454767870291794e-07,2.75e-06,0.0358578826585925,0.0068221821663149,0.0004868848412854,0.0005542955383864,1.8698861766133025e-05,2.370088135566705,False
431,2,0.0001542303360902,0.1743234017533625,17672.15526345533,2.0,4.6293521237046557e-07,2.75e-06,0.0261056317685883,0.0074144178805805,0.0052258403990523,0.0001399240668069,4.185185222258729e-05,2.3706140074041246,False
328,0,2.984894940734451e-05,0.0271673566230651,21469.936923764995,2.0,4.567830040818011e-07,2.75e-06,0.0227877880384769,0.0075668062235044,0.0004813072286589,0.0003050801946718,2.813273097906144e-05,2.3711144315504074,False
426,0,7.023169784579742e-05,0.1685391589617076,11936.91775953912,2.0,4.741021753256023e-07,2.75e-06,0.049863071898984,0.0054818650237225,0.0008974703606477,0.000338747171852,3.008709247592291e-05,2.373813686884145,False
132,1,3.340922776376747e-05,0.1235546012393221,9487.276056961193,1.0,4.782715607263968e-07,2.75e-06,0.0478274188585011,0.0057296767114594,0.0004831202376011,0.0003049076875848,3.072905687928985e-05,2.3740535400103755,False
297,2,7.703303641576298e-06,0.1623949798296566,4627.17697565323,2.0,4.4764222683662453e-07,2.75e-06,0.0443822190251502,0.0061048438170129,0.0004895887864922,0.0006844879077981,2.2681611450674345e-05,2.3744654796039395,False
88,0,0.0001173894033463,0.1595024140456718,22614.55969222742,2.0,4.855552712267805e-07,2.75e-06,0.046144409982527,0.0059228434497045,0.0028895649063662,0.0003053898624499,3.162140141180677e-05,2.3750020248535315,False
110,1,2.263386063333836e-05,0.0268528986541442,10911.774431220878,1.0,4.546232552011687e-07,2.75e-06,0.0235521339546034,0.0075570270006555,0.0004863329818725,0.0003267966149207,2.66603071232228e-05,2.377442713696933,False
124,0,0.0001541442384512,0.1726940609894496,12539.547226500272,1.0,4.603180845611576e-07,2.75e-06,0.0199872883851771,0.0077038754740563,0.0055492748901869,0.0001901666440014,4.660689723549774e-05,2.3789598704127535,False
154,2,3.845805218269144e-05,0.0428231573850527,24763.24560020264,1.0,4.720891852796025e-07,2.75e-06,0.0486911091798812,0.0056547623007117,0.0004916429730992,0.0003213047983137,3.164943306814219e-05,2.3796724320472284,False
186,1,7.360195036804468e-05,0.2877831600688357,16559.765654490584,2.0,4.741927046524136e-07,2.75e-06,0.0461992187354313,0.0059411580078042,0.0006120951210986,0.0002767399144262,3.1631076873043056e-05,2.380276812206155,False
145,3,0.0002645058975385,0.1122686960015596,24339.723825722504,2.0,4.5451049424586926e-07,2.75e-06,0.0248569403872721,0.0075096777617307,0.0049524277272978,0.0003595493263308,3.529961113572451e-05,2.3804653684708064,False
192,0,3.5963274588040735e-05,0.1279724933952154,23434.81871284312,1.0,4.769195621715606e-07,2.75e-06,0.0443129152236298,0.0061426204633026,0.0004961019379837,0.0002519216078059,3.2229374117445e-05,2.3813811252988186,False
114,2,4.136161992350569e-05,0.1019359455878822,18796.1856213407,1.0,4.738746195803711e-07,2.75e-06,0.0465092751851416,0.0059142685599268,0.000492792978657,0.0002823432106525,3.1893586797027846e-05,2.381758590105673,False
158,2,7.922423288999865e-05,0.2883705446101692,9226.773218264376,2.0,4.762268072395622e-07,2.75e-06,0.049499587410912,0.0055666911415375,0.0011003737003775,0.0003281968346718,3.0120201083463014e-05,2.381789359806283,False
375,0,9.262758304091932e-05,0.0644807174249805,14158.46942531509,2.0,4.584766812982342e-07,2.75e-06,0.0204089161254103,0.0077113635260905,0.0038422070364416,0.0001767119963032,3.735206734250408e-05,2.3854070181626814,False
0,2,0.000206776482911,0.2620036444740457,24508.221871353573,1.0,4.700126597174747e-07,2.75e-06,0.0410132430236421,0.0064735114762438,0.0035867484859615,0.0002448004353404,3.20898371151022e-05,2.3861274867915316,False
401,0,2.68583621047672e-05,0.1615749011808433,4155.591717250617,2.0,4.7629346740130564e-07,2.75e-06,0.0428154404981078,0.0063166947771513,0.0004675080587551,0.0002822054300023,2.1138399592338395e-05,2.3878637124009354,False
294,3,2.0614093373213336e-05,0.0968262525359665,5231.623597368647,2.0,4.6657882102680213e-07,2.75e-06,0.0223593027455008,0.0076463608248215,0.0004495255987569,0.0001395361870751,1.966002837958169e-05,2.3883591703197613,False
452,0,7.606124450555375e-05,0.2709065717259471,22234.55492954311,1.0,4.736321957326069e-07,2.75e-06,0.0435516950748313,0.0062612955492697,0.000547943293201,0.0002409234573339,3.2264698360768745e-05,2.3912830514999635,False
214,2,4.564104537131685e-05,0.0686870649378503,11604.958014887354,1.0,4.754595759910788e-07,2.75e-06,0.0495686017644935,0.0056058400831204,0.0005665399955653,0.0003403867841718,3.022152728590936e-05,2.391516161498768,False
404,2,1.9887009201102107e-05,0.2963991348114383,21947.63777809667,3.0,4.743193620134179e-07,2.75e-06,0.0442683263942038,0.006192751371173,0.0005118116446337,0.00025062087436,3.19505237677058e-05,2.391674657255452,False
78,2,7.811960746892462e-05,0.0462037380434559,9402.018621812847,1.0,4.706572898608544e-07,2.75e-06,0.0256583469534173,0.0075131306030293,0.0029802320141295,0.0001425299520514,3.447361166353234e-05,2.3916990577816613,False
459,4,5.36808448665269e-06,0.1290017874113476,19182.241275292465,3.0,4.759037453876509e-07,2.75e-06,0.0490141670051271,0.0056763634440594,0.0005123197585467,0.0003254729679232,3.0828897712357864e-05,2.3921654235867025,False
437,0,3.0486467648621687e-06,0.2483690346443713,17731.618879457536,1.0,4.731190489769178e-07,2.75e-06,0.0427256237620718,0.0063448581055611,0.0005096712870439,0.0002312713332446,3.229435680215873e-05,2.392419454780798,False
239,3,0.0001882559002481,0.2326279958645419,16312.487984139736,1.0,4.69820136589565e-07,2.75e-06,0.0286830223448895,0.0073660132282527,0.0050517725657581,0.0001472850187914,3.916758321827048e-05,2.3934590932947737,False
11,3,4.652841042824441e-05,0.0217278420456882,13647.783918897472,1.0,4.630476820267715e-07,2.75e-06,0.0211721732442046,0.0077214372248278,0.0007844678100924,0.000149709978811,2.7424284167894565e-05,2.396289601176125,False
17,4,3.2211889790125776e-05,0.1344988198360206,22423.59598561558,1.0,4.678626360799738e-07,2.75e-06,0.0448541963818225,0.0061582996090253,0.0005008864423094,0.0002575821660285,3.222248922173858e-05,2.3971470838531355,False
216,2,0.00013333217792,0.1817989870803239,18659.02789111485,3.0,4.589068194041045e-07,2.75e-06,0.0203441237939098,0.0077556933670727,0.0055959725122387,0.0001852729139481,4.471827005138376e-05,2.3972382632537985,False
381,2,0.0001763642195233,0.2670766154919696,19625.807641156756,2.0,4.447691115549657e-07,2.75e-06,0.0290698626233112,0.0073708487016764,0.0051237615025035,0.0004549852463579,3.959081054582834e-05,2.4004059375302456,False
489,3,0.0002628639723132,0.1844283024932665,24646.057485094538,1.0,4.6943026328521414e-07,2.75e-06,0.0410741349111961,0.0065404943261325,0.0038960421265207,0.0002523083414398,3.220253037799664e-05,2.4032634556245265,False
404,0,1.6964685304471444e-05,0.2689317215562693,8394.812027501957,2.0,4.771954013379486e-07,2.75e-06,0.0477357646321968,0.0058800237643893,0.0005040709644798,0.0002984765674938,3.0154122966443407e-05,2.4036866939814465,False
261,0,9.043238059529506e-05,0.2491320005582116,16003.905535505464,2.0,4.780023131753406e-07,2.75e-06,0.0498540566261606,0.0056377382727706,0.0013456259659964,0.0003323882642958,3.118992391423368e-05,2.405209771705389,False
471,0,7.269364012907193e-06,0.1030674203266781,24795.21616750517,2.0,4.728439150804024e-07,2.75e-06,0.0485581364380333,0.0057996430667281,0.0005028056895177,0.0003118728631339,3.173979318115986e-05,2.4066294828097172,False
331,0,2.5209277094010398e-05,0.2679033138013605,16002.49207060648,3.0,4.702784404195756e-07,2.75e-06,0.0468552997884331,0.0060018645392231,0.0005090946601084,0.0002845861284487,3.1333170962601457e-05,2.4089336644280634,False
278,2,2.927177025083507e-05,0.2397237961982982,22489.440401764405,3.0,4.735736485765768e-07,2.75e-06,0.0463260329732229,0.0060695952779061,0.0005053622707144,0.0002766589955718,3.183152301811614e-05,2.411318287514612,False
82,1,0.0001191193469371,0.1698352463982709,15914.522959515089,2.0,4.69950763439639e-07,2.75e-06,0.0405045266387765,0.0066280424350273,0.0040865463319425,0.0002541072941459,3.772229341308022e-05,2.412438524350308,False
243,1,3.9396387814377705e-05,0.0738348787065081,11729.0845789139,3.0,4.648762528127085e-07,2.75e-06,0.0342538828730109,0.0071038879285256,0.0004951316793292,0.000205037118579,2.485658211440653e-05,2.413096779112391,False
112,2,0.0002389916719637,0.1641948703043345,16519.145426454532,1.0,4.609485355496632e-07,2.75e-06,0.0201207089848434,0.0078237158565449,0.00573186749174,0.0001813790650803,4.201440896647583e-05,2.4141656726649305,False
303,0,2.8299103602504733e-05,0.1662382853596824,20650.51276765114,2.0,4.736198549463641e-07,2.75e-06,0.0475395153581372,0.0059586725098128,0.000497699971171,0.0002937613079194,3.1801600264172816e-05,2.41582842125878,False
409,1,4.507194247093216e-05,0.0993091958556851,14579.164544304693,2.0,4.801721965577342e-07,2.75e-06,0.0503865902818964,0.005629907884466,0.0005192476410906,0.0003503094864645,3.0102100613270503e-05,2.417036590011388,False
476,1,0.0001751941204066,0.1580184351078526,18392.68051758652,2.0,4.571123897512658e-07,2.75e-06,0.0230371163908928,0.0077233483679078,0.0056242166413902,0.0003184309825565,4.283454844612029e-05,2.417590889017794,False
259,4,1.6610350824572963e-05,0.0852695848265265,7756.914295149767,2.0,4.755511366661069e-07,2.75e-06,0.0394010462238294,0.0067443402358414,0.0004831985880422,0.000250518829641,2.4605508164892533e-05,2.418378359041533,False
329,1,2.5264406311877007e-05,0.0637491754701846,7084.288743587868,1.0,4.79992566410891e-07,2.75e-06,0.0456194933530449,0.0061754302012364,0.0005021504522946,0.0003127316172552,2.704433005576983e-05,2.4184064927698437,False
400,0,1.834421774499181e-05,0.2587896224032341,8679.06027504009,2.0,4.711143401734573e-07,2.75e-06,0.0485625848900895,0.0058557668972121,0.0004983162680002,0.0003094965903679,3.015114494288878e-05,2.4185591488398117,False
252,0,9.829001557760713e-05,0.0751993710521935,13767.473985739854,2.0,4.63809708626497e-07,2.75e-06,0.0223504946652839,0.0077557079622783,0.0043450150449563,0.0001412138674656,4.109963753596738e-05,2.418808670241579,False
407,0,0.0001019260696294,0.0678267869046639,14825.934897894098,1.0,4.757227122158877e-07,2.75e-06,0.0460146697638133,0.0061411579353153,0.0029770289845945,0.0003190928727979,3.1752919747881775e-05,2.419873886666778,False
473,3,8.950233001000513e-05,0.2890937638235769,22800.160195683715,1.0,4.682959206431292e-07,2.75e-06,0.0456118870110476,0.0061837021095334,0.0006028431917891,0.0002654971799076,3.2219473993909976e-05,2.4200749871146625,False
257,1,3.3844469343390646e-05,0.0794661016025333,3198.190810352244,1.0,4.647762356622232e-07,2.75e-06,0.0210255144139736,0.0078147103846241,0.000530436010643,0.0001760723534843,2.0346634365935068e-05,2.4209619034773353,False
21,0,9.250140297769544e-05,0.2172899040493689,2497.1737480668453,1.0,4.635679143639465e-07,2.75e-06,0.0212303847265699,0.0078076149646786,0.0049574691813568,0.0002663522072072,9.50784910170816e-05,2.421133558062199,False
417,1,4.428284515181636e-05,0.2915181804019588,24653.214144917736,1.0,4.694571214102542e-07,2.75e-06,0.0432326962785775,0.0064248895732633,0.0004985558441326,0.000235445578341,3.24155954749841e-05,2.421906921872429,False
371,2,3.725635756100471e-05,0.0889612712260006,5641.73183473411,1.0,4.749109486844308e-07,2.75e-06,0.0480353241564635,0.0059363523312697,0.0005088330031781,0.0003371416811772,2.6511840050513666e-05,2.422918295422104,False
371,4,0.0004594556169237,0.2825754042364449,18866.099286502027,1.0,4.624927836365329e-07,2.75e-06,0.0203811791599772,0.0078458506855715,0.0056795011484504,0.000168090622018,4.058467299060104e-05,2.423062238483274,False
433,4,1.5490885196835796e-05,0.1124320306082709,15244.762023916686,2.0,4.78127038944661e-07,2.75e-06,0.0503574950698691,0.0056649422502227,0.0004975050712591,0.0003429657143194,3.0672386593262286e-05,2.423430634762229,False
343,4,3.863875656942255e-05,0.143550530213805,16259.915117176672,1.0,4.7247089139437017e-07,2.75e-06,0.0470862777954969,0.0060447830231178,0.0004912515466284,0.0002863845564587,3.1932428550874785e-05,2.423706516387078,False
52,1,0.0001682352388179,0.15306077196182,13249.685851735176,1.0,4.666187162616299e-07,2.75e-06,0.0222807097802153,0.0077799732318891,0.0056611843408495,0.0001474407596335,4.579480166169632e-05,2.424815444168419,False
30,0,1.5015622946055863e-05,0.1999143716007005,5763.966700363327,2.0,4.790164443322248e-07,2.75e-06,0.0502195014965901,0.0056912448848813,0.0004945974623969,0.0003480939511557,2.654991283540954e-05,2.4253315343510478,False
405,2,0.0004360715721606,0.1894810004348503,20128.447898978557,1.0,4.657371952034381e-07,2.75e-06,0.021749123053645,0.0078094446981453,0.0054770722385255,0.0001512751572135,3.794075396553783e-05,2.42722314544934,False
8,3,0.0001272755591801,0.1721034657750132,17182.776336315947,3.0,4.582765908858034e-07,2.75e-06,0.0213589339826421,0.007824714550659,0.0056255250960436,0.0002526796796802,4.6483497938891104e-05,2.4273100393809104,False
342,0,0.0001141361884674,0.2812842552933258,9380.96001599931,3.0,4.597306483793378e-07,2.75e-06,0.020231224951298,0.007872714696012,0.0057901721576394,0.0001776629201028,6.379902503852551e-05,2.42912870252101,False
320,2,0.0005469149134302,0.1653746858127836,23188.63916757397,1.0,4.608044810202639e-07,2.75e-06,0.0204708917537376,0.0078670242190254,0.0049124253274716,0.0001826166222231,3.3834273707670984e-05,2.429955610946352,False
469,3,2.702303665881836e-05,0.1317505454120918,22587.75631358127,3.0,4.800984704370907e-07,2.75e-06,0.0502696743051363,0.0057215253388508,0.000509508236639,0.000337154720255,3.127116203483496e-05,2.4327926044569455,False
29,3,7.847506417673211e-05,0.2211419972770037,12720.578920633086,1.0,4.6925049506914107e-07,2.75e-06,0.0487271476506322,0.0059080340589729,0.000647976273388,0.0003086517342134,3.1626250399641063e-05,2.433609315284074,False
43,3,0.0002479850818982,0.1344464150866784,20969.65672550048,2.0,4.651061744172214e-07,2.75e-06,0.0203208809442687,0.0078864337530837,0.0056021115644984,0.0002028302348404,4.02411000096208e-05,2.4339117608142637,False
375,3,0.0001671230124982,0.2186853360519544,13337.012116921956,1.0,4.669210628470521e-07,2.75e-06,0.0266889153807993,0.007624427174053,0.0054248868038351,0.0001465843400696,4.4880491267984176e-05,2.4356806379102083,False
365,3,2.4079486682516432e-05,0.2972041335402588,10950.220357121125,3.0,4.755642913935037e-07,2.75e-06,0.0490527709911425,0.0058909442981834,0.0005037145721986,0.0003146394980195,3.0319582255464714e-05,2.437924784241987,False
322,0,2.0034021910774324e-05,0.0838134538662668,5833.895875233255,2.0,4.621762923360692e-07,2.75e-06,0.020828448227077,0.0078854521149798,0.0004874278422913,0.0001710416868583,1.995938506988189e-05,2.43883185715759,False
234,1,0.0002055856204764,0.1537758025110363,20858.183474943573,2.0,4.674071030569803e-07,2.75e-06,0.0274343987093221,0.0076024692572147,0.0054642099797834,0.0001486807479996,3.998293303550272e-05,2.439735248600052,False
128,1,1.324238356510939e-05,0.0368285384764994,9110.060207639215,1.0,4.688923424861516e-07,2.75e-06,0.0383436776200206,0.0069292573833044,0.0005066927921087,0.0002432508814454,2.6676698351593323e-05,2.4432262325673415,False
330,2,1.9547630606915408e-05,0.035667620124373,18515.25394781734,2.0,4.432938699244456e-07,2.75e-06,0.0377878736192091,0.0069758863817478,0.0004723764453505,0.0005775046041786,2.8260143672876e-05,2.444296398822356,False
441,3,1.6767222028244383e-05,0.1779539583438965,11441.043830582694,3.0,4.714661060121775e-07,2.75e-06,0.0511341449487716,0.0056754786086222,0.0005256801875217,0.0003553403915641,2.9251150767830537e-05,2.4452010910848068,False
7,1,2.950339657538881e-05,0.2421217108313126,10761.646062416385,3.0,4.75990427278713e-07,2.75e-06,0.0504659004447237,0.0057582529876824,0.0005003728734124,0.0003377386376693,2.9789234865464092e-05,2.445242608730054,False
297,1,7.20842253108759e-05,0.2239334877502249,24836.95462361179,1.0,4.734760867798894e-07,2.75e-06,0.0460637498145312,0.0062515557078507,0.0005379732995097,0.000269730322402,3.229280101236039e-05,2.4455193089279605,False
391,1,2.7758001693321645e-05,0.1494228230684105,17915.83385998254,3.0,4.805115706339436e-07,2.75e-06,0.0509796223646732,0.0056987775808769,0.0004950607621983,0.0003475389090317,3.08440990872921e-05,2.446013937879899,False
225,4,4.5377258558450186e-05,0.2084882353478238,20848.83313497976,3.0,4.75643917627168e-07,2.75e-06,0.0493785353019253,0.005906276816701,0.0004896610276963,0.0003179489616054,3.1537135222807574e-05,2.449107742733129,False
221,3,3.892192054468843e-06,0.2670467589390012,23585.333958880903,3.0,4.68297700087465e-07,2.75e-06,0.0471105413586829,0.0061603063686859,0.000507098785307,0.0002843265267427,3.197756060912426e-05,2.449503771296233,False
46,3,3.0587453066376585e-06,0.1857021619232499,21839.43129394696,2.0,4.7429700538372323e-07,2.75e-06,0.048038628344634,0.0060650057604562,0.0005063865817246,0.0002977014770433,3.197807554925681e-05,2.4506224170882853,False
312,0,5.479477351017283e-05,0.1252848382501431,5916.397070503888,3.0,4.5179191444973363e-07,2.75e-06,0.0278131990997014,0.0076293269086403,0.0009256698713995,0.0004089553902045,2.238675996516941e-05,2.4522141385932805,False
361,0,0.0001644054497034,0.2638557906829266,11429.981989427744,1.0,4.5845775765735734e-07,2.75e-06,0.0206406642402579,0.0079482133600627,0.0058336941117485,0.0001722194734206,5.12671206304463e-05,2.454609777549949,False
26,0,0.0001341770241008,0.231489298461392,20152.076931929776,3.0,4.469077030096942e-07,2.75e-06,0.0353547633876189,0.00719902512952,0.0048820161447141,0.0005519338227378,3.940667389190269e-05,2.456542739887477,False
209,0,5.107837242547356e-05,0.2466255501153671,16416.292730891517,3.0,4.7350935844740906e-07,2.75e-06,0.049993021183571,0.0058759092362566,0.0005136229001294,0.0003260360438598,3.117251495011056e-05,2.457838177839641,False
386,0,5.433088598800018e-05,0.2503579712666652,4314.3196123410025,1.0,4.800656704265734e-07,2.75e-06,0.0517707807693733,0.0056595246966183,0.0006064034411106,0.0003551559740864,2.8514444591506397e-05,2.458185218711235,False
497,0,0.0001319235792103,0.0710704408277594,13548.405333033845,1.0,4.675796473508601e-07,2.75e-06,0.0298481227792561,0.0075479257770917,0.0049483003103155,0.0001658316076121,4.091901416802781e-05,2.4592475635064317,False
162,1,0.0001237139165681,0.2146673012828941,14452.536950439184,1.0,4.7504537034328747e-07,2.75e-06,0.049464402475963,0.0059531630170457,0.0026651302492003,0.0003397727935287,3.206898934120998e-05,2.4610779312755318,False
47,0,2.8026653618527014e-05,0.2132815414777243,20390.90583818124,2.0,4.768943355065812e-07,2.75e-06,0.0481220739215601,0.0061061364006202,0.0005008493711145,0.0002977299412712,3.195171150546029e-05,2.461489501003125,False
443,1,1.94380609294663e-05,0.2804066975356423,13429.267122274276,2.0,4.733820357262207e-07,2.75e-06,0.0481147138945258,0.0061087052843189,0.0005036869393667,0.0002977143690942,3.154014552639464e-05,2.4618707983897057,False
335,1,0.0001150986305415,0.1738222234909687,14264.923863272988,3.0,4.623787484387494e-07,2.75e-06,0.0235293984425061,0.0078630013115815,0.0056012053017766,0.0001400617341392,5.078392434143428e-05,2.4621817610964407,False
383,1,0.000208446493188,0.1841806542033197,16224.19931958652,1.0,4.674026194781819e-07,2.75e-06,0.0285610418806118,0.0076361390581365,0.0054708096326402,0.0001544270259967,4.131854029621021e-05,2.464455251473422,False
51,2,1.68468759178435e-05,0.1346231508800541,3386.320529456329,2.0,4.553253880801933e-07,2.75e-06,0.0268353363017801,0.0077238088159724,0.0004466877364423,0.0003987824032038,1.7182327452736315e-05,2.4647608003967223,False
170,4,0.0001352345125857,0.1234062829547559,23970.73484662649,1.0,4.786351526108282e-07,2.75e-06,0.0500759299610153,0.0058998927472148,0.0026240390582729,0.0003490575248339,3.15917919620561e-05,2.4648842816541774,False
415,2,0.0001819426282738,0.1639283283294878,21004.630902575267,2.0,4.725754522521008e-07,2.75e-06,0.0348295663768252,0.00727817363597,0.0050631428624541,0.0002003404106455,3.815296596599699e-05,2.467756535683671,False
485,4,8.104126250268918e-05,0.0571735768119576,22376.104846151524,3.0,4.7518273895164806e-07,2.75e-06,0.0429956683764043,0.0066447434647843,0.0021853082624722,0.0003000722749112,2.941496541328131e-05,2.468076518189536,False
224,1,9.396821849685069e-06,0.1017970175491801,4501.157526276794,2.0,4.559391443776208e-07,2.75e-06,0.0209677979382347,0.0079889729022855,0.0004855138773382,0.000212173802807,1.8191484498787192e-05,2.4694645417092276,False
270,4,3.238103492465162e-06,0.0304128575301432,13344.48326479086,1.0,4.735500527522348e-07,2.75e-06,0.0443544794787814,0.0065311340429862,0.0005281135248855,0.0003051820617524,2.895660851372567e-05,2.470787737203847,False
99,4,2.6834706155391896e-05,0.0946269381085601,6483.38499719029,2.0,4.785065355314071e-07,2.75e-06,0.0400429199640469,0.0069102784175005,0.0005064999845553,0.0002619817111122,2.289339176256345e-05,2.4714275209870142,False
32,0,5.925371683878278e-05,0.167538633399579,23980.100626810658,1.0,4.738310810100327e-07,2.75e-06,0.0477642311242513,0.0061926794889827,0.0005110476209835,0.0002914217150533,3.225001775640878e-05,2.4718690474910376,False
163,0,6.702641243556909e-05,0.1354769746376082,8731.745771284212,3.0,4.83031023337161e-07,2.75e-06,0.0483534234313769,0.0061373247659749,0.001295619478117,0.0003559124425432,2.704957921719797e-05,2.473719713027186,False
241,3,3.862207207209124e-05,0.1775923904860655,23037.429485567383,2.0,4.77073949173794e-07,2.75e-06,0.0493044763347119,0.0060352505040945,0.0004922839106654,0.0003139536132867,3.1961763426380084e-05,2.474583173534025,False
230,1,0.0001949847593636,0.2877034635389041,13534.26702624408,1.0,4.6654735429221757e-07,2.75e-06,0.021419981157485,0.0079967741402451,0.0058814525545602,0.0001583092175243,4.721450922256861e-05,2.476362109415965,False
18,3,0.0002642710261108,0.1471807675354617,19810.111796561832,1.0,4.728826267447343e-07,2.75e-06,0.0371786578779813,0.007156468622338,0.0048479168446727,0.000223515744772,3.550861270373416e-05,2.478253048123083,False
397,4,4.1330146211409e-05,0.2117551203890505,14706.549050626463,3.0,4.763202344159344e-07,2.75e-06,0.0515997377652882,0.0057850440061827,0.0004964283296257,0.0003505664770528,3.0725113672234645e-05,2.4792125998620382,False
291,1,3.4405488659658006e-05,0.1491308493334887,21069.73000993572,1.0,4.764508626664566e-07,2.75e-06,0.0482473573798932,0.0061786632224225,0.0004971617976302,0.0002979003817513,3.221259168587756e-05,2.480173281966076,False
174,2,0.0002831287909909,0.2851972347954695,21582.791027939267,2.0,4.662452532173138e-07,2.75e-06,0.0275661364700967,0.0077450162335818,0.0057227453353908,0.0001459328406928,4.1036034854045294e-05,2.4802934845061824,False
217,0,0.0001233606150201,0.0824985999964234,15975.40003949684,2.0,4.628466264745701e-07,2.75e-06,0.0203258718141332,0.0080586629490708,0.0052917170933772,0.0001647979273935,4.369768985674716e-05,2.482666210022882,False
207,3,0.0001196706830242,0.1997964122810944,23777.57704146744,3.0,4.761371438920212e-07,2.75e-06,0.0490353207425917,0.0061056941733782,0.0032499399297446,0.0003456036740037,3.217237421727503e-05,2.4831518880472547,False
420,4,1.710178165392714e-05,0.2359199704080071,15927.658597065463,1.0,4.7519308861535947e-07,2.75e-06,0.047248448849219,0.0062988050178891,0.0005067497561498,0.0002834241756061,3.2199968739552804e-05,2.4832055628288443,False
346,3,1.0392322964147005e-05,0.2064516522914126,7743.828039622732,1.0,4.788147730176624e-07,2.75e-06,0.0502163603940522,0.0059778908736837,0.0005133711846214,0.00032711372521,3.105111526581816e-05,2.4846556975887863,False
294,1,2.3992514337291965e-05,0.2498030868581007,11806.657210413174,1.0,4.759578837934103e-07,2.75e-06,0.0480032322622282,0.0062328992053154,0.0005033949606796,0.0002938048702354,3.193929181558109e-05,2.4862553221110697,False
296,1,0.0001338236505128,0.1476453621556078,17323.846755637067,2.0,4.7338695953501773e-07,2.75e-06,0.0396339350971453,0.0070085627874669,0.0046326354870228,0.0002505297535436,3.903786260189008e-05,2.4875143044128554,False
213,4,5.651148567900611e-05,0.1772803518284628,16134.850340362358,3.0,4.750377775811303e-07,2.75e-06,0.0531913611977343,0.0056304276425346,0.0005467527335361,0.0003759860424676,3.056898235180766e-05,2.488940107942432,False
199,1,4.3559970809333165e-05,0.174497767243868,5962.5683017753145,3.0,4.799325286137225e-07,2.75e-06,0.0497397544677805,0.006057699547497,0.0005451312615466,0.0003660736089417,2.262104891479595e-05,2.4898808341531535,False
406,4,0.0003104000916509,0.26785130470859,21485.862267675555,1.0,4.7012365781424987e-07,2.75e-06,0.0393686357835577,0.0070445575961988,0.0046553231932302,0.0002406371720733,3.468427603491232e-05,2.491269045808981,False
266,1,2.9178888352032565e-05,0.0372125899352381,7609.105447010531,1.0,4.6799349990370203e-07,2.75e-06,0.0315120890865464,0.0075772739683301,0.0004561179868351,0.0001825140024277,2.479111827341356e-05,2.492067954924959,False
363,1,0.0004371291844024,0.1672109546497062,19031.0562905352,1.0,4.550732055467229e-07,2.75e-06,0.020584080294077,0.0080859369952207,0.0056316254710025,0.0002237664895259,3.938274514722875e-05,2.4929569754132417,False
392,2,1.7279698704317543e-05,0.1419841353506794,4362.381014599434,2.0,4.743697900762597e-07,2.75e-06,0.0437154646258726,0.006691730366028,0.0005312636554033,0.0003007028238484,2.0248746200963463e-05,2.494337534684424,False
142,4,2.712819074449957e-05,0.1127722167851646,22772.79685081871,1.0,4.719391726074705e-07,2.75e-06,0.0497188208377612,0.0060899420086633,0.0005025705902888,0.0003181312540923,3.218104600006018e-05,2.4962239913439523,False
234,0,0.0003415033931087,0.2609287957589008,16709.002483551565,1.0,4.550038168416119e-07,2.75e-06,0.0200022200003284,0.008121936947574,0.0061377224572646,0.0002041632450585,4.526003164598225e-05,2.497414271485605,False
200,4,1.4361220615881353e-05,0.0573067425976863,11638.101090094302,2.0,4.723079817480648e-07,2.75e-06,0.0416259727186612,0.0068904262347965,0.0004964231591158,0.0002804659719818,2.6509496684479803e-05,2.4981641512322823,False
449,3,3.883863609131824e-05,0.24369882246515,23727.72977451075,2.0,4.8200619617651e-07,2.75e-06,0.048732566998042,0.0062201835992808,0.0004937215024962,0.0003030254365903,3.21493314595205e-05,2.5006406122669174,False
1,1,8.359486546922644e-06,0.1583644478718614,12199.416556929804,1.0,4.783864980398098e-07,2.75e-06,0.0505555771297611,0.0060155886343801,0.0005111543837146,0.0003304904690718,3.171204054821743e-05,2.5008769003135205,False
462,0,0.0002785733272011,0.1857980057986293,17099.729600272978,1.0,4.640707808912546e-07,2.75e-06,0.0272005043247495,0.007838596075534,0.0057561233643632,0.0001460375977661,4.20064326796476e-05,2.5009468840566824,False
59,2,0.000121313783337,0.2434119025447716,9712.581022655286,2.0,4.6393365610717606e-07,2.75e-06,0.0243337425098863,0.0079691128649828,0.0059227419017125,0.0001426315179545,6.11801338911747e-05,2.501100833440293,False
102,4,6.076429075276873e-06,0.2744245183021653,20604.36677007124,2.0,4.782078636943704e-07,2.75e-06,0.0484594093633097,0.0062539052081183,0.0005055324591746,0.0002991079240886,3.2112056233989274e-05,2.5015378974891136,False
452,3,0.000103828741727,0.1290211195754597,10379.128117823891,1.0,4.781884413624066e-07,2.75e-06,0.0499192638490058,0.0060963418256276,0.0031478378776959,0.0003616987230912,3.5606585144642054e-05,2.5024289044962176,False
478,4,0.000198011148628,0.1151205530479741,23361.86109940873,2.0,4.770351337428955e-07,2.75e-06,0.0397039438509886,0.0070659801711075,0.0046487264769821,0.0002567728031399,3.4818011513334304e-05,2.5029836852721683,False
130,3,9.362547555573234e-05,0.1410370261254802,14868.599923149832,3.0,4.763619551715144e-07,2.75e-06,0.0507099677404397,0.0060099392972663,0.0027642604370787,0.0003793452134066,3.273923243914269e-05,2.5034812316413078,False
126,0,3.702939572760978e-05,0.1750135522607687,3149.9232382535856,2.0,4.778200358378498e-07,2.75e-06,0.0435666927906566,0.0067598735922145,0.0005161681600388,0.0003039994755646,1.889687117114395e-05,2.507170191932096,False
247,4,1.3760927408979972e-05,0.2348108860282451,17129.657664582362,1.0,4.753538016647796e-07,2.75e-06,0.0481971306267599,0.0063183758200463,0.0005060862491242,0.0002946854226308,3.2252164279787774e-05,2.509507919789959,False
378,2,4.823836456787714e-06,0.1969565133478326,16889.545692625485,2.0,4.758069330235356e-07,2.75e-06,0.0514030676104928,0.0059847435227584,0.0005051793183464,0.0003417321381331,3.166251523472622e-05,2.515329096227414,False
425,0,2.974355315057681e-05,0.2464005109924073,10696.207755918049,1.0,4.73081584365629e-07,2.75e-06,0.0496578525291201,0.0061899144247427,0.000497324975305,0.0003152359860502,3.177975570872983e-05,2.516114858410937,False
148,4,5.7545242471265206e-05,0.2554986878837921,21111.243264535944,3.0,4.799345172737977e-07,2.75e-06,0.0514104579629272,0.0059931778891806,0.0005194397122978,0.0003411063203198,3.1670344266636384e-05,2.517262570740604,False
150,2,5.719529226930444e-05,0.1440619739226623,14541.067694398072,2.0,4.809350174601718e-07,2.75e-06,0.0546021419820687,0.0055919150425577,0.0005987085927755,0.0003949521034328,3.071976388350923e-05,2.518238517943951,False
84,2,1.7341640223383553e-05,0.0232531178022427,24906.45301254504,2.0,4.684390942351736e-07,2.75e-06,0.0331996831479891,0.0075820509470111,0.0004752582000715,0.0001998676308307,2.8644511888147395e-05,2.519748187770608,False
118,0,0.0001187644135969,0.0185874307222652,22905.859684463336,1.0,4.705970857633026e-07,2.75e-06,0.0259956221588627,0.0079738313589979,0.0029351224711217,0.0001460589814517,2.9709168173761524e-05,2.5225939205695345,False
289,2,2.500917038481244e-06,0.2412228529259227,2278.5032046692545,3.0,4.854377204772525e-07,2.75e-06,0.0322270968556958,0.0076609259682564,0.000383399619718,0.0001926514147932,1.843246227569989e-05,2.5252347812036167,False
319,3,9.018860533484009e-05,0.1018360398743019,11116.265476901972,3.0,4.627628680725964e-07,2.75e-06,0.0215010739311528,0.0081738618356629,0.0039827417463353,0.0001405642970796,4.451995664528729e-05,2.5271102565278247,False
33,2,9.758665284640116e-05,0.1212877723355435,12379.703649201554,3.0,4.744048902449514e-07,2.75e-06,0.0352748252757274,0.0074830945960981,0.0042026827916382,0.0002159692656545,4.380572035352418e-05,2.528127597823484,False
453,0,0.0001088233443621,0.2672354865213862,21553.594238759357,2.0,4.734095153743261e-07,2.75e-06,0.0538771868339419,0.005748372848625,0.0019362849413422,0.0003876018767366,3.153070551477682e-05,2.529996253073305,False
248,1,0.0001047861184303,0.2195848231030464,7264.855367692189,3.0,4.644753070944146e-07,2.75e-06,0.0214263916281514,0.0081955184327976,0.0056969652153064,0.0001483549342115,7.206995612392255e-05,2.5324514895477432,False
134,2,0.0001590431053824,0.0611114664306134,14383.184741866282,1.0,4.631500576292998e-07,2.75e-06,0.0199787812891928,0.0082569934551518,0.0056152320240363,0.0001697895463404,4.281617159963196e-05,2.5355131223432705,False
126,2,3.2078412554172926e-05,0.2226296205249802,24195.041712617807,1.0,4.788589099481707e-07,2.75e-06,0.0488804727080884,0.006366856023314,0.0005035766708922,0.0003022968230218,3.238619677202859e-05,2.5360772998343633,False
384,1,7.015567766539287e-06,0.2379440510951205,24198.545938367293,1.0,4.726252232138073e-07,2.75e-06,0.0487888659255674,0.0063947315632238,0.0005092623252667,0.0003006987149817,3.2410166451241296e-05,2.5400508733129166,False
295,0,1.029006099201698e-05,0.2203750482118927,12812.012103567136,1.0,4.749294530544871e-07,2.75e-06,0.0505324962520773,0.0062078216651781,0.0005089355363925,0.0003258896554435,3.199086061220745e-05,2.540953532487942,False
335,0,0.0002011874963607,0.1373050626655123,18724.7794761411,1.0,4.744359888893191e-07,2.75e-06,0.0409891725959757,0.0071218407993314,0.0047944566742138,0.0002642081330263,3.583805569807853e-05,2.54160997164975,False
246,3,0.0002303278153407,0.1789709541072234,18378.50187462105,2.0,4.551553220597376e-07,2.75e-06,0.0224528544205062,0.0081975334557281,0.0062231252121366,0.0002807126587343,4.6187641955981446e-05,2.543777190928043,False
66,3,3.461566976161342e-05,0.2844013305456775,2881.900872859268,3.0,4.496376748435477e-07,2.75e-06,0.050853089939592,0.0061858730963137,0.0004761385143314,0.0007606263953726,1.66291058194541e-05,2.5440393165871518,False
159,1,6.979233665279696e-05,0.2599004531753858,24019.37054871425,3.0,4.7206940951042003e-07,2.75e-06,0.0525449084027238,0.0059888200335386,0.0005555379543622,0.0003552319000601,3.179630609197941e-05,2.544612106878205,False
172,3,6.518669998904548e-05,0.2878136809234102,21956.03743167903,2.0,4.782534174172321e-07,2.75e-06,0.0512436981870651,0.0061514672656471,0.0005448116426567,0.0003354296169361,3.20332827166869e-05,2.546267403177092,False
136,4,0.0001389494346432,0.0914761010136308,16054.033746719766,2.0,4.522368303102161e-07,2.75e-06,0.0222988454603601,0.0082133930062105,0.0056618932054176,0.0002814907549323,4.59404711160359e-05,2.546593838824579,False
113,3,2.134755146832116e-05,0.2678063442809633,7119.783237310319,2.0,4.806460836242114e-07,2.75e-06,0.0541534451656229,0.0058012322087155,0.0004924466855844,0.0003830851813882,2.926776933462757e-05,2.5476069231750667,False
40,2,6.264603540803102e-05,0.197144901474894,15194.407369235752,3.0,4.7670606433549286e-07,2.75e-06,0.0556783992179082,0.0056046458720795,0.0005897179497859,0.0004077008906714,3.048962328737085e-05,2.549091278991622,False
119,2,0.0002250835088172,0.1668507502135371,18492.69712580363,1.0,4.4617966917168993e-07,2.75e-06,0.0383116643962751,0.0073570936884059,0.0051100950033387,0.0005921083885807,3.73579045819623e-05,2.549380526590553,False
329,3,0.0001757236689313,0.2727303544702237,14864.031847097567,1.0,4.70609174191051e-07,2.75e-06,0.0383364559067263,0.0073632677286848,0.0050173254282955,0.0002307841123932,4.086528181501045e-05,2.551385865915833,False
89,2,5.8627584303885054e-05,0.1489254770052425,10569.508705431264,1.0,4.782378208946012e-07,2.75e-06,0.0547949844877534,0.0057395902582089,0.0005730264655246,0.0003911493012222,3.107946398908321e-05,2.552061362013901,False
71,4,6.694406149160729e-05,0.2733057165215802,21555.68307626948,1.0,4.729451269620837e-07,2.75e-06,0.0501410137812802,0.0063107734575864,0.0005195269398504,0.0003188565921205,3.228356845889963e-05,2.5536321793042993,False
388,0,0.0001082249537583,0.1902757909681616,7632.007398888112,1.0,4.454452376130357e-07,2.75e-06,0.0503486820345743,0.006297863396384,0.0035120891523803,0.0007594152168266,4.2902338795133126e-05,2.555806481436164,False
40,4,0.0001073048168101,0.0765356287361045,18333.996562980574,3.0,4.5688007000288e-07,2.75e-06,0.020774471327728,0.0083059808729552,0.0048971930337813,0.0002320872747984,4.1700570784658725e-05,2.5571260251458074,False
423,3,5.603609915571164e-05,0.256170887377796,2054.9548647709244,3.0,4.72490355391937e-07,2.75e-06,0.0224865204427889,0.0082553120779849,0.0014985382486,0.0001384996092773,4.16082413925462e-05,2.5603764338564265,False
135,0,1.4997540333350166e-05,0.0596194526837739,21848.593207944727,3.0,4.757356955980823e-07,2.75e-06,0.052134972372216,0.006131282336293,0.0005283013293142,0.0003941235857892,2.947232066546077e-05,2.563898941987008,False
281,3,2.612877794623158e-05,0.1290624092254451,3382.1233158177088,2.0,4.648649876874459e-07,2.75e-06,0.0213949151246802,0.0083087660558527,0.0005059673923962,0.0002012817271881,1.7208808186275066e-05,2.5641084373931364,False
200,0,1.1344667524976656e-05,0.230242205966161,2065.793608661684,2.0,4.82700260826281e-07,2.75e-06,0.0454415073346666,0.0068347929109245,0.0004879185979037,0.0003274761814726,1.6422732626511652e-05,2.564575344646958,False
2,4,0.0002122905799168,0.2903653240267765,13500.192306914983,1.0,4.568214189030418e-07,2.75e-06,0.0209612654236065,0.0083273822500011,0.0063428378237656,0.0002503808760776,5.026659787098966e-05,2.565031378438714,False
478,3,0.0001312214372792,0.0900316483867131,23624.62695101461,3.0,4.705045823769678e-07,2.75e-06,0.0337880829538072,0.0077297361978452,0.0050929424967255,0.0001994988637343,3.846226983089976e-05,2.567898216908327,False
226,4,0.0001724792511188,0.169612364724878,22816.49360511944,3.0,4.558023640017778e-07,2.75e-06,0.0235041999841978,0.0082478559229702,0.0062960565858121,0.0003095467985174,4.397491654378093e-05,2.569347711010647,False
495,1,0.0003098386023288,0.225020242919597,15933.983263152051,1.0,4.673805186674598e-07,2.75e-06,0.0238712508256991,0.0082461989789329,0.0063021343951688,0.0001432339605822,4.6319225214950816e-05,2.5729844610834633,False
240,1,1.8851799682572985e-05,0.0168546535423559,21687.15711176537,1.0,4.751689598577819e-07,2.75e-06,0.0455535341926018,0.0068647605357252,0.0005110054584586,0.0003290741811575,2.979642071968352e-05,2.5739472763684703,False
176,2,2.932184182364048e-06,0.2258465618571929,2282.7034878474183,3.0,4.685059558644643e-07,2.75e-06,0.0241214933408963,0.0082443670044462,0.0006749986555455,0.0003198107926533,2.0280743894478717e-05,2.5753012914747218,False
396,2,0.000155941423228,0.2388212503689064,20486.357950162008,3.0,4.516103738814472e-07,2.75e-06,0.0231982822577063,0.008291376101508,0.0063443198659501,0.0003088887008506,4.6365143418957145e-05,2.578175220821553,False
435,4,9.835196423734049e-06,0.2951443626680194,12347.869693330367,1.0,4.786945715538458e-07,2.75e-06,0.0510217573540073,0.0063275389620376,0.0005096758053591,0.0003298799095742,3.209188981518854e-05,2.57828336057246,False
341,2,2.730843286454188e-05,0.2126901915608258,10871.283876844807,3.0,4.804167269595836e-07,2.75e-06,0.0560485482808107,0.0057120464077673,0.000501751645914,0.0004133244264054,2.9531666242595865e-05,2.579532893702746,False
210,4,0.0001351151657735,0.3008791338023843,14421.482105987929,3.0,4.569498384115379e-07,2.75e-06,0.0212848980505375,0.0083674260948902,0.0064459495045285,0.0002384871920644,5.572339356412752e-05,2.5795845268401045,False
88,1,5.898332698030176e-05,0.1380524465014243,23360.98392538693,3.0,4.745682954360693e-07,2.75e-06,0.0566252441937861,0.0056347865577262,0.0005491381741008,0.0004196032068051,3.122184752713774e-05,2.5799875109214465,False
128,2,0.00016685801037,0.031626446189986,18250.04887690254,1.0,4.661846088247316e-07,2.75e-06,0.0203034507585411,0.008410957328832,0.0043307568378956,0.0001977197726039,3.2909640567757033e-05,2.5823347201082107,False
284,4,4.662355345689323e-05,0.2131885280730727,2234.700517847787,2.0,4.562916536033213e-07,2.75e-06,0.0424110634430853,0.007177175825398,0.000844817303854,0.0006294174672215,2.60492526976942e-05,2.583129832954282,False
370,1,5.58414947641449e-06,0.2513736802477119,16488.009812705335,1.0,4.7196430153563286e-07,2.75e-06,0.0513068598739603,0.0063337941424691,0.0005081444147625,0.0003333430839927,3.225069200193482e-05,2.5864695274535854,False
338,0,0.0001276325623882,0.1558537026918966,12465.06396633951,2.0,4.554330265323254e-07,2.75e-06,0.0258332932784165,0.0082131924160084,0.0061320510263446,0.0003654024224953,5.466973118129592e-05,2.586720744823404,False
385,2,8.107401952848998e-05,0.1430081538082845,24781.196332083804,2.0,4.800511926322195e-07,2.75e-06,0.0571733466213723,0.0055981400090958,0.0009584461692559,0.0004256180684808,3.160996613141308e-05,2.5876763921402226,False
4,4,1.807801392303119e-05,0.1881748340644669,19650.314243072848,3.0,4.80253734181825e-07,2.75e-06,0.0553109460850851,0.0058536675855063,0.0005083579080737,0.0003959920770084,3.140388359659715e-05,2.587898619869567,False
174,4,8.389868014996525e-05,0.0616624608646199,15152.46012144572,3.0,4.5840006367213196e-07,2.75e-06,0.0203402852993195,0.0084649921439964,0.0031708963186922,0.0001625827754335,3.385387811076192e-05,2.5980340721425192,False
109,0,7.545736374320763e-05,0.2107850788437638,6475.092708738014,1.0,4.87841011057542e-07,2.75e-06,0.0578221532221212,0.0055654630032553,0.0010264217535264,0.000436999463295,2.9985259747897024e-05,2.598985391830502,False
473,4,0.0002390891603793,0.1786529576575595,17809.112642628606,2.0,4.596653858195756e-07,2.75e-06,0.0230895099664959,0.0083763902974008,0.0064001632988048,0.0001426948766414,4.804773465989286e-05,2.6008535933559163,False
335,2,0.0003315305428477,0.1773795445546007,15633.834037511122,1.0,4.581518440868324e-07,2.75e-06,0.0208007982192634,0.0084595819120001,0.0064475063243953,0.0002362040091934,4.703071976154498e-05,2.6009169334937075,False
302,3,0.0001673485040635,0.1018153548057895,13052.380370821524,1.0,4.563363766198226e-07,2.75e-06,0.0235659207803047,0.0083593901170774,0.0062520440589836,0.0003154360410499,4.895626649911256e-05,2.6012653784074478,False
455,1,6.343875888109403e-05,0.2755405380517522,12903.197412007215,2.0,4.742797176549952e-07,2.75e-06,0.0555004393841134,0.0059004587526903,0.000578316197479,0.0003952268011342,3.120991539901265e-05,2.6020446461464055,False
324,4,0.000279462566832,0.0410503238742307,22755.566082497804,1.0,4.677807650581625e-07,2.75e-06,0.0319996284214227,0.007981927359871,0.0043145471652457,0.0001928185020488,3.169703063648892e-05,2.607094449938106,False
261,1,0.0001616579227903,0.1847268202854141,10957.082255701038,1.0,4.549388640855064e-07,2.75e-06,0.0216761316930057,0.0084509737067328,0.0065581459081742,0.0002578926839587,5.650945338258434e-05,2.607136048651856,False
12,0,0.0002032931311353,0.0799945045555404,14276.006047746849,1.0,4.5831114197326493e-07,2.75e-06,0.0210281788368458,0.0084753837848353,0.0060703201504577,0.0002355545357293,4.568961333658068e-05,2.607611008276286,False
41,3,4.401433903338998e-05,0.2108144771904454,23794.67468001763,3.0,4.750704421669132e-07,2.75e-06,0.0551418800681744,0.0059831132215408,0.0004921018639952,0.0003896873623725,3.1773977948012314e-05,2.6092491087744842,False
407,4,0.0002176314502292,0.2434231802466814,22000.002431266043,2.0,4.719090508787655e-07,2.75e-06,0.0415760973575493,0.0073518797727733,0.0051707905464837,0.000271567598588,3.8171020288632825e-05,2.609379222392655,False
407,3,0.0001625634452802,0.0390037125707094,24637.98227503199,2.0,4.622717028694129e-07,2.75e-06,0.0202751155610848,0.0085073001760596,0.0043174492629449,0.0001942564689947,3.2604784189787984e-05,2.6094413440027617,False
375,4,0.0002846225623078,0.0740043394211692,17061.92812091996,1.0,4.608447888351672e-07,2.75e-06,0.0212504134916228,0.0084858240214063,0.0056696482889521,0.0002512066995978,3.9857800423431137e-05,2.6127510715632933,False
368,2,0.0002601295210543,0.0535108531502503,23085.649351955883,1.0,4.722399585901569e-07,2.75e-06,0.0427625795524297,0.0072767602418488,0.0042139055025438,0.0003002934419331,3.189681713854365e-05,2.6142629769515358,False
473,0,0.0001124098941708,0.1690316101471563,10560.379195736488,3.0,4.591156641404705e-07,2.75e-06,0.0210174847443671,0.0085046703437873,0.0060832407383723,0.0001506003751935,6.330251915907528e-05,2.615808007264602,False
289,4,0.0002914271878344,0.2428677128642745,20728.096925091264,2.0,4.677462671188044e-07,2.75e-06,0.033557405273385,0.0079286680741403,0.00590958987482,0.000192445099172,4.2603768308500295e-05,2.616653801091764,False
373,4,0.0001947421061539,0.2043334944273148,12850.626568388196,1.0,4.5944654645048443e-07,2.75e-06,0.0216864777299465,0.008490389932183,0.0066110837770405,0.0002702944191781,5.22953054408622e-05,2.618382870025161,False
262,2,0.0006427429871644,0.1777965306236227,23467.60809508608,1.0,4.615459241532676e-07,2.75e-06,0.0235568438941645,0.0084209855363808,0.0051359890529218,0.0001389620336719,3.440153550920377e-05,2.618432432522833,False
326,3,0.0002419404376864,0.0407821945447869,19362.62161671044,1.0,4.594197029896707e-07,2.75e-06,0.0209527564257745,0.0085187717785768,0.004792934862173,0.0002325406707121,3.404583085945389e-05,2.6191772458389253,False
398,3,7.233007794643489e-05,0.1413228461535989,5337.068042073715,3.0,4.667319456419877e-07,2.75e-06,0.0208834143960765,0.0085262340969256,0.0026502587196927,0.0001417377650074,4.3292417919881486e-05,2.620622619128264,False
404,4,0.000111142683271,0.2921234465964636,3456.7120075125754,1.0,4.54940747139328e-07,2.75e-06,0.0269104913914449,0.0082950354005417,0.0063175022384729,0.0003947061627195,0.0001025432932047,2.622560256786694,False
374,0,8.331556586452646e-05,0.0486969042203626,19016.68702192512,3.0,4.544211341944584e-07,2.75e-06,0.0206741703830417,0.0085442341656909,0.0029740665525671,0.000224255713413,3.115761213191986e-05,2.6237210456465894,False
323,3,1.7681217141259843e-05,0.0984358144310242,16963.08051078362,2.0,4.813969067378805e-07,2.75e-06,0.0582787649444271,0.0056584672150972,0.0004976967467903,0.0004460372398733,3.081790244061053e-05,2.6286926678468876,False
99,0,8.077212528704821e-05,0.2486485522107689,2723.266915404857,2.0,4.841144061310313e-07,2.75e-06,0.0320752209988045,0.0080599718904163,0.0044569634739723,0.000194529829168,8.4598338786787e-05,2.6290649272110262,False
143,0,2.865817302216583e-05,0.1414270302620048,11750.574359766537,3.0,4.762441488647818e-07,2.75e-06,0.0580478590874195,0.0057072726384259,0.0005114653026279,0.000453641828528,2.857115464281795e-05,2.6316962814039044,False
181,1,1.4198588302497548e-05,0.1462160881240411,24155.0468647388,3.0,4.786275935599026e-07,2.75e-06,0.0572984215626824,0.0058145916333599,0.000502895069691,0.0004235090081231,3.1563044915400185e-05,2.632267124383412,False
424,0,8.019158791255644e-05,0.0785097623896395,13908.303994704587,3.0,4.771869315562546e-07,2.75e-06,0.0444850996067493,0.0072110500086107,0.0024376043455587,0.0003300502552493,3.0964667952912514e-05,2.6331696097034922,False
248,3,0.0001335215054135,0.2082741687719659,18101.869872328105,3.0,4.6779089172092e-07,2.75e-06,0.0372910871302624,0.0077582558157436,0.005622721178303,0.0002290288361748,4.565526700460575e-05,2.633347344952126,False
15,1,0.0002811496334329,0.2163321062420668,21911.445786373544,2.0,4.75869917770824e-07,2.75e-06,0.0390693791221592,0.0076391066233551,0.0055238398441664,0.00025182439583,3.96395618856976e-05,2.6342354884673522,False
21,2,3.985985813188143e-05,0.1236154988331197,18407.28984134301,2.0,4.7754127230469e-07,2.75e-06,0.0581026821502928,0.0057140342299357,0.0004786121013915,0.0004370672258817,3.123188732883191e-05,2.6344411219586163,False
24,2,0.0001963464208789,0.2770860874702606,23928.893120116707,3.0,4.631490102039309e-07,2.75e-06,0.0261345934313445,0.0083803058542948,0.0064522008885863,0.0001413540029706,4.386996542166705e-05,2.6366463800644615,False
133,1,0.0001714516704679,0.269815558000672,10554.900962562791,1.0,4.557267430858272e-07,2.75e-06,0.0207238924719299,0.0085918143357583,0.0067087116259273,0.000215050719744,5.952012215288118e-05,2.6377077388658576,False
452,2,2.603891499686669e-05,0.0437514992427386,14992.066690774953,3.0,4.6373996384231706e-07,2.75e-06,0.0222502485027021,0.008549429009282,0.0005079949188252,0.0001373858073608,2.436492550835107e-05,2.6407732704714157,False
492,1,1.1965063118324338e-05,0.0254121725169647,18582.158524722527,1.0,4.829797323367843e-07,2.75e-06,0.0549449171162738,0.006170280430087,0.0005400901698729,0.0004313456445945,3.0216102868399752e-05,2.6420137772305403,False
384,3,5.325839761185796e-05,0.1453699241089128,21596.79957665349,1.0,4.7644318152073573e-07,2.75e-06,0.0553970506158089,0.0061147012541103,0.0005059830868042,0.0003898247378228,3.215041211586344e-05,2.6421943604274034,False
121,1,4.160621038832928e-06,0.2342832380071673,15486.395070452416,1.0,4.807606970821282e-07,2.75e-06,0.0539648420368829,0.0062910821776972,0.0005087530251073,0.0003681071375836,3.219124748451242e-05,2.642361796910218,False
344,1,0.0002198839856958,0.3008792774908147,18462.33945428052,2.0,4.724876897806858e-07,2.75e-06,0.0356231425985133,0.0079133625425159,0.0059215026713457,0.0002084630321324,4.462537780678677e-05,2.645564539904374,False
256,1,1.3177711753821795e-05,0.2316028896057692,17460.869895367236,2.0,4.778299842985541e-07,2.75e-06,0.0557837655398609,0.0061067113209966,0.000506638544752,0.0003953684392022,3.182807383286858e-05,2.6504354947804845,False
443,2,7.408543893246192e-05,0.0651710293226972,5825.573317876704,1.0,4.4741720539441474e-07,2.75e-06,0.0360682645372589,0.0079049232863762,0.0030003978423161,0.0005326266055522,4.145726627029455e-05,2.6506723962935754,False
112,4,1.4659736297608656e-05,0.0713053261011582,14627.660504371835,2.0,4.826779553192123e-07,2.75e-06,0.0573693617100687,0.0059002203832563,0.0004864248640067,0.0004534218518774,2.936557521104325e-05,2.6506908516385965,False
384,4,0.0001737921257128,0.254671016072778,18722.849720403952,2.0,4.68707617015546e-07,2.75e-06,0.0412387530265252,0.0075508278687067,0.0053846270653614,0.0002700066519733,4.164776586096942e-05,2.6520767364294504,False
425,1,4.425338341910527e-05,0.1156583674552757,9697.362341973563,2.0,4.807556656915181e-07,2.75e-06,0.058752399395847,0.0057152751658975,0.0005371320398801,0.0004676317831474,2.822010933995473e-05,2.6520884541947285,False
182,0,0.000148623222291,0.2942208957423657,8253.338974089136,1.0,4.61367259125757e-07,2.75e-06,0.0225579066304455,0.0085878406180343,0.0067078553396586,0.0001480127994818,6.800207867411127e-05,2.6547687546629746,False
459,3,2.465753812789564e-06,0.0659226475066388,17857.11986460429,2.0,4.807774823278201e-07,2.75e-06,0.0583129435414374,0.0058008853421684,0.0005187820501452,0.0004604987738822,3.018894763900161e-05,2.656532087032919,False
32,3,6.475967305390798e-06,0.0373728780164362,18182.284605859702,3.0,4.6496832425026586e-07,2.75e-06,0.0241532896667921,0.0085374273185516,0.0005468974299319,0.0001367878715689,2.5592987177586226e-05,2.65760708346017,False
259,1,7.195177881229087e-05,0.0887802782392595,12933.328250726025,3.0,4.4151389151396553e-07,2.75e-06,0.0525974272886267,0.0065346074345513,0.0017496066189025,0.0007667190545104,2.8307086983909782e-05,2.6604028220807647,False
466,2,3.4701439965880585e-06,0.2010810430604012,9137.399159598244,2.0,4.801480064100494e-07,2.75e-06,0.058849466002725,0.0057479889008371,0.0005209924247474,0.0004469859685125,2.990313984520093e-05,2.6608482161913036,False
136,0,7.909044048576116e-05,0.0650385652688921,5505.636964761712,1.0,4.631699215406684e-07,2.75e-06,0.0238467395328512,0.0085680540473628,0.003618379626038,0.0001396593573433,4.881053454225682e-05,2.6628396348840497,False
494,3,8.559970126581543e-05,0.2114978240709334,3646.645427677781,2.0,4.6013223578800765e-07,2.75e-06,0.0225643184936539,0.0086238161376367,0.0053792372392931,0.0002858315489544,9.032015309468716e-05,2.664983987646759,False
53,0,0.0001361786308816,0.1374626207217258,10100.02301491512,1.0,4.755690345509584e-07,2.75e-06,0.0372749642137006,0.0078844058755503,0.005719954368431,0.0002345591851111,5.25065647468444e-05,2.6655443558467824,False
58,1,0.0001319081947547,0.2916504081121939,20144.26804078281,3.0,4.7035556492229435e-07,2.75e-06,0.0504567404411699,0.0068086617010518,0.0042731603817376,0.0003711476707891,3.691098887569255e-05,2.6700401618681937,False
319,0,0.0001306437589185,0.1386158686624484,17173.48506973601,3.0,4.645183750018975e-07,2.75e-06,0.0242589270457789,0.0085880262248966,0.0064564515856197,0.0001419066711627,5.171522503634186e-05,2.672944880466035,False
486,2,1.6799734978898153e-05,0.033647132044462,19983.64464033488,3.0,4.631520984353414e-07,2.75e-06,0.0240085635805186,0.0086040565717414,0.0005338212531939,0.0001379596864355,2.59498960147108e-05,2.6746986365488623,False
366,2,0.0003114230298666,0.1446023059294955,22012.833762372145,1.0,4.780621518725119e-07,2.75e-06,0.0487059928277374,0.0070104152921701,0.0046028397664201,0.0003599845840261,3.371605598349466e-05,2.67613911729234,False
404,3,1.1184566696037905e-05,0.2187704105997176,2225.8955703963675,3.0,4.6718425862895883e-07,2.75e-06,0.0208670027749937,0.0087254292173488,0.0005108112128599,0.0002005016739069,2.2265170563068343e-05,2.677027665856687,False
440,2,2.0475394854850808e-05,0.3005567966900897,17454.811637436113,3.0,4.74996104123737e-07,2.75e-06,0.0568361553326273,0.0061139425918304,0.0005070625815892,0.0004088207612405,3.161659548642617e-05,2.678846695280586,False
321,0,0.0001295347764882,0.273266125971952,22333.61683393804,2.0,4.800481786155254e-07,2.75e-06,0.0572181095683589,0.0060679009075125,0.0029535110206247,0.0004418816713606,3.1929284134236435e-05,2.6795772958778445,False
168,1,3.0146162898929926e-05,0.2968827901733074,19935.846116432465,3.0,4.787901696693413e-07,2.75e-06,0.056613556106488,0.0061527501368969,0.0005044992127312,0.0004050743615506,3.1809212571819644e-05,2.68087825440667,False
197,0,0.0001637436195181,0.293878544487479,19681.23020790632,3.0,4.6856436015347787e-07,2.75e-06,0.0273024787356554,0.0084892818835409,0.0065727303336455,0.0001446089582885,4.837274667945393e-05,2.6810210927039115,False
474,3,3.999670318284728e-05,0.2397965905591392,14067.567781897182,3.0,4.802108764144151e-07,2.75e-06,0.0589516743783231,0.0058437778390163,0.0004972933438118,0.0004433875456237,3.077787856807269e-05,2.681703089266182,False
495,0,0.0001205855326715,0.1663496909771271,17049.69944462607,1.0,4.802874571948952e-07,2.75e-06,0.0585490239582631,0.0059064878787273,0.0026128552507188,0.0004578648595942,3.170951746102779e-05,2.6829866368859587,False
134,0,7.142850380183161e-05,0.1893236968181455,22283.67255993093,2.0,4.771934512636303e-07,2.75e-06,0.059076367490996,0.0058352660734332,0.0006182831677857,0.0004429259848791,3.177192840117047e-05,2.683413511684875,False
305,0,0.0001336946509866,0.1568756506239737,11683.114225172472,2.0,4.628275176287168e-07,2.75e-06,0.0206287681431512,0.0087564933400028,0.0067985396480193,0.0001721344736133,6.148683523623051e-05,2.683625060383966,False
244,2,3.772261980174971e-05,0.1917502428884647,8458.708277192807,1.0,4.784596856713219e-07,2.75e-06,0.0586138810777236,0.0059206111087581,0.0004905609948592,0.0004363573784179,3.1016146143879885e-05,2.6874143480296304,False
220,3,1.2284656981874312e-05,0.0674677586056702,10053.135479280303,3.0,4.67695867585648e-07,2.75e-06,0.0338549000891434,0.0081793270501483,0.0005818821833905,0.0002145119979623,2.2165550208870007e-05,2.6876119529669618,False
149,3,0.0001932013134896,0.1978079441380381,23293.5084258413,3.0,4.658545152246214e-07,2.75e-06,0.0262079742478713,0.0085926407497981,0.0067752168909658,0.0001418131257709,4.608089985345206e-05,2.6964442866714844,False
301,4,0.000141872102159,0.2551046529962044,15095.3632156431,2.0,4.7479713050983554e-07,2.75e-06,0.0443265438414479,0.0075051112438103,0.0053190939336893,0.0003075238351509,4.533505982493668e-05,2.7007120358044556,False
17,3,7.99508019483553e-06,0.0886952063512415,6571.79906060789,3.0,4.69181762936235e-07,2.75e-06,0.022198816715442,0.0087950084938858,0.0005355093079823,0.0001377203195423,1.7784793761566463e-05,2.7096712398395697,False
262,4,0.000113249168493,0.2338729786067513,4237.082300162336,1.0,4.712628334884858e-07,2.75e-06,0.0314392027505868,0.0083952201511748,0.0063843252798588,0.0001854149130306,9.31407240070764e-05,2.709986332974622,False
432,3,6.804224285313253e-05,0.2793706602828273,22443.358634226817,1.0,4.857328932385271e-07,2.75e-06,0.0564063941569737,0.006323971978527,0.0005194832222122,0.0003988302667389,3.231160922416119e-05,2.7101652090052206,False
131,0,0.0001964690676947,0.1174086660352018,16749.81163735675,2.0,4.660039264941388e-07,2.75e-06,0.0213243638372502,0.0088274715562976,0.0066713319962661,0.000157780603472,5.014637232101022e-05,2.710360646557106,False
66,1,1.8855772322486687e-05,0.2720467098904615,13832.377254633337,3.0,4.810131880225176e-07,2.75e-06,0.0593641217282862,0.005941802113214,0.0005094060585186,0.0004459924135753,3.097531291797339e-05,2.711353115010181,False
482,2,0.0002930687677419,0.0651813067829937,17055.570666219,1.0,4.643218325481819e-07,2.75e-06,0.0211720924434946,0.0088376836489098,0.0057097781243776,0.0001512359394041,4.000220162113106e-05,2.7118146649289327,False
81,2,1.6368861642612582e-05,0.2691826325210208,9489.6356429521,2.0,4.819975085716169e-07,2.75e-06,0.0594506164559669,0.0059335956836489,0.0005054789218026,0.000446958894914,3.0621291588719584e-05,2.712083836528725,False
495,3,0.0002135867376418,0.1395836619053851,14894.66791016034,1.0,4.755037872663459e-07,2.75e-06,0.0367308733382888,0.0081003033071145,0.0060713981863863,0.0002290066827416,4.545491092458536e-05,2.712420183011879,False
317,1,0.0001371835896691,0.2261775092073639,18736.837511917467,3.0,4.684851160156527e-07,2.75e-06,0.0444560155283186,0.0075692652159865,0.0053780003685092,0.0003111265327579,4.375861264169909e-05,2.718843275475376,False
165,0,0.0001838449322611,0.2739746236096736,24360.2971909607,1.0,4.753394474711528e-07,2.75e-06,0.0563726675640482,0.0063754742242847,0.0033705551415548,0.0004332577130697,3.199038703935228e-05,2.7198187764145656,False
264,0,3.390005367333328e-05,0.1728028531200173,2997.20451228471,3.0,4.741597524910437e-07,2.75e-06,0.0208544353237993,0.0088827883470973,0.0005958445909999,0.0001459602802151,1.8466569952262075e-05,2.7216623051311424,False
55,2,0.0003843403755203,0.1200645237171316,16804.116041064073,1.0,4.612567447680534e-07,2.75e-06,0.0201448812471067,0.0089067129723733,0.0063603808298975,0.0001793441144889,4.420210116537812e-05,2.7219999744946395,False
80,2,1.5806985758416664e-05,0.0978159416038919,11607.328043332534,3.0,4.738596614244583e-07,2.75e-06,0.0575935548677168,0.0062743450885419,0.0005343954017319,0.0004695279702708,2.67868688317902e-05,2.730306660158766,False
390,0,0.0001247014778261,0.2927645458104271,12310.252699853409,3.0,4.73236291859709e-07,2.75e-06,0.040372967141714,0.0079277057787654,0.0058590741584442,0.0002625712397386,5.647549893474789e-05,2.730658915591701,False
130,2,0.0002293065647433,0.2020276756292225,23854.367377964587,3.0,4.643265921552418e-07,2.75e-06,0.0291596797805692,0.008588766595953,0.0068119074015406,0.0001617307308454,4.602897251853656e-05,2.7318794963547446,False
206,1,0.0005162039552047,0.0774658126244942,23525.754225970468,1.0,4.6617322475884485e-07,2.75e-06,0.0255532655914917,0.0087638235333151,0.0047112971432497,0.0001445204251642,3.250025858867134e-05,2.736565887840226,False
425,4,5.851900238335452e-06,0.2241580040700105,23128.7484030339,3.0,4.764408337321034e-07,2.75e-06,0.0595560021220725,0.0060482914760806,0.000509889051072,0.0004455606785371,3.185451713006305e-05,2.736866215372884,False
93,1,1.8816432865347367e-05,0.2246516360496831,7418.758477709129,2.0,4.843559508617513e-07,2.75e-06,0.0618284405927913,0.005726013874052,0.0005002626444606,0.0004868175931946,2.9058808206003365e-05,2.7375202796365405,False
426,2,0.0001436527219455,0.2116772432719322,8302.325798128471,1.0,4.680990312826158e-07,2.75e-06,0.0269749683482946,0.0087107702612117,0.0069013523586047,0.0001506981688666,6.84647816706487e-05,2.7383395845794825,False
79,3,0.0002315406805911,0.2591422835530407,20170.57080833868,1.0,4.797044912906218e-07,2.75e-06,0.0512233807391608,0.0070384889284109,0.0045674191718012,0.0003820015204643,3.473591899036234e-05,2.738818920208128,False
141,4,0.0001181030091459,0.0871804761592198,14095.89991227006,2.0,4.449939507988141e-07,2.75e-06,0.035887566154594,0.0082599009402422,0.0054305251295149,0.0005290859694559,4.729147988254305e-05,2.740555351068457,False
160,3,3.0098278395597383e-05,0.0531125726711353,12466.96448761706,3.0,4.673209690021989e-07,2.75e-06,0.0312668879071158,0.0085248058239578,0.0005605130411344,0.0001939101755593,2.3127128209047664e-05,2.7426465891056,False
251,1,0.0006622929686272,0.1445639452772998,23403.12002149013,1.0,4.6346651360003466e-07,2.75e-06,0.0214102527587661,0.0089384859110967,0.0050561366160636,0.0001527810682577,3.403587339755757e-05,2.742714014005261,False
33,3,0.0002624402044966,0.0253653188346074,23929.862780609896,1.0,4.6692874029622886e-07,2.75e-06,0.0278438642160759,0.0086906316257021,0.0038507763920503,0.0001627955526336,3.0286938325388862e-05,2.74330098538335,False
90,2,0.0001021031224685,0.2072679630518782,19469.62492561908,3.0,4.76929225014822e-07,2.75e-06,0.0626296177649022,0.0056448996827224,0.0022961152332736,0.0005128011758871,3.124084711508551e-05,2.7449033921049613,False
6,2,0.0003727887289001,0.2219219931434316,18310.03026796685,1.0,4.705354415905238e-07,2.75e-06,0.0418744371335586,0.0078870567043966,0.0057801769047423,0.000286866310175,4.138426215916473e-05,2.747758684652609,False
92,3,0.0001245148154909,0.3008892277908601,4465.993394986988,1.0,4.540740246262167e-07,2.75e-06,0.0273081570190849,0.0087331518969327,0.0069444043878178,0.0003980840339243,9.75818097143174e-05,2.748540893329869,False
203,1,0.0003378418162785,0.2682928340053782,14218.723745161686,1.0,4.6173645541629394e-07,2.75e-06,0.0202668254371733,0.0090012751372322,0.0072967223759619,0.0001798774258585,5.505887163807047e-05,2.7500761076253313,False
190,0,0.0002899496735402,0.1974370370444771,18324.522860946465,1.0,4.774849563876761e-07,2.75e-06,0.0464599402869929,0.0075521255190276,0.0053857789897518,0.0003362187303002,3.919216761280924e-05,2.755070534881515,False
202,4,0.0002988134114912,0.225947666815487,17803.807149912336,2.0,4.70291780988666e-07,2.75e-06,0.0261994352815913,0.0088161675897674,0.0069233280301462,0.0001437133260199,5.05557237269247e-05,2.758546492954022,False
273,1,0.0001535691533314,0.1396308044866352,12649.651386807069,1.0,4.820633151361961e-07,2.75e-06,0.042813269395822,0.0078688247357462,0.0057748313933085,0.0002982270709719,4.703682661000536e-05,2.7607123633709287,False
404,1,0.0003249722550764,0.2533380087266432,19708.92676200149,2.0,4.743269132038026e-07,2.75e-06,0.035606593106777,0.0083571495698508,0.006367545367028,0.0002196229888625,4.570166073966613e-05,2.761737626564122,False
347,4,0.0001941550614273,0.1094725292889193,22776.135922752143,3.0,4.658704167363037e-07,2.75e-06,0.0231392211894885,0.0089515245701463,0.0068011433093418,0.0001409968061145,4.719776606986941e-05,2.763369709363251,False
349,2,1.85910419592005e-05,0.1468070570960596,22952.382571522667,1.0,4.761057088552209e-07,2.75e-06,0.0594881768751769,0.0062182194840089,0.0005081254597461,0.0004409699148195,3.228378901427886e-05,2.7681041272203513,False
395,1,3.252493637499339e-05,0.0241986406561495,18419.902726756445,1.0,4.803956547067459e-07,2.75e-06,0.0590424262867638,0.0062858998468999,0.0004921070129241,0.000489642572717,2.9927072902083028e-05,2.7698611004356835,False
450,4,0.0001902032718457,0.1219639556717364,22876.633918464515,3.0,4.716063531084514e-07,2.75e-06,0.0248828638989511,0.0089371655834609,0.0069592524164308,0.0001399868209242,4.718741609125942e-05,2.7776503445963767,False
28,2,0.000146266745936,0.0934111685472188,11880.083172614566,1.0,4.420764100775998e-07,2.75e-06,0.0383263204907795,0.0082600344583317,0.0060241529463089,0.0005675872716873,4.993893670653448e-05,2.7803391638488972,False
4,2,0.0002529456692271,0.2368917957805182,21924.653867379064,3.0,4.637831443988097e-07,2.75e-06,0.0214483431310384,0.0090784721060641,0.0074817348443864,0.0001697584499243,5.082158424068325e-05,2.7828724781078704,False
257,2,9.938059654397549e-05,0.1419492286161348,12404.530739736354,1.0,4.821062728809688e-07,2.75e-06,0.0640155737056276,0.0056430221679863,0.002110094571482,0.0005286226338709,3.1344869582784344e-05,2.783068542471154,False
48,1,8.129194320694128e-05,0.2210207906476238,9573.605066802687,3.0,4.867023568108541e-07,2.75e-06,0.0650500034964793,0.0054773739376323,0.0016499241949073,0.0005487294567665,2.9949374488521733e-05,2.7832946101715654,False
434,4,2.5734762659540103e-05,0.2457868490910233,17110.5658697834,3.0,4.855153630704076e-07,2.75e-06,0.0619155328467731,0.0059724211464441,0.0005050271288802,0.0004780870833749,3.14072690813386e-05,2.785396641181844,False
380,4,1.235640485238102e-05,0.2298430047823512,16444.221487466646,1.0,4.761633602259814e-07,2.75e-06,0.0595819059846787,0.0062962799874767,0.0005097269435951,0.0004407078907126,3.221300030313557e-05,2.785877469101454,False
353,1,1.8495073150612224e-05,0.0793071216761758,11933.59287073705,3.0,4.843995077837819e-07,2.75e-06,0.0559899390206512,0.0067538520414839,0.0004925974856579,0.0004630293414562,2.5895378031399216e-05,2.7889869874060804,False
459,1,0.0002623843466227,0.0327308655904217,19956.475891955703,1.0,4.592925659045983e-07,2.75e-06,0.0205288901022031,0.0091344511166383,0.0046463769646196,0.0002050015146097,3.305760685715082e-05,2.79042676319821,False
280,2,0.0001505252121257,0.1084370918663116,12123.648004119294,1.0,4.7354150636848686e-07,2.75e-06,0.0407484816131647,0.0081460422154098,0.0060061568435302,0.0002810525766261,4.968726006766343e-05,2.7927490536846844,False
209,2,0.0001462619602363,0.1099562925165309,19152.493994000783,3.0,4.578251485437015e-07,2.75e-06,0.0210064123932932,0.0091389242400156,0.0069457546766436,0.0001881496667478,5.20681328414175e-05,2.7960074465796723,False
5,1,3.0425164937729203e-05,0.0573163685983754,3857.049181592122,1.0,4.59443675934301e-07,2.75e-06,0.02197187044097,0.0091105186817881,0.0005372487579679,0.0002491315929421,1.9882594845044763e-05,2.7969210928037884,False
73,3,7.243404545762095e-05,0.0176294349736722,17850.699642839405,1.0,4.744119133069591e-07,2.75e-06,0.0359877056872301,0.0084714067116333,0.0021750563940628,0.0002457691116011,2.8506564827237256e-05,2.7978451855622346,False
455,4,7.712918584469082e-05,0.0407697334997439,22276.881469981785,3.0,4.77333485869449e-07,2.75e-06,0.0424845763002609,0.008049896584863,0.0023282715323177,0.0003188099736455,2.8614505759732808e-05,2.799799122033044,False
29,4,8.394395004581772e-05,0.227594362457286,11841.07901276833,1.0,4.84611665491662e-07,2.75e-06,0.063761000365479,0.0058128172096098,0.0008136828688328,0.0005049106427294,3.1451760599461534e-05,2.806356857972712,False
152,3,0.0001132506046824,0.104986941395518,14286.97932795277,3.0,4.634144883085633e-07,2.75e-06,0.0204260870355681,0.0091935603118721,0.00645344759206,0.0001653691564532,5.631380880473187e-05,2.806392852681264,False
258,0,0.0001442132672745,0.1249741526317172,18278.71622213092,3.0,4.586731667724493e-07,2.75e-06,0.0211190360538105,0.0091778209792338,0.0071572834271509,0.0001808422506325,5.428312930457675e-05,2.8081193103530393,False
290,1,1.5413474810089592e-06,0.2731527519207412,19501.135297929268,2.0,4.884715510847068e-07,2.75e-06,0.0609180424586302,0.0062373209274479,0.0005083503057232,0.0004591998114881,3.206924627782097e-05,2.8092518534546933,False
121,3,0.0001562900879441,0.1956468502430977,13824.263976059485,2.0,4.7095298247378956e-07,2.75e-06,0.032083935271067,0.0087404751741344,0.0070051051389465,0.0001856673515242,5.758481622710852e-05,2.812392764165639,False
253,2,3.0177701496551032e-05,0.1592681572254707,16833.11026084169,1.0,4.800474466014567e-07,2.75e-06,0.0617907873149596,0.0061365298047747,0.0005012754365786,0.0004725482905531,3.20661463459606e-05,2.8130051821442312,False
320,0,2.275520784802284e-05,0.2989927882893922,11215.91220831194,1.0,4.72725359954206e-07,2.75e-06,0.0606156795303365,0.0063023083725561,0.0005080953747483,0.0004540017863718,3.196513791638421e-05,2.813964748533524,False
338,4,0.0007542324323832,0.2462911889167208,22317.0806890609,1.0,4.650206235279534e-07,2.75e-06,0.024875240929445,0.009072303268948,0.0053597896479332,0.0001422378322077,3.5920219242138924e-05,2.815509880101558,False
454,4,0.0002810582298841,0.166863525691712,23932.17225622796,3.0,4.6444867081967865e-07,2.75e-06,0.0264577777329822,0.0090364248084188,0.0072135589669308,0.0001458468086162,4.800360069712859e-05,2.822931560998404,False
59,3,0.0003547126421767,0.1930684175596949,23001.29071239824,1.0,4.762333343095392e-07,2.75e-06,0.0560393825209154,0.0069168354941646,0.0045066479260428,0.0004502444320481,3.356263140579616e-05,2.8247913229536286,False
436,1,0.0001947779493346,0.0977057687881905,23147.414023884023,3.0,4.674503513465786e-07,2.75e-06,0.0258481685267908,0.0090700417666133,0.0067569407861747,0.0001475762048359,4.659970553715992e-05,2.825483232714892,False
467,1,1.0837663052048462e-05,0.0444583850476242,19154.43016128266,3.0,4.769374556509753e-07,2.75e-06,0.0528821492134743,0.0072609515602284,0.0004974719602212,0.0004330503176603,2.740087405155875e-05,2.826285756422011,False
317,0,0.0005086088903128,0.2900566048926427,15265.273663589058,1.0,4.559702169610824e-07,2.75e-06,0.021774167666843,0.0092239601790501,0.0072009586326201,0.0002447272751525,5.296072819945365e-05,2.8273025160624052,False
459,0,0.0003133284072685,0.2602591986329184,18133.916356727477,2.0,4.4472439798149227e-07,2.75e-06,0.0316302487334102,0.0088196963164099,0.0069809458542248,0.0004631014087364,5.107206876581635e-05,2.827685621262707,False
445,1,0.0005941491579925,0.2434356536070943,18506.455148921967,1.0,4.656199719053465e-07,2.75e-06,0.0264090450429499,0.0090620672520197,0.0063457879678273,0.0001471687201933,4.311698807846307e-05,2.8295380557925327,False
448,0,0.0006880797315247,0.2806953262870404,19459.74619356155,1.0,4.675272772446872e-07,2.75e-06,0.0232320943803301,0.0091996238976946,0.0061397018396029,0.0001393991827841,4.1361370009395714e-05,2.834449397113347,False
364,1,7.732314077344668e-05,0.2161942841338825,3088.424422636376,3.0,4.593911477302622e-07,2.75e-06,0.0206916872626965,0.0092895529513732,0.0036306341081614,0.0002249253445305,6.885085021748286e-05,2.8361575420954734,False
155,1,6.617432401872096e-05,0.2585604631609816,11425.179105015492,2.0,4.841866107888836e-07,2.75e-06,0.0652179740429312,0.005756493463703,0.0006163165119775,0.000525113797823,3.078062246548022e-05,2.8366655456920933,False
273,2,0.0001058154447945,0.1835002845768537,11127.810475547409,1.0,4.838136029694885e-07,2.75e-06,0.0653507521222272,0.0057562746916209,0.0023585692182088,0.0005461938027978,3.2074595523432364e-05,2.8403296508818605,False
498,4,5.574153591521727e-05,0.024295946283416,21826.53260172082,2.0,4.7573867123576293e-07,2.75e-06,0.0416777528957745,0.0082725142226335,0.001146602267094,0.0003112616931505,2.760352826403851e-05,2.841369773255082,False
267,1,0.0001102445645444,0.0736068534174454,8316.912842836391,1.0,4.7015223307240555e-07,2.75e-06,0.0312206238381227,0.0088938407641762,0.0060508621520697,0.0001924064420815,5.986780738330264e-05,2.842377487003132,False
461,4,0.0001564567627352,0.2521233485533698,17599.215831273345,3.0,4.730918835749988e-07,2.75e-06,0.0337282745991699,0.0087762836793509,0.0070185791015691,0.0001954777347496,5.3470761279990206e-05,2.845252314675486,False
16,3,0.0003360602411865,0.1639807131613954,19645.379791438118,1.0,4.369481580554125e-07,2.75e-06,0.0528007012644982,0.0073543106036389,0.0050579915551732,0.0007720804820246,3.664807589576663e-05,2.8454227573717357,False
310,0,0.0002232267299707,0.2934267294060252,16040.355522981894,2.0,4.7409517150424326e-07,2.75e-06,0.0375749352136327,0.008576621437962,0.0068299944121955,0.0002392407373623,5.299468477958192e-05,2.850598947089022,False
462,3,0.0001306374079604,0.1026752004634556,13192.948300175,2.0,4.489572151060762e-07,2.75e-06,0.0304677878112621,0.0089642039058697,0.0065594388288556,0.0004354513779958,5.627370077544968e-05,2.8517303298861276,False
137,2,0.0005057063349854,0.2615552192827248,22532.37196995599,2.0,4.618476202968609e-07,2.75e-06,0.0229751309056384,0.0092877321723023,0.0066638053503185,0.0001437171079583,4.54685855568706e-05,2.856875836299462,False
4,1,0.0001535961138608,0.1314374597213337,19925.807201256303,3.0,4.471713805492173e-07,2.75e-06,0.0331718599362694,0.0088619881861417,0.006869277945042,0.000481243919189,5.0366117295932094e-05,2.8604438418892837,False
392,0,0.0002639848044838,0.0199308097819968,24747.66629820758,1.0,4.626926428884905e-07,2.75e-06,0.0215746651704344,0.0093504425380038,0.0036436350033991,0.0002540529770188,2.9684235474610567e-05,2.861469290385644,False
325,2,2.788837660002725e-05,0.2387648886553715,21697.90852619172,1.0,4.771623144714546e-07,2.75e-06,0.0619564756044321,0.0063662068967072,0.0005049842168995,0.0004702569798374,3.2356546865838915e-05,2.861511919020651,False
359,0,0.0001733498149816,0.0934685666459389,11907.33225255538,1.0,4.71101437384685e-07,2.75e-06,0.0324985233221205,0.0089136730450673,0.0067974970186671,0.0001994091282802,5.466661440659877e-05,2.865071415788927,False
175,2,0.0002343689241787,0.1925720984559531,11418.270344067354,1.0,4.6094409965734573e-07,2.75e-06,0.0213109863886602,0.0093736732630297,0.007785713584294,0.0001572881537412,6.404628559399515e-05,2.865697755367579,False
36,3,1.1189611364606535e-05,0.0656854094597559,5948.751177453738,2.0,4.6968729934894646e-07,2.75e-06,0.0243234344359646,0.0093115488078647,0.0004602633987971,0.000140935847223,1.817354111848637e-05,2.8770974350272502,False
374,1,8.79757892890811e-06,0.0461912247363203,12352.068699118434,3.0,4.623767771680442e-07,2.75e-06,0.0229230012100191,0.009371568995501,0.0005457892760524,0.0001367134432426,2.2090241224780097e-05,2.8801462793605443,False
184,4,0.0001461856422263,0.1334058766266243,17600.84011370661,3.0,4.699857522475876e-07,2.75e-06,0.0292655347537972,0.0091232155157422,0.0071779422889179,0.000167223823219,5.524187986277345e-05,2.880291019187139,False
438,4,0.0003830976428731,0.2824551394489046,23784.137424441207,3.0,4.551830182592166e-07,2.75e-06,0.021640685091164,0.0094145555771303,0.0078222879550716,0.0001795231113585,5.123786255458675e-05,2.880341977639772,False
285,4,7.0346115107603256e-06,0.0444508299922912,13284.44344953942,3.0,4.668221952191951e-07,2.75e-06,0.0240661784143847,0.009335586466359,0.0004164384025816,0.0001419219212708,2.2814418051506524e-05,2.881263619567975,False
330,1,0.0002469587735791,0.1719159164182822,22532.91929127525,3.0,4.6765635102073276e-07,2.75e-06,0.0297282714086987,0.0091179937733669,0.0074000457281194,0.0001647050615524,5.005197900736996e-05,2.8845918988019963,False
492,2,9.122188042380012e-05,0.2864382196974513,20136.59107941051,2.0,4.840471405639152e-07,2.75e-06,0.0666788119188182,0.0058009598184627,0.0010252812519364,0.0005437294167245,3.167803246326576e-05,2.8853262531756263,False
429,4,0.0002996195113656,0.1608784476477962,17691.0023835897,2.0,4.644664582505631e-07,2.75e-06,0.0234672653050004,0.0093738953852214,0.0072720836072904,0.0001437939658077,5.258677493260136e-05,2.8861148720005727,False
346,4,0.0002877238289017,0.0714806682968274,15304.42676272681,1.0,4.680068040503885e-07,2.75e-06,0.0268023337412523,0.0092652644244821,0.0063074037970483,0.0001543061554896,4.49679544746854e-05,2.89074109259551,False
271,0,1.2220188509333296e-05,0.026719356603122,16642.6083891335,2.0,4.758736160765213e-07,2.75e-06,0.0340301403529681,0.0089348833836543,0.0004718780070567,0.0002285137438802,2.5603638012889067e-05,2.8922645032616994,False
416,0,1.2821332085806468e-05,0.0906936690902621,6155.247497518607,3.0,4.584601356917706e-07,2.75e-06,0.0243487416737904,0.0093654972117922,0.0005477299890354,0.0003158653026402,1.7257372250234348e-05,2.8925839203838186,False
428,0,0.0001348652425443,0.1265386961254134,12240.058199656674,2.0,4.661784583527373e-07,2.75e-06,0.0296100062519402,0.0091567114114558,0.0070982063631026,0.0001697741527215,6.237033014963501e-05,2.893796374465484,False
216,1,0.0002030026865671,0.2622377201085663,13751.621757387597,2.0,4.603185427846963e-07,2.75e-06,0.0212958049349704,0.0094800199890284,0.0080422496085865,0.0001853920812861,6.513560832513448e-05,2.8959057541311477,False
173,3,0.0001315376166111,0.1535652982824981,13915.25924714644,3.0,4.6212073109744803e-07,2.75e-06,0.0218743327614072,0.0094725124185818,0.0076008908828763,0.0002066851608384,6.493132259477253e-05,2.898990442273953,False
458,3,0.0001730358492841,0.2786302280426531,16838.882498018058,1.0,4.821189584021547e-07,2.75e-06,0.0585722217448311,0.0069862371494675,0.0044468027855672,0.0004747587300068,3.624386679479416e-05,2.9009587359962237,False
194,3,5.388740406959849e-05,0.2612647342564972,20273.305993314018,3.0,4.801621936478874e-07,2.75e-06,0.0663272885479855,0.0060181615267655,0.0005021612870755,0.0005339871324859,3.1647583113974583e-05,2.914148516175811,False
164,2,0.0005785757709246,0.2849272277795551,17489.717309609794,1.0,4.70802260662569e-07,2.75e-06,0.0308950767073942,0.009193766615404,0.0067878532947042,0.000185259708049,4.686597281319996e-05,2.920209774303183,False
329,0,5.672945878626051e-06,0.0221894038897603,21749.150330182507,2.0,4.767928098764004e-07,2.75e-06,0.0425444966161371,0.0085293508338388,0.00047451461721,0.0003237856032782,2.7364043918730897e-05,2.922015445884097,False
291,0,0.0001545040071599,0.196186067918974,11560.666425548096,2.0,4.584329258243543e-07,2.75e-06,0.0216282264203212,0.0095642212070656,0.0080222203312651,0.0001651832537624,7.125031377280473e-05,2.922908554674979,False
180,2,2.8705066760575035e-05,0.074328983220698,11804.065925403718,3.0,4.804640723933412e-07,2.75e-06,0.0593350794017333,0.0070598686562064,0.0004846851032211,0.0005126660857428,2.5185798770242224e-05,2.9350985016786355,False
64,1,0.000160256450753,0.1198666064798256,18531.258560254068,3.0,4.5508013479196e-07,2.75e-06,0.0237471924004696,0.0095427189741928,0.0075948054775385,0.0002759692335597,5.6188939954605454e-05,2.9366905387137203,False
385,1,1.616839972122329e-05,0.0491615953008287,3996.4517855094823,1.0,4.692672710921137e-07,2.75e-06,0.0212629399249524,0.0096275729270711,0.0005077724206573,0.000145873701325,1.8032429955767813e-05,2.9377565364479596,False
304,2,0.0001476040399511,0.1531749419149733,16564.045471952788,3.0,4.607776388212619e-07,2.75e-06,0.0269851054443546,0.0094391760162085,0.0076795887757813,0.0001484061588467,6.043792214967248e-05,2.941419046225626,False
381,0,1.185863141431785e-05,0.0802004650507602,14273.502528060151,3.0,4.842264101375188e-07,2.75e-06,0.0651044887855007,0.0063483900278823,0.0005591497816462,0.000569048182473,2.771586222418244e-05,2.9416807075399913,False
493,0,1.7110290811526048e-05,0.2821645869267365,18335.69892895004,3.0,4.7798634365185e-07,2.75e-06,0.0668585688443365,0.0060973031501731,0.0005119340244039,0.0005396574137991,3.1651289888659544e-05,2.9430704928599654,False
160,2,0.0004472821193624,0.247695931614842,20301.306028442024,2.0,4.651740389533793e-07,2.75e-06,0.0270738158386927,0.0094455016748061,0.0070010941767586,0.0001554537036513,4.921579102160637e-05,2.944176785316236,False
457,0,4.3968739915773376e-05,0.0407886333054294,14616.151983088112,3.0,4.555388568295536e-07,2.75e-06,0.0241321859667394,0.0095675165957251,0.000583057975865,0.0003139262219779,2.315423395168233e-05,2.947511307859523,False
58,4,4.829177532866807e-05,0.0258284946993926,17141.762138613907,2.0,4.7184607135031924e-07,2.75e-06,0.0281457797201548,0.009416683400722,0.0009943491022473,0.0001693320553249,2.5541065208782006e-05,2.9483133001041546,False
275,1,0.0002595828205695,0.2047650948979976,20977.710790765068,3.0,4.6582002734477917e-07,2.75e-06,0.0244806267956467,0.0095650431796051,0.0080693045760524,0.0001408522854493,5.539051024679609e-05,2.9502940065042345,False
337,3,3.3418052089305936e-05,0.0147320309406862,15174.138969398293,1.0,4.685646786396185e-07,2.75e-06,0.0292076876544993,0.009384736759225,0.000490983062173,0.0001801302609656,2.646610138048668e-05,2.951952559271006,False
29,0,5.34607102646816e-05,0.0229769164251208,19554.455699596558,2.0,4.712069879110561e-07,2.75e-06,0.0262248506458044,0.009509287550291,0.0012347016194218,0.0001542888086922,2.6144753638294876e-05,2.9527507782291624,False
138,3,2.5551576562371976e-05,0.2899122317843682,18080.554339753973,1.0,4.814909331764509e-07,2.75e-06,0.0652414827102763,0.0063944363263908,0.0005037895966705,0.0005125822465019,3.231878293856162e-05,2.954031103542818,False
276,2,1.052903014720061e-05,0.2352897179830801,15984.37092802498,3.0,4.833712009173168e-07,2.75e-06,0.0685951697685034,0.0059099181616767,0.000514604378093,0.0005671284257996,3.120543350919851e-05,2.958156597042513,False
111,4,2.7785872275224316e-05,0.0898176733367749,14332.004165206325,1.0,4.767024051066733e-07,2.75e-06,0.0694394630879496,0.0057712975431692,0.0004999476271397,0.0005835418059021,3.139308901682381e-05,2.958175855743614,False
129,4,3.1083396920360695e-05,0.0554602936277065,6977.742879293044,2.0,4.6137147038919205e-07,2.75e-06,0.0232457313569017,0.0096400909374398,0.0005131294085201,0.00028433350098,1.918659115402092e-05,2.959467772361538,False
90,3,0.0001083782786532,0.2469393726524656,17867.271178680043,2.0,4.801726501008071e-07,2.75e-06,0.0699958204711729,0.0057552908346587,0.002292553328524,0.0006036945769937,3.153241124991595e-05,2.9713258438406385,False
470,2,1.3809984131223614e-05,0.2475170489955532,2102.0717005524475,3.0,4.513379830362109e-07,2.75e-06,0.0512163257209813,0.0080547572506766,0.0004285925371074,0.0007277360218565,2.170007295055148e-05,2.972833034585409,False
90,4,1.2612067616937229e-05,0.1477645085010336,3294.2432583045347,3.0,4.727344260788058e-07,2.75e-06,0.0271447025401661,0.0095481878914762,0.000555715799867,0.0001629590772755,1.6845354508344872e-05,2.9737019978985137,False
192,3,0.0002639053377556,0.2236308315399504,20205.28212981285,3.0,4.5667695304437314e-07,2.75e-06,0.0217610600067065,0.0097583363137155,0.0083353799155252,0.0001879486190063,5.825169673337807e-05,2.979503001066292,False
354,0,0.0001429938670775,0.2149524756851366,20401.121625370262,3.0,4.809371707901163e-07,2.75e-06,0.0563501785625533,0.0076106581108139,0.0054455586759446,0.000465390249354,4.201077717070858e-05,2.9834029246567044,False
352,2,8.658258974961431e-06,0.0717335104617188,7534.638028913598,3.0,4.65971902422431e-07,2.75e-06,0.0224544393527561,0.0097562842564924,0.0006758520620812,0.0001353137004414,1.8129237100163896e-05,2.9851498038924764,False
335,4,0.000167969915901,0.2881069797514322,16178.243779882025,3.0,4.589034620384045e-07,2.75e-06,0.0240139335414495,0.0097051447991371,0.0082762651880939,0.0002750274660602,6.34211189726802e-05,2.98533149770727,False
127,4,1.144216187122371e-05,0.0612881099559175,5729.130584937477,1.0,4.823360224630312e-07,2.75e-06,0.0637266255045818,0.0067770938908064,0.0005171584635757,0.0005618551405869,2.4662946202929663e-05,2.988126564008075,False
444,0,0.0001709429837627,0.1936621494386869,17346.12022137476,3.0,4.681213645887684e-07,2.75e-06,0.0270628274932126,0.0096149634225971,0.0080907518571623,0.0001501301707209,6.076642918154267e-05,2.9915048033982465,False
372,2,8.654996897694283e-05,0.0167747252306948,18015.491966504444,1.0,4.724730076320738e-07,2.75e-06,0.0357005559200344,0.009224978527022,0.0027686915169738,0.0002535199843416,2.8851317676955138e-05,2.9942916044598564,False
461,0,0.0001782183775912,0.0320429614159875,24244.645149377007,2.0,4.63420556437289e-07,2.75e-06,0.0252392626928364,0.0097018236244255,0.0046029664644741,0.0001469963221234,3.340036661627293e-05,2.9966247897670844,False
150,4,0.0002558925291489,0.1904449906646261,19888.69454973732,3.0,4.6797685220657577e-07,2.75e-06,0.0263033711234064,0.0096631047617808,0.0081151606572311,0.0001437973947487,5.713023287441383e-05,2.996812220601021,False
416,2,0.0001315137985653,0.0477903516559231,22877.64180168898,3.0,4.561132899379459e-07,2.75e-06,0.020403528334125,0.0098726388065042,0.005558122577451,0.0001787618951333,4.1717112391291234e-05,3.0006152127957866,False
434,2,4.359552320177216e-06,0.0319273276698878,17702.937501482847,3.0,4.6049960363346446e-07,2.75e-06,0.0212198076764661,0.009849946183523,0.000553457080685,0.0001976166850883,2.3943241909224366e-05,3.000976949573914,False
74,1,0.0001994355311793,0.2873634322657555,18732.09084538996,3.0,4.6180568926439626e-07,2.75e-06,0.0224128877508766,0.0098136694351461,0.0084267009242234,0.0002136299275815,5.9534342950510285e-05,3.001130182327049,False
391,3,0.0002304665895075,0.2650581159101934,20105.891585463563,3.0,4.721533964871188e-07,2.75e-06,0.0285966510765235,0.0096005222576024,0.0081832117781523,0.0001572423255241,5.631668125379569e-05,3.0047326018931404,False
396,4,0.0005007885539061,0.2440415347666736,20747.17975632916,2.0,4.564843557154915e-07,2.75e-06,0.0229393170463222,0.0098137883818087,0.00693657349398,0.0002643777833262,4.986293695395658e-05,3.005983046896649,False
120,0,0.0001247541303223,0.1881117135111802,12974.276695983624,1.0,4.838009810929476e-07,2.75e-06,0.0676119589861414,0.0063421561974315,0.0035398804266307,0.000587328819116,3.5219955924209645e-05,3.008336159637215,False
397,3,0.0004115701387636,0.0811968938779328,16295.635410559637,1.0,4.599454669681609e-07,2.75e-06,0.0219997253338085,0.0098876632750211,0.0062335119515444,0.0001420947030731,4.374621282336551e-05,3.0185503170882786,False
481,4,0.0003595414844966,0.073624831595123,22796.91629668896,2.0,4.5200246154938886e-07,2.75e-06,0.0246697641265744,0.009809311514728,0.0058568808637883,0.0003137258669096,4.0060016962540814e-05,3.021285454477815,False
329,2,0.0001015632043632,0.3002417533007976,2364.224478468883,1.0,4.488271533215147e-07,2.75e-06,0.0528138008458219,0.0081199843712707,0.0058853817773636,0.0007569158970476,0.0001164679096937,3.021792702865935,False
253,4,4.0668400406781046e-05,0.0155568873014757,14725.467895717811,1.0,4.76507437221047e-07,2.75e-06,0.0348250197535886,0.0094024917739703,0.0006035090419744,0.0002446336728743,2.636486954758408e-05,3.0297257104975914,False
349,4,0.0004988670084677,0.1579369639348999,22243.751700362976,2.0,4.574139878758166e-07,2.75e-06,0.0215810358663499,0.0099484335086351,0.0066449461530293,0.0002088035157553,4.625001802589175e-05,3.0322651362294546,False
266,3,7.523521742799308e-05,0.0159408949126684,22560.903977689537,1.0,4.834404562088148e-07,2.75e-06,0.0578654264808825,0.0076750717305982,0.0019466336907382,0.0005103479408524,2.927778451211525e-05,3.0325548004672,False
192,1,3.354886451232922e-05,0.0397497531356784,5041.070511916138,1.0,4.552015752522211e-07,2.75e-06,0.0297778747622363,0.0096538371933812,0.000534431385122,0.0004157654945358,2.061292408960675e-05,3.033403176924209,False
102,2,0.0001680595541614,0.1146249028803043,10183.913229881431,1.0,4.685274953866464e-07,2.75e-06,0.0325375215998694,0.0095452945669645,0.0077594743512244,0.0002017182943736,6.656035668013871e-05,3.037817741368769,False
314,0,0.00012829064374,0.0805143253517386,20013.723729459987,3.0,4.7192312897764243e-07,2.75e-06,0.043912022236154,0.0088896480353297,0.00604884527151,0.00033855652086,4.654285584007264e-05,3.0378898381011363,False
173,0,0.0001506079431439,0.1576745239830779,15402.847759082042,3.0,4.596942436609207e-07,2.75e-06,0.0220548854413415,0.009957884604324,0.0083517254571927,0.000206276473238,6.671946690283284e-05,3.0390964708494983,False
196,3,1.0154401287940392e-05,0.0539496236699012,9691.634685339734,3.0,4.660841807538821e-07,2.75e-06,0.0208615909084712,0.0099981930554323,0.000447630491632,0.0001396224702758,1.963083645158559e-05,3.0404199091276602,False
227,1,0.000175745977086,0.2581510408637613,21196.53397993448,2.0,4.853937871281932e-07,2.75e-06,0.0635764436254205,0.0070643760768026,0.0046999709001484,0.0005461204954796,3.646422190279197e-05,3.0417834441780296,False
283,4,0.0005560172811687,0.1005894353016322,19813.526970521787,1.0,4.654992764521653e-07,2.75e-06,0.0279951958431755,0.0097605727529615,0.0056414097003266,0.0001636759751382,3.8008490559649854e-05,3.0425888493438316,False
33,1,0.0008281552618937,0.1469764379651583,24195.616856916942,1.0,4.642014429160637e-07,2.75e-06,0.0213254075341814,0.0099931898787614,0.0049474558550052,0.0001669605148605,3.364637605675001e-05,3.042886273764095,False
390,2,0.0003567473624422,0.1368106853156556,14609.45538277816,1.0,4.726581675917684e-07,2.75e-06,0.0367166470924964,0.0093632029539192,0.0071633452001694,0.0002472526056377,5.187097210270096e-05,3.0461512948262093,False
494,4,0.0001132740400807,0.1847422321823644,8637.6978510712,3.0,4.6634524632404013e-07,2.75e-06,0.0272681908341768,0.0098126494428138,0.0077179653428277,0.0001599044243137,8.566872226906759e-05,3.049182241269118,False
226,2,0.0001102559641997,0.2947876816944431,4900.224968335682,2.0,4.4834542788713683e-07,2.75e-06,0.0307854126007714,0.0096814469963289,0.0081027829568008,0.0004378582839657,0.0001161001696275,3.0532065950487652,False
76,1,0.0005289091873439,0.2292216664185979,21784.445328327703,2.0,4.661417131214566e-07,2.75e-06,0.0241063597321797,0.0099558158344169,0.0070508357940172,0.0001425049174052,4.895625296229937e-05,3.0573415450035113,False
40,3,0.0001248442443589,0.1610497893324246,8526.416915154496,2.0,4.648575680427575e-07,2.75e-06,0.0220221166485014,0.0100335343541058,0.0082727465200193,0.0002159494331441,8.518702276867466e-05,3.060429191852557,False
479,4,1.4636845384249766e-05,0.1483468546252589,12626.586224544051,1.0,4.800573383617783e-07,2.75e-06,0.0720319169633173,0.0059985995704511,0.000511327155312,0.0006099751807905,3.1694172570130134e-05,3.0706313191499275,False
408,4,8.515906432358842e-05,0.1289201624042912,4811.899505839356,2.0,4.482626308032604e-07,2.75e-06,0.0326469218188699,0.0096641492096322,0.0052785200303456,0.0004590301696407,7.64161586730281e-05,3.0718176253252696,False
217,1,1.0122884118221365e-05,0.2006589751066477,19422.98832101452,1.0,4.773221374479803e-07,2.75e-06,0.070443780295042,0.0062925065693224,0.0005091650947195,0.0005825226319707,3.227758947020026e-05,3.077241311216947,False
446,2,6.255275775223057e-05,0.2234142574495747,2202.679692624641,3.0,4.593239785846205e-07,2.75e-06,0.0341392005801154,0.0096397256594949,0.0022848132047308,0.0004745208737188,5.4165294254019765e-05,3.0847682807717316,False
380,0,0.0002466428000885,0.2599806419040679,18126.746352745453,3.0,4.590369516566878e-07,2.75e-06,0.0219314600020447,0.0101312949143549,0.0088868416236842,0.0001890438876716,6.452194712025892e-05,3.087602205968512,False
257,4,0.0001097287796748,0.0554799376536031,18080.794123400192,3.0,4.625813865123816e-07,2.75e-06,0.02245886546479,0.0101166434834474,0.0058189266798134,0.0001389283349538,4.705360905975457e-05,3.0880100989689008,False
332,2,6.906390511295312e-05,0.2933740562258857,21071.425742515254,3.0,4.859238701090297e-07,2.75e-06,0.0725317673534335,0.0060230998131423,0.0005610330367378,0.0006147656218422,3.1728079230974725e-05,3.089024858242502,False
42,3,7.127215621698784e-05,0.0149351238159993,15973.531593733082,1.0,4.618817183471294e-07,2.75e-06,0.020513280754749,0.0101864226844877,0.0022988598700994,0.000177459219748,2.755246834597462e-05,3.0915962917201587,False
467,4,0.0002447780313691,0.2356047054667294,19048.837710231583,3.0,4.611910048187615e-07,2.75e-06,0.0229289705703846,0.0101152078824122,0.0088504826990467,0.0001568303914366,6.261998791624782e-05,3.091786695836574,False
37,0,9.215526038231686e-05,0.0588385086871472,15383.582168239816,3.0,4.70908111046345e-07,2.75e-06,0.0343181379089486,0.0096632673652542,0.0045967007338932,0.0002363990685054,4.289962525356279e-05,3.0935856409508933,False
18,2,0.0003776459713353,0.1572967355324936,23591.20384397434,3.0,4.657182588008242e-07,2.75e-06,0.0246701301641247,0.0100647431462799,0.0079270507918625,0.0001419342172071,5.129977024170328e-05,3.093676732412294,False
196,4,0.0002286142778817,0.2700100823525752,10283.311069963866,1.0,4.6269527297643574e-07,2.75e-06,0.0214372056319904,0.0101687232447069,0.0088860009899016,0.0001608064956252,7.637943570370033e-05,3.0941151420953323,False
287,3,2.9520444574472053e-05,0.2384445488347173,18785.24161732448,2.0,4.813221175847924e-07,2.75e-06,0.0720845084768986,0.0061379465775214,0.0005022132721775,0.0006071218391206,3.190953395792105e-05,3.0960348851042254,False
221,1,2.8957759014299624e-05,0.042751749121262,8976.281883366442,2.0,4.541297026570615e-07,2.75e-06,0.0264625750566352,0.0100128716354087,0.0003932663560741,0.0003524787215341,2.083658434862132e-05,3.096958761370039,False
38,0,0.0004540596868184,0.284259890742226,18164.972553046777,2.0,4.616072186038192e-07,2.75e-06,0.0227885399884503,0.0101399266717464,0.0078625694470742,0.0001486277956301,5.678606087433086e-05,3.0975826275075655,False
108,2,0.0001763292994674,0.0604093007516043,16501.616709195026,2.0,4.559242716130134e-07,2.75e-06,0.0255053260184975,0.0100563971170902,0.0064728188844553,0.0003237730975295,4.885910786847923e-05,3.0995167702236404,False
289,0,0.000131566962516,0.0543457112998368,18475.52231151928,2.0,4.812555648642593e-07,2.75e-06,0.0511778504220104,0.0085956433712724,0.0049860454837051,0.0004340223567502,3.947359300197642e-05,3.101329636008698,False
201,4,0.0004079656880354,0.2128219226237733,19919.305188523835,1.0,4.856584160897972e-07,2.75e-06,0.0613854471191154,0.0076196726831017,0.0053814145998764,0.0005333197577001,3.800299684532177e-05,3.1034613362637553,False
485,1,0.0004004728622829,0.3005311733328837,16771.058668968417,2.0,4.587402557051412e-07,2.75e-06,0.0221065799260205,0.0101840586147881,0.0082550000175611,0.0002115425192492,6.086223996454128e-05,3.1042076021964276,False
201,2,9.277786887734068e-05,0.2519011933582996,11296.226453118588,3.0,4.826671412843155e-07,2.75e-06,0.0757434627660351,0.0055654984220026,0.0021476173988754,0.0006875138714724,3.20367876002104e-05,3.1075855604083755,False
107,2,0.0002360325604529,0.0407516982298379,23296.81826318901,2.0,4.6946554879853494e-07,2.75e-06,0.0281804546214496,0.0099944753051496,0.0052830244046251,0.0001760042289304,3.638138772783043e-05,3.110125022414475,False
432,1,0.0001462868409129,0.2125488961033964,13575.200665995178,3.0,4.6097822151381685e-07,2.75e-06,0.0224865716184858,0.010202200604055,0.0088978585130341,0.0001821606887506,7.467778206316193e-05,3.1126997876431126,False
321,1,0.0001361945083762,0.1631249789631925,13353.1212955338,3.0,4.619722145710549e-07,2.75e-06,0.0253099795840611,0.0101375677270991,0.0085221460656467,0.0001434946570324,7.34692802111628e-05,3.120560264116991,False
3,4,0.000147989147153,0.1683522287165352,10315.989550439295,2.0,4.58190425963499e-07,2.75e-06,0.022739786977195,0.0102258418903175,0.0087109656964795,0.0002466862236765,8.119877529776317e-05,3.1216816798778066,False
476,2,6.551119434525364e-06,0.1378747651662356,24059.06518947816,1.0,4.839007490662423e-07,2.75e-06,0.0725515586512245,0.0062119463267322,0.0005097243097966,0.0006118153372355,3.230259917830968e-05,3.122022880360746,False
115,0,0.0002541310265538,0.1251075200404752,15266.417220693476,2.0,4.560209703888701e-07,2.75e-06,0.0303465113227787,0.0099711521475241,0.0077124223822252,0.0004113386563605,5.833562432648178e-05,3.1282560380730433,False
36,4,0.0001872856458311,0.2054001478345682,24030.96379424068,3.0,4.835356600279863e-07,2.75e-06,0.0572812283097143,0.0081738965673613,0.0062187103823633,0.0004864682384162,4.273173498067865e-05,3.131163697782501,False
277,1,0.0001289347164548,0.2349620280033289,4916.322430199565,1.0,4.58257507324666e-07,2.75e-06,0.0234579237005285,0.0102663520492767,0.0089418501249944,0.0002733909065594,0.0001152091313204,3.1396668581607012,False
377,3,6.301171789766647e-05,0.0117393912683531,19125.530404715584,1.0,4.588927439703906e-07,2.75e-06,0.0208632055196803,0.0103530786283643,0.0016594653990998,0.0001826597226669,2.7151569316939032e-05,3.142291854953657,False
46,0,0.0002404432141327,0.0757129274547246,19435.74488694581,2.0,4.761822862096496e-07,2.75e-06,0.0444994089459748,0.0092691354392469,0.0061511771189583,0.0003568149347118,4.384129021020827e-05,3.1452524952816465,False
430,3,9.900873104787473e-05,0.0976988083632646,4790.407639846186,1.0,4.510067590764278e-07,2.75e-06,0.0375400946806384,0.0096920943469031,0.0063774365965118,0.0005293655273542,8.3712354619927e-05,3.146370458480868,False
478,0,0.0001119791089926,0.0702124289661613,17078.816082117453,3.0,4.367409772590285e-07,2.75e-06,0.0416400946423043,0.0094662018284792,0.0057932033793919,0.0005845266497302,4.839055141164528e-05,3.1489540708493724,False
221,4,0.0004819887203531,0.2133706139991862,20087.023324488724,2.0,4.6163095330956693e-07,2.75e-06,0.0239861955104809,0.0102860542707185,0.0074700271317036,0.0001406086285073,5.300626837285429e-05,3.1501119891361897,False
225,1,2.4138242122681904e-06,0.2894937707806132,21382.480514040035,2.0,4.808584148866468e-07,2.75e-06,0.0730980235861114,0.0062900741618575,0.0005062635532389,0.0006174302426774,3.2159217674799384e-05,3.1509843047226997,False
171,0,0.0003298829149334,0.1776732530502922,20854.44848301862,3.0,4.676434958321233e-07,2.75e-06,0.0272216797227902,0.010187102788966,0.0084435262290647,0.0001573712457378,5.766718801217811e-05,3.153957705985452,False
494,2,0.0005985407639509,0.2953146690832921,24267.90298384897,2.0,4.771632454848847e-07,2.75e-06,0.0411711986273883,0.0095224713155106,0.0066949425739004,0.0003102509701088,4.505222967640378e-05,3.1562633078577504,False
144,1,5.167711601797633e-06,0.0291205814003907,20367.28282403968,2.0,4.829873596608119e-07,2.75e-06,0.0658026681535501,0.0073576707593999,0.0004868449472705,0.0006023840928885,2.829040449114104e-05,3.1576116654904522,False
238,2,0.0001673623455334,0.1488105861793598,11837.885122725953,2.0,4.556813852387887e-07,2.75e-06,0.0252139041630829,0.0102785201711075,0.0087222288057985,0.0002963130292254,7.497885791859187e-05,3.1595782846386014,False
133,4,0.0001777703766004,0.1051687142537408,18587.129222575608,3.0,4.546991543555028e-07,2.75e-06,0.0243846779295272,0.0103317256696857,0.0083078465663145,0.0002810693280353,6.0720250523620107e-05,3.166809763600492,False
450,0,0.0002422082656265,0.2422883246164002,19575.210942333764,3.0,4.763666798578603e-07,2.75e-06,0.0386003915138614,0.0097120384179735,0.0083340142640625,0.000261454366448,5.84932835388011e-05,3.167219412757927,False
369,1,7.68483824548109e-05,0.0916243365908212,7992.183927631008,3.0,4.784918279842888e-07,2.75e-06,0.0403981805617655,0.0096276129793579,0.0032713003844084,0.0003173367825937,4.327631246896969e-05,3.171925487466063,False
265,3,0.0002956652814348,0.1974587800050924,19924.661866348088,3.0,4.732386404661342e-07,2.75e-06,0.0305749622773632,0.0101225413731162,0.0086467396114902,0.0001825720635423,5.981129871206599e-05,3.1730283498053624,False
480,4,0.0004274361015936,0.0728985906558237,24205.05188594368,2.0,4.706134696068481e-07,2.75e-06,0.031263964116905,0.0100949365185329,0.0057329804568191,0.0002031343166023,3.90223105110644e-05,3.173500572331668,False
225,3,0.0001579094776506,0.1913624272505455,12512.839796341794,2.0,4.3959033552608817e-07,2.75e-06,0.0503987637141436,0.0089704399091468,0.0072691077774717,0.0007161238594318,6.272197984858004e-05,3.1774779037139145,False
262,1,0.000159640455299,0.2139053170238539,10470.01631562226,2.0,4.6815025513353844e-07,2.75e-06,0.0282152821980771,0.0102459340118218,0.0089719623382024,0.0001658371413485,8.258567777061946e-05,3.1810462308339424,False
293,3,3.9815204566794606e-05,0.1837764146711463,2158.325047076931,3.0,4.581866584574086e-07,2.75e-06,0.0257622862792935,0.0103615412254405,0.0006521165669035,0.0003331536172922,3.453089469413267e-05,3.188455040529777,False
423,0,0.0001522174359515,0.279696391532495,14108.91627005954,3.0,4.4556993214510426e-07,2.75e-06,0.0375638905575393,0.0098529904794598,0.0084646654626922,0.0005397169868148,6.982170000428062e-05,3.1899878162428745,False
112,3,0.0002112106508486,0.1174009924136333,13572.5530842488,2.0,4.7535056805287606e-07,2.75e-06,0.0245500232061188,0.0104161093377879,0.0082717049343092,0.0001448191778978,6.550879889542901e-05,3.192358960881675,False
309,0,0.0002442884088306,0.2432080085629606,13226.767080238162,2.0,4.6974283019408883e-07,2.75e-06,0.0320171914681857,0.0101323854046193,0.0088152367700029,0.0001965132584943,7.216661132795736e-05,3.1929532018606355,False
85,1,0.0004394966824373,0.1955916626935898,23293.32488611289,3.0,4.5750116131933284e-07,2.75e-06,0.0225456464398464,0.0104818362458356,0.0084042571510096,0.0001978261347087,5.398619889449997e-05,3.1931908224806755,False
173,2,0.0005733066997914,0.2322744359499979,24841.682039851246,2.0,4.760788497913194e-07,2.75e-06,0.046535721837577,0.0093451789747686,0.0063080889220194,0.000376398326258,4.273863288119686e-05,3.2001262330141254,False
225,0,0.0001592038611688,0.0699605406303531,10595.060362662096,1.0,4.4787850273159154e-07,2.75e-06,0.0347255634350797,0.0100470742398735,0.0076148476081883,0.0004872112715523,6.262396961290092e-05,3.2037502819408834,False
325,3,0.000148284490899,0.2136936975216395,13450.201785177356,3.0,4.616772624956898e-07,2.75e-06,0.025633457951815,0.010420707083005,0.0091605749251651,0.0001465253361957,7.788103200458898e-05,3.2039715451343933,False
332,1,0.0002166797848725,0.2556693156918045,9347.62498114726,1.0,4.660865598479197e-07,2.75e-06,0.0285269985545282,0.0103367016190593,0.0091135356196282,0.0001713200859585,8.292204818413107e-05,3.2098916331406517,False
473,1,0.0003536880845608,0.0632698104922152,15921.236895910495,1.0,4.753124646036347e-07,2.75e-06,0.0332556660786906,0.0101449429296774,0.0063733914035375,0.0002246890166346,4.431018321503493e-05,3.211723880754369,False
20,0,0.000376534567176,0.2684592188424124,20764.26197807673,3.0,4.6642354714389196e-07,2.75e-06,0.0299422929129428,0.0102926874427853,0.0088463055469545,0.0001772639569415,6.022467314689335e-05,3.2131864925137714,False
65,4,0.000258561877244,0.0921887548889486,11448.18274852882,1.0,4.629198613509872e-07,2.75e-06,0.0229571286578358,0.0105400434941567,0.008322130496299,0.0002483221916716,6.478734972704599e-05,3.2133884713728698,False
100,1,5.502128657251019e-05,0.173527998828175,22500.404949182077,1.0,4.899835562358601e-07,2.75e-06,0.0758506246000512,0.0062055594155788,0.000504300294833,0.0006551331494703,3.223998935323837e-05,3.214613214069142,False
227,0,0.0001391517338834,0.1936804478372829,12397.48045879962,3.0,4.552323144720566e-07,2.75e-06,0.0264166351223628,0.0104437390396438,0.0090769113794913,0.0003241043504562,8.019253203879233e-05,3.218192447548082,False
296,4,0.0001671471590032,0.1834727450378162,14799.630177078623,2.0,4.797412576158285e-07,2.75e-06,0.0568979907098243,0.0085928440128926,0.0067869601724447,0.0004919069086306,5.460350008883467e-05,3.2192590788056377,False
451,1,0.0001000526969513,0.0109740714601516,22268.85665134006,1.0,4.6256821161413606e-07,2.75e-06,0.0207250703915325,0.0106254572215035,0.0027048195878127,0.0001497055518196,2.8242918986582912e-05,3.2195155655868266,False
47,3,0.0001140530362924,0.2726494939330067,2656.771646766714,1.0,4.676481908933483e-07,2.75e-06,0.0208248860133845,0.0106367033611025,0.0092103282256288,0.0001652928529241,0.0001657465820374,3.2235321046983865,False
343,3,0.0001367034022943,0.245082586288051,5170.2638764965,1.0,4.73297427786021e-07,2.75e-06,0.0326184498660819,0.0102346833065819,0.0089397295388641,0.0002090536960197,0.0001128085364424,3.2285825348473525,False
463,0,0.0001920944424475,0.0545059207140928,23379.755237383582,3.0,4.682994313798473e-07,2.75e-06,0.0262528892119737,0.0104892433858348,0.0067147787148193,0.0001561983120276,4.654197119722664e-05,3.2294525064159254,False
223,0,0.0002230357462073,0.2657350439117977,18320.904317131062,3.0,4.700666176269392e-07,2.75e-06,0.036434064426155,0.010058220269898,0.0087819882230292,0.0002357618298682,6.329147587691725e-05,3.2297008257719253,False
124,4,0.000168876859713,0.2406940521772756,12834.612022886897,2.0,4.795537333584378e-07,2.75e-06,0.0484934617077757,0.0093243093438332,0.0077919969706558,0.0003879462563028,6.530711430025693e-05,3.2299242600900264,False
275,0,0.0010297461500864,0.2976074158965601,23371.53438106206,1.0,4.610763289942285e-07,2.75e-06,0.0224080330870991,0.0106159917733835,0.0053583580787529,0.0002360144571627,3.654501452427e-05,3.230443621699198,False
217,4,0.0002303206887183,0.2433948563204073,12086.906149533428,2.0,4.554187320737578e-07,2.75e-06,0.0222403072278048,0.0106287544059856,0.0094814799656419,0.0001956735446531,8.165694096879806e-05,3.232696742546361,False
298,3,0.000219476175235,0.1970455171450974,17239.326891810495,3.0,4.55842312373223e-07,2.75e-06,0.0240775348018486,0.0105948639562068,0.0093836554316208,0.0002499951256325,6.93267352942752e-05,3.2389488192541567,False
427,1,0.0001292803637911,0.0776215079388128,16688.88799942127,3.0,4.7643744991527046e-07,2.75e-06,0.0367489251626001,0.0101043671446435,0.0069085839130155,0.0002603689639952,5.549546317110938e-05,3.246542353712061,False
272,2,0.0003638419957501,0.0508091467159089,16890.05034208653,1.0,4.724051770272121e-07,2.75e-06,0.0236129339546489,0.0106370526243305,0.0061022390949521,0.0001417495610918,4.1428707295686304e-05,3.246849190487888,False
154,4,0.0002750200634757,0.0407747832652538,23070.800655898936,2.0,4.610618011822069e-07,2.75e-06,0.0221473770348024,0.0107151299053018,0.0055479791194291,0.0001391899492148,3.774482311228759e-05,3.256697802076611,False
412,0,0.0001129069370604,0.0536039184433336,13185.246274911278,2.0,4.604434639365325e-07,2.75e-06,0.0214734269475801,0.0107344419784045,0.0062419683839768,0.0002156971724578,5.346184563926649e-05,3.256770629326808,False
121,2,0.0003195692499645,0.2474742486754146,11128.655067685177,1.0,4.5251125563382477e-07,2.75e-06,0.0233742546324666,0.0106804232951779,0.0094830505060684,0.000263041280655,7.849124746349232e-05,3.257153529887313,False
279,0,7.283577518605e-05,0.2514167099363609,18922.97758192502,3.0,4.898344560750619e-07,2.75e-06,0.079658882438832,0.0057905202283197,0.0006310469517325,0.0007141264784256,3.1346581979103094e-05,3.258476622199265,False
448,2,0.0001427658481686,0.186767231061138,12747.772251830022,2.0,4.765963832408882e-07,2.75e-06,0.0590027929490028,0.0085774137135066,0.0067352172728987,0.0005194654852915,5.901627198190684e-05,3.261336318661612,False
263,2,0.0001612897935784,0.2820345596977373,13524.05435312098,3.0,4.646813715013546e-07,2.75e-06,0.0250559453129194,0.0106650212893232,0.0095723425241657,0.0001454016884825,7.943759388670371e-05,3.267894423942465,False
25,4,0.0003213747325709,0.2700327675907697,16184.354298203914,2.0,4.785659854531635e-07,2.75e-06,0.0485691177085833,0.0094729893569889,0.0077547474997118,0.000399376722986,5.8459369875066295e-05,3.268793185389745,False
81,3,7.397457491374485e-05,0.1003016718786949,8168.480862423296,3.0,4.79974096753484e-07,2.75e-06,0.061646933534538,0.0083596936497074,0.002699283806456,0.0005722434230776,3.812838222849688e-05,3.271327008983127,False
49,3,9.868439371096434e-05,0.0765787007499827,8967.170089948886,2.0,4.67825433939793e-07,2.75e-06,0.0298449036779122,0.0105126491026886,0.0062514317652619,0.0001925712983786,6.599213987645853e-05,3.273614203400256,False
2,3,0.0002087345868365,0.111241410587154,12779.492435823042,2.0,4.703444849126295e-07,2.75e-06,0.022822049785171,0.0107606463689718,0.0084964946412479,0.0001451186027732,6.969000819864636e-05,3.2753781159443425,False
317,2,0.0003501217092842,0.124499503412669,23117.68277957579,3.0,4.482823342693098e-07,2.75e-06,0.0329444388833318,0.0103927977288275,0.0079861554405157,0.000444936640235,5.207012639546538e-05,3.2762860361150574,False
82,0,0.0003528862581442,0.1881697637006139,19894.973068254567,3.0,4.5215899517549443e-07,2.75e-06,0.0260621902432863,0.0106779327180225,0.00896571524772,0.0002941763865623,6.190682820291644e-05,3.2810867568020288,False
100,3,0.0002057282986825,0.0767279060334521,20300.237694885607,3.0,4.5849217312538694e-07,2.75e-06,0.0274763539524642,0.0106345270765071,0.0077100460372828,0.0003457969707319,5.429095323000443e-05,3.282783575471672,False
296,2,0.000106231986704,0.2194554728190961,5257.156524461372,2.0,4.40536017670573e-07,2.75e-06,0.0455788246705245,0.0097595371377357,0.0078150576045479,0.0006379363463547,0.0001071769720391,3.290014417133513,False
387,2,0.0001789265236565,0.1758802004702079,10917.397813004016,2.0,4.647364621840669e-07,2.75e-06,0.0224716249264154,0.0108390970616433,0.0095592232724659,0.0001594055455733,8.520748186011167e-05,3.2949373500450023,False
231,4,0.0001571665749835,0.1954625319540202,9933.78964352203,2.0,4.7043580802242796e-07,2.75e-06,0.0308504046912046,0.010567877692123,0.0092750239393624,0.0001868070907237,8.75045367027749e-05,3.3003129942049862,False
498,2,0.000306494086666,0.1315365303985264,15162.155204667986,2.0,4.589228324399986e-07,2.75e-06,0.0240765919460267,0.0108202073457222,0.0082602003669826,0.000269850617819,6.272244279277146e-05,3.3032591227946297,False
172,0,0.0005664093644231,0.1842861482264413,22233.728387847303,2.0,4.536949787202588e-07,2.75e-06,0.0314605677279674,0.0105570437869942,0.0071887820344233,0.0004255691557179,4.96422867207764e-05,3.304271294902755,False
339,3,0.0004409848337325,0.2239175324540121,12121.629678422056,1.0,4.53386149956547e-07,2.75e-06,0.0245636637389361,0.0108143531770138,0.0090019995294867,0.0002979435631152,7.075492147085972e-05,3.305934505772488,False
18,0,0.0001126530624115,0.2645804412764655,6182.325183545292,3.0,4.85403676526765e-07,2.75e-06,0.0481845535291965,0.0096512340341941,0.0078696597967417,0.0003972272028988,0.0001032728193492,3.3071328443267207,False
272,0,0.0002153930481638,0.2823693879238519,9038.221312716472,1.0,4.6144328625788806e-07,2.75e-06,0.0218319037544888,0.0109010131596464,0.0098811310984833,0.000174661875716,9.029687759393188e-05,3.3075094949563457,False
138,4,0.0002271709560435,0.2185247500711662,16891.05498909358,3.0,4.691664171336026e-07,2.75e-06,0.0291997903930172,0.010674520465149,0.0095341182517184,0.000167511192355,7.103432320166259e-05,3.312010382124353,False
282,0,1.3836571640991722e-05,0.0373510731521711,8945.91623328341,2.0,4.499478019086558e-07,2.75e-06,0.0255671019230035,0.0108110351204211,0.0005639348895451,0.0003288090117617,1.933363423522905e-05,3.3142025974724336,False
318,4,0.0004628960560182,0.2435320789862569,17404.547678714523,2.0,4.644380272315898e-07,2.75e-06,0.0227341251576313,0.0109060442739798,0.0083624707629348,0.0001559239186112,6.22735709809168e-05,3.3163139845228717,False
56,2,0.0002808252602775,0.2247151141376186,18780.06141985769,3.0,4.474455727199074e-07,2.75e-06,0.0351924210403838,0.0104717999719147,0.0092322284257074,0.0004875548484951,6.550343885311879e-05,3.3261838992846005,False
243,0,0.0002583937501133,0.183069668230706,9958.667232434917,1.0,4.5854283307645275e-07,2.75e-06,0.0221002284366934,0.0109627653637409,0.0097829435166247,0.0001641365236514,8.41788990499452e-05,3.3274072246597806,False
161,0,7.725229103133325e-05,0.1163320808016839,4189.268812577606,2.0,4.6935935729636445e-07,2.75e-06,0.0270107566096686,0.010821003849637,0.0051727148500208,0.0001715204585429,7.957645132588366e-05,3.3308821953605854,False
64,2,0.000226403248427,0.0921272653899562,21131.106877688453,3.0,4.750467210713111e-07,2.75e-06,0.0409349561751018,0.0102109036377207,0.0077593911974182,0.0003122357357835,5.408147503884585e-05,3.3351232716324413,False
153,1,0.0002244540127931,0.0852748428429038,19591.303990491688,3.0,4.5996709885494716e-07,2.75e-06,0.0214235947797858,0.011012911704639,0.0083437526696002,0.0001614412986148,5.957077937169326e-05,3.336468374982487,False
212,2,0.0002756020140455,0.1827006909335799,21534.720901412893,3.0,4.758015761881366e-07,2.75e-06,0.0490548286783609,0.0097097188036285,0.0081358590583185,0.000406971276328,5.528851154710951e-05,3.33743458632092,False
482,1,0.0001819812534226,0.1730729520031489,15407.510318541892,3.0,4.670933103008862e-07,2.75e-06,0.0262997014240164,0.0108701489452081,0.0096166287434623,0.0001451408753655,7.51045275347711e-05,3.337928492385603,False
418,3,0.0002652476731845,0.2673141730393271,9671.86645105886,1.0,4.517477381753204e-07,2.75e-06,0.0252863003252403,0.0109109175771977,0.0098889432776866,0.0003070484626625,8.791919021989738e-05,3.3400313086821827,False
271,4,1.0593380891658122e-05,0.2476553593071114,13347.144737077771,1.0,4.921476781402116e-07,2.75e-06,0.0800809583007602,0.0062708433272563,0.0005059585924799,0.0007099599270566,3.2087409725948874e-05,3.3473239429765806,False
42,0,0.000210659148113,0.2205981825434215,15769.145136531844,3.0,4.633170228304915e-07,2.75e-06,0.0241879072685249,0.0109891188406266,0.0099583014248154,0.0001568864717086,7.618586804746121e-05,3.3524994136574082,False
403,0,0.0001622935824897,0.1794549620580834,10455.781590711062,2.0,4.530541499729456e-07,2.75e-06,0.026477055336406,0.0109374921582594,0.0097211792944408,0.0003164907024559,8.892138489558823e-05,3.3587455726229916,False
431,1,0.000243534456636,0.1428225321820644,12772.944839023914,2.0,4.531509105941068e-07,2.75e-06,0.0251668011969194,0.0110134170230947,0.0091219726695074,0.0002890793046178,7.504961258557139e-05,3.3681521450541467,False
487,3,0.0003513536801585,0.2079332469299927,21313.298866562604,3.0,4.743318732325817e-07,2.75e-06,0.0419732772121328,0.0102796272159944,0.0086912448303144,0.0003204951293291,5.834984294327876e-05,3.369007859922525,False
483,2,0.0001528594887694,0.1489051564353519,13891.208384234522,3.0,4.667819249249318e-07,2.75e-06,0.0271806571035873,0.0109963008360871,0.0095296090067876,0.0001576395124997,7.919433510013572e-05,3.3822215009742966,False
403,1,2.0012374515946475e-05,0.017890869371416,9637.845387730062,1.0,4.629373360940781e-07,2.75e-06,0.0211581708359954,0.0111921371975514,0.0005405132410046,0.0001492034863756,2.21654996603945e-05,3.3860497307553734,False
215,3,8.640399010875921e-05,0.0575562732706005,10112.32402683542,2.0,4.7505090854538325e-07,2.75e-06,0.0418808026945374,0.0103670234596011,0.00497513236691,0.0003448076056366,5.1312742925215534e-05,3.39089250835938,False
368,0,0.0001337937911217,0.0565745421532081,17959.54691653433,3.0,4.65914455645607e-07,2.75e-06,0.0223785171995412,0.0111771526421698,0.0070091476185379,0.0001397644898666,5.428308270101622e-05,3.391242420099771,False
269,4,0.0001499988303517,0.119491673788506,17461.980336706245,3.0,4.791592233366623e-07,2.75e-06,0.0513141289101951,0.0097635818834304,0.0078377165543071,0.0004431057679038,5.938423870228878e-05,3.391884448541709,False
358,4,3.985896742463891e-05,0.009165056128206,20977.812737310192,1.0,4.704391465896875e-07,2.75e-06,0.0350290435708307,0.0107252380867095,0.0005864200617738,0.000266408457271,2.703680156557672e-05,3.3938206424649686,False
78,3,0.0002425178274838,0.2902697641435353,11461.873602472197,2.0,4.649801684356332e-07,2.75e-06,0.0283932633778483,0.0110064681229774,0.0100497227791446,0.0001602853442699,8.814710364971028e-05,3.397151510852036,False
251,0,3.0657318829825525e-05,0.0807839973801577,3822.935321904223,2.0,4.67145737974035e-07,2.75e-06,0.0216821111284884,0.011221425228118,0.0004981928783402,0.0001342081170727,1.89225199316805e-05,3.398497921178182,False
486,3,0.0001628790568374,0.1572440583253709,9917.142938431813,2.0,4.608352129516351e-07,2.75e-06,0.0225142837753786,0.0111988617382313,0.0097711173519483,0.0001587632238061,9.196185860549905e-05,3.398569103313879,False
432,0,0.0001323547776985,0.2564810494619167,6802.779811231034,2.0,4.649206597334136e-07,2.75e-06,0.0243389212974676,0.0111481735377832,0.0102044144340054,0.0001485833162942,0.0001180328564101,3.3992880162434935,False
148,3,0.0001874047764615,0.0556277826828984,15810.63801055669,2.0,4.642598135416695e-07,2.75e-06,0.0229790175604028,0.0111958296095841,0.0071103044537225,0.000142808410031,5.382410889986428e-05,3.4014682197378034,False
85,0,0.000130379087879,0.0904734525276186,17037.370385029702,2.0,4.872278620302367e-07,2.75e-06,0.0726648011654745,0.0077430271066423,0.0051309396836816,0.0006956364102397,4.185309855442366e-05,3.4102809240174157,False
136,3,0.0002219498473647,0.2545512459660571,12565.3182471952,1.0,4.855855235143121e-07,2.75e-06,0.0635522990412028,0.0088043669623059,0.007033629079719,0.0005726861816029,5.6256534980694745e-05,3.414138088516543,False
92,0,0.0001412623851501,0.1284184394425322,13014.001877485356,3.0,4.6747027851277595e-07,2.75e-06,0.0262739246691252,0.0111396820824104,0.0093163935289943,0.0001522680366626,8.101446137004501e-05,3.414294090865349,False
164,1,0.0001388031660806,0.1063260086606547,14875.031941306055,3.0,4.7344160930472126e-07,2.75e-06,0.0402276258911378,0.0105912742380997,0.0083464994462922,0.0003035239352274,6.822992792076858e-05,3.426861817897802,False
371,0,0.0003221552311789,0.089196963633564,20685.180089132296,2.0,4.819382288677174e-07,2.75e-06,0.053741794698982,0.0097221820346855,0.0064041719656795,0.0004819656854226,4.404586071240773e-05,3.4269192300180227,False
9,0,0.000100166421534,0.1497319879402438,5078.079166063361,2.0,4.61917331512811e-07,2.75e-06,0.0209112474341306,0.0113517720335432,0.0085345887929668,0.0001545455658973,0.0001175373487414,3.4302388217972637,False
71,3,0.0002494482475763,0.2202600486882254,9044.131570826628,1.0,4.555312688552252e-07,2.75e-06,0.0227591086042749,0.0113193957399307,0.0103783679175465,0.0002193862689521,9.431790617030848e-05,3.4351682009936595,False
50,2,0.0003664620896208,0.2377810566517043,10381.644832670849,1.0,4.536817498762243e-07,2.75e-06,0.0279296469450175,0.0111616646583948,0.0098988048461097,0.0003612693085323,8.409282769959347e-05,3.436417972414251,False
467,3,0.000239551032785,0.0978308789242841,16080.772606917708,2.0,4.789472295249033e-07,2.75e-06,0.0524435621960973,0.0098698214288244,0.0071799616456196,0.0004675401250555,5.433423540994912e-05,3.4393091661127166,False
306,2,0.0002786894669741,0.1680132130473823,18585.026156470325,3.0,4.737607373965763e-07,2.75e-06,0.0392384468705956,0.0107043855923603,0.0091871110435181,0.0002881422608845,6.578118725881895e-05,3.443560410281465,False
236,0,0.0004161363250992,0.2921903719413068,18414.68517698452,3.0,4.608909384494554e-07,2.75e-06,0.023063465042089,0.0113653415162316,0.0100911157016162,0.0001674522394476,7.163650746081098e-05,3.450821981613041,False
156,2,2.3405568070831776e-05,0.0932719245223922,3200.70146062055,2.0,4.561632814997735e-07,2.75e-06,0.0268840966154178,0.0112587519740539,0.0004932035669834,0.000344737252817,1.9291267985217746e-05,3.453879356341916,False
118,1,0.0001305198482578,0.0732387839295,11281.88536391222,2.0,4.71492887692692e-07,2.75e-06,0.0259140775732643,0.0112966111622624,0.0079818524318176,0.0001603880539842,7.102879140913296e-05,3.4556682855254146,False
122,3,0.0010089318852769,0.2513738685504832,21981.281672783705,1.0,4.618821137583222e-07,2.75e-06,0.0219251160047293,0.0114244298543936,0.0057017846458881,0.0001550936666878,3.988280276935465e-05,3.4588287153267427,False
273,0,0.0003577348095286,0.2323869579794661,17969.794296784843,3.0,4.648523568057573e-07,2.75e-06,0.0278338611817325,0.0112738178551068,0.009921964909631,0.0001521830896994,7.150593627311824e-05,3.4672605960758442,False
143,1,4.143011250121831e-06,0.0511806364769651,24286.790821128725,3.0,4.916530432026456e-07,2.75e-06,0.0845873000127996,0.0061984111958485,0.0005236691442138,0.0008238685532372,2.9603746807860667e-05,3.467789273993774,False
496,3,9.3536958671193e-05,0.0273390391125361,11769.814145984756,1.0,4.766074156486015e-07,2.75e-06,0.0510250074603864,0.0100995248789001,0.0045000302096008,0.0004586232107622,3.982621145312556e-05,3.4714338388208166,False
77,0,0.0001400273084719,0.227113668918753,5204.235066362906,1.0,4.707877943888106e-07,2.75e-06,0.0229957554124684,0.011452268141046,0.0105362747724514,0.0001585621338951,0.0001293785160747,3.4752468817281885,False
278,4,0.0001204224919228,0.2247288452444697,7267.687979301393,3.0,4.706106034859782e-07,2.75e-06,0.0234543559391083,0.0114424846662763,0.0100953649003059,0.0001514014976827,0.0001184180152681,3.4761528382227094,False
162,0,0.0005402625780541,0.2644060385025041,17944.622707279203,2.0,4.573436530086681e-07,2.75e-06,0.0226168732844458,0.0114678861880021,0.0084831498230755,0.0002042136716076,6.585049167385442e-05,3.476722611132716,False
253,1,0.0001456114201435,0.1160009906227867,13780.24744674088,3.0,4.6737997110231554e-07,2.75e-06,0.0325389435514698,0.0111373502080419,0.0091766941061091,0.0002156555741789,7.789648071036418e-05,3.4784532828101637,False
27,0,0.0006878551712272,0.2216191870599038,21964.07359723392,2.0,4.617879267984918e-07,2.75e-06,0.0221789962288576,0.0114915580790187,0.007779434832655,0.0001605946201713,5.672658849346051e-05,3.4801159963568247,False
181,2,1.618210143310689e-05,0.0247127252897533,19731.636325031835,3.0,4.718047669506089e-07,2.75e-06,0.0340524408625723,0.0110824802034271,0.0005472840359739,0.0002580475165682,2.337322136299523e-05,3.4807370605806702,False
138,0,0.0003527240768889,0.0982082583231628,23901.48411018687,3.0,4.74184349401552e-07,2.75e-06,0.0393896687537974,0.0108435220718989,0.0078933713951551,0.0003085225652924,5.063060592723717e-05,3.4833817062025436,False
345,3,0.0003925756234459,0.0650880280064245,20905.49659783605,2.0,4.62671462222832e-07,2.75e-06,0.0219295620598536,0.0115207933343464,0.0066267622403955,0.0001443686192405,4.693356492290238e-05,3.4866216205383407,False
130,1,9.304393203698662e-05,0.0104856387893103,20637.7901505537,1.0,4.600065746920707e-07,2.75e-06,0.0203014583217817,0.0115851562848228,0.0027218727703356,0.0001546350871014,2.776240373016431e-05,3.493256113579011,False
290,2,0.0002682458416279,0.085740002897005,20646.28861562185,3.0,4.5695272292846e-07,2.75e-06,0.0218930297196685,0.0115481349596289,0.0087756486336322,0.0001649122079218,6.017630342568587e-05,3.4942220111187683,False
350,2,0.0001905052730616,0.0455551781325678,17450.972247862497,2.0,4.723689666837348e-07,2.75e-06,0.0329154489611464,0.0111793579145532,0.0064056148706679,0.0002354330921443,4.714271454576336e-05,3.494461639553833,False
80,3,0.0001749679011594,0.1554642666499192,12236.364453184457,2.0,4.83209892047833e-07,2.75e-06,0.054892645912747,0.009914207320055,0.0082773333752683,0.0004925446743222,7.071223539940343e-05,3.4963057559879474,False
298,2,0.0004400165067245,0.2636541684805459,15141.37303751816,2.0,4.5398655505928606e-07,2.75e-06,0.0270497571409393,0.0114292361684944,0.0090173756390306,0.0003290816780638,7.179182582520636e-05,3.503910070056596,False
351,3,0.000534463759896,0.1826512941311343,24023.44482403185,3.0,4.5483262901192396e-07,2.75e-06,0.0286534251325463,0.0113786954388482,0.0086702924119543,0.0003530449495866,5.365246813227874e-05,3.505022710736119,False
27,4,0.0001561707859137,0.1551035408357275,8856.064426254321,2.0,4.624963643532794e-07,2.75e-06,0.022989486243184,0.0115693468070946,0.0101136202725996,0.0002068697860865,0.0001003465800449,3.508848050675411,False
418,1,0.0003159565953459,0.0829479967735312,16814.04286918162,2.0,4.609735613880828e-07,2.75e-06,0.0216153571096786,0.0116366397225725,0.0077848745602057,0.0001623436963027,5.785717132124691e-05,3.5176501291130386,False
96,3,0.0001189316617621,0.2709820366502352,3643.4041945564304,1.0,4.886464849385309e-07,2.75e-06,0.0579042605737834,0.0097774894914986,0.0082510477072972,0.0005226941789677,0.0001281263966536,3.5215467537468403,False
229,1,0.0002225685010967,0.1499598451542567,8666.609998230962,1.0,4.560688787726683e-07,2.75e-06,0.0266947522083651,0.0115373422088876,0.0103570745190508,0.0003243647391007,9.432269696192418e-05,3.5313941541715295,False
123,2,0.0001425496709052,0.1293590472513458,8848.951448030257,2.0,4.603143634214929e-07,2.75e-06,0.0225597084202729,0.0116627350253984,0.0098078409073769,0.0001846066433705,9.789090171576076e-05,3.532344789740545,False
161,2,0.0001439750586614,0.0604676321947354,15120.568503737724,2.0,4.787376839677192e-07,2.75e-06,0.0546490396862852,0.0100821009444538,0.0064926062546646,0.0005022043999377,5.197283952966828e-05,3.533346551680842,False
189,1,0.0002655359239436,0.0896050525048365,19385.42424844342,3.0,4.6058484367379814e-07,2.75e-06,0.0221943959990257,0.0116775615109671,0.0088893072805555,0.0001583298859762,6.256457060439726e-05,3.5338096841458113,False
231,0,0.0001871827293928,0.1290130210567374,9252.927983054577,1.0,4.777649264768781e-07,2.75e-06,0.0475712961034761,0.0105766022849968,0.0090948912859781,0.0004004352373541,8.067585370869735e-05,3.5352625042264143,False
452,4,5.101653881097604e-05,0.0994886513202805,3195.752417249553,2.0,4.784542153122077e-07,2.75e-06,0.0262921315853723,0.0115835302654419,0.0016664588874797,0.0001741254425308,3.581936013389007e-05,3.5409031528143693,False
122,1,1.0604335088371712e-05,0.109055833800119,2641.495435851536,2.0,4.818139181140185e-07,2.75e-06,0.0315279346206768,0.011404481726873,0.0004081218236457,0.0002336937601269,2.144220844654467e-05,3.5420565009355243,False
419,1,0.0001471552850497,0.0518433865215876,13745.529455227635,2.0,4.54764808945195e-07,2.75e-06,0.0263391659312312,0.0115957139333527,0.0070962312036381,0.0003215455232413,5.752345569639478e-05,3.544802049644717,False
276,0,0.0001011717058437,0.0358753724978696,14428.303346777611,2.0,4.704485943895163e-07,2.75e-06,0.0276734335762229,0.0115546662545311,0.0050519007857534,0.0001830241553413,4.391786249394714e-05,3.5454397991185775,False
238,1,7.847103104931862e-05,0.0130607632385378,16622.719918836556,1.0,4.701819418850555e-07,2.75e-06,0.0289203290341579,0.0115121481084151,0.0027056038995858,0.0002019854651079,2.8046824812444455e-05,3.5454459505614797,False
414,4,0.0003445561172455,0.2676689586246528,9864.04860418742,1.0,4.506714929451103e-07,2.75e-06,0.031896083329101,0.0114245421888206,0.0104229384814758,0.0004257821908903,9.159842785004928e-05,3.551676778310401,False
59,4,0.0002026317137958,0.1369584272702406,10951.826539199885,2.0,4.659420027088783e-07,2.75e-06,0.0232667082217943,0.0117120260360059,0.0100728037507126,0.0001512418366555,8.870589262298516e-05,3.5520709850615533,False
353,4,8.133347438313789e-05,0.0123017568614371,17227.897110527498,1.0,4.6297006031149894e-07,2.75e-06,0.0240511512113286,0.0117228250067799,0.0027245139194766,0.0001528791150149,2.792953977684876e-05,3.5614998287416966,False
24,3,9.70095596730051e-06,0.0221370403121368,14288.75458607501,2.0,4.6790565141388826e-07,2.75e-06,0.0247051419473807,0.0117149837317488,0.0004951411874753,0.0001581240723459,2.186576626554587e-05,3.5646764129870747,False
20,2,2.7252384519432028e-05,0.0826153798795317,8173.170483446996,2.0,4.890870716473625e-07,2.75e-06,0.0852405729592195,0.0066884711694535,0.0004950942264491,0.0008460597551151,2.474644327073476e-05,3.5652147199701014,False
441,2,0.0001390955802372,0.2971024704957014,8743.67337925986,3.0,4.636966177401809e-07,2.75e-06,0.0260872650732828,0.0116964572663458,0.0109585905883345,0.0002825073137633,0.0001139025214293,3.5713047278782395,False
305,4,2.653626211265956e-05,0.0137030423293718,23481.963643286155,2.0,4.515579458019776e-07,2.75e-06,0.0256694832881066,0.0117274746561528,0.0004577486003945,0.0003037709662373,2.502689176316933e-05,3.576499939822066,False
237,1,0.0006197206471229,0.1252860537104153,22695.3390695342,2.0,4.500811126840764e-07,2.75e-06,0.0336082241716414,0.0114524142627637,0.0071813398766631,0.0004469648350975,4.969325946477868e-05,3.578546049835809,False
97,4,0.0004778195914386,0.0568737444445724,17281.8034419579,1.0,4.623945726415112e-07,2.75e-06,0.0241965612747376,0.0117817651454708,0.0063001353700609,0.0002770780657986,4.283127724738059e-05,3.579606959842645,False
219,3,0.0001395220985349,0.1513877690678663,8537.825679314803,2.0,4.636207000427879e-07,2.75e-06,0.0227615729234885,0.0118246122608571,0.0104726717118397,0.0001816960169082,0.0001060036138996,3.5805136832679754,False
98,0,0.0002035162405593,0.0913671670149978,19953.407285986446,3.0,4.800685418052211e-07,2.75e-06,0.0516758511097113,0.010489362200253,0.008112957721694,0.0004623675443208,5.746088276139646e-05,3.582145049959858,False
90,1,0.0002440110287096,0.1915619162163847,15335.348913350574,3.0,4.5406872126813173e-07,2.75e-06,0.0285521265530482,0.0116633151786322,0.0106250226410723,0.000330337499796,8.246346251027738e-05,3.5846908926964494,False
474,0,0.0004780337652694,0.0992290503040478,19760.389301487667,2.0,4.584278193404895e-07,2.75e-06,0.0248417565473215,0.0118036509157651,0.0074381773723139,0.0002879221302666,5.4073544683712686e-05,3.5912334949856244,False
232,3,1.3036568280619238e-05,0.1252469386547205,3057.2284297761344,3.0,4.5788298576860717e-07,2.75e-06,0.027480214374753,0.0117244629123412,0.0005571492822905,0.0003499585064536,2.065441612310842e-05,3.591919254239136,False
77,2,3.834384417848524e-05,0.0181947955741618,19181.6280542638,2.0,4.806432951979168e-07,2.75e-06,0.0428615961787106,0.0110816295218387,0.0006308238875322,0.0003723879471624,2.447113092576189e-05,3.5965836303012066,False
460,0,0.0001694065891619,0.0470387389339375,10208.519307309864,1.0,4.695315870426426e-07,2.75e-06,0.0258422270845288,0.0118088953548522,0.0081040375566331,0.000168533105171,6.64756514367789e-05,3.601282996363789,False
488,1,0.0001321681358658,0.2599794794954408,9095.7409508961,3.0,4.7578835883827846e-07,2.75e-06,0.0431153768259697,0.0111153196988362,0.010063417227968,0.0003312872722862,0.0001051500247941,3.6093041832640127,False
222,1,0.0002447270622675,0.173962951807931,11506.891358464152,2.0,4.656529389128232e-07,2.75e-06,0.0250279364770068,0.0118796899179117,0.0105733014892552,0.0001448097975104,9.069926636628938e-05,3.6145876172739193,False
316,1,0.0002114917915248,0.1458602254548804,15804.428620924638,3.0,4.746900920420712e-07,2.75e-06,0.039298408332899,0.0113378305172455,0.0099350250137027,0.0002918316170565,7.689449809949405e-05,3.6168076027064315,False
190,3,0.0006602381907011,0.0767771767786807,18804.62514400344,1.0,4.6115372116148955e-07,2.75e-06,0.0210420274678489,0.0120453673654347,0.0059724763259028,0.0001618327527404,4.157595045444752e-05,3.6315593175074556,False
493,4,0.000232791747009,0.0878638925083397,17064.63172023964,3.0,4.6103726369226e-07,2.75e-06,0.0226062954463261,0.0120357189371675,0.0091657433474896,0.0001598350388853,6.886101613054227e-05,3.6401580013750072,False
444,3,0.0001581822968245,0.0973588657636279,15090.517320770086,3.0,4.654043989827951e-07,2.75e-06,0.0302996989436018,0.0118047923293384,0.0096215317827283,0.0001918324866297,7.764410290318644e-05,3.6420077831251216,False
453,4,0.0002255131975067,0.1888240378810748,15135.151838441196,3.0,4.683778511662029e-07,2.75e-06,0.0405553130728279,0.011405580917945,0.0103230416507511,0.0003082684610477,8.230938950739266e-05,3.6520340350158493,False
229,0,0.0001478705769127,0.204635144106142,7693.473795051417,2.0,4.605247500233273e-07,2.75e-06,0.0232794837580732,0.012062186953744,0.0111651686750473,0.0001932911132322,0.000119933672374,3.6529193726932796,False
462,4,0.0004052835764233,0.2245370690376042,17511.013218758082,3.0,4.577120015083396e-07,2.75e-06,0.0262254161080055,0.0119913943136604,0.010442933001567,0.0002745531673189,7.505177585709344e-05,3.6567977418256263,False
390,3,0.0001126053137763,0.0578177473649424,14668.847411333882,3.0,4.6723971943076e-07,2.75e-06,0.0293308369263725,0.0119027987941693,0.0068264885637096,0.0001971619510674,5.929494662341365e-05,3.6601598299906244,False
441,1,0.0003848394989131,0.271317657478073,12727.23377561596,2.0,4.677878196562457e-07,2.75e-06,0.025710137135786,0.012022499570744,0.0102735718090009,0.000150427605865,8.63012009894455e-05,3.661263923957843,False
23,0,0.0002719592585999,0.230637927819072,8495.104411243592,1.0,4.64839917073928e-07,2.75e-06,0.0226515685742171,0.0121094553060873,0.0113699651606786,0.000178548002444,0.0001062673471358,3.661758694006844,False
203,3,0.0003557996492697,0.2718023150673351,16383.371627189275,3.0,4.709855136328332e-07,2.75e-06,0.0314032469490918,0.0118420794534143,0.0108141154508435,0.0001924523824942,8.123621368714462e-05,3.6638320725105236,False
69,2,6.475778098973167e-05,0.1434189916483502,3401.6635834986014,3.0,4.820346016448551e-07,2.75e-06,0.0488984817484763,0.0109903393415488,0.0024236253237246,0.0004490300674086,4.746313060896204e-05,3.6648842569873006,False
360,3,0.0001904857264272,0.2042739595268397,7154.18189641202,1.0,4.622219375978097e-07,2.75e-06,0.0239353197846308,0.0120926984640666,0.0114040105489573,0.0002310459566712,0.0001153803064889,3.666828193023897,False
378,3,2.6590839528646987e-05,0.029915857371269,12492.824588992757,2.0,4.855360886330637e-07,2.75e-06,0.0632145442685591,0.0099754993363562,0.0004666859113026,0.000619462064933,2.251759090996034e-05,3.6772532400996516,False
113,0,7.98528446268421e-05,0.0393033202700535,15244.73111177346,3.0,4.733484738627656e-07,2.75e-06,0.0364529647209187,0.0116892243786593,0.0037609992403595,0.0002962143105596,3.693076423319507e-05,3.677703173540683,False
370,3,0.0009508810293892,0.2062422577958633,20095.158909075908,1.0,4.640560511710164e-07,2.75e-06,0.0240828344497681,0.0121301754092497,0.0062330127280196,0.0001449005557141,4.426524124878551e-05,3.6787734673004238,False
382,2,2.592637615301716e-05,0.047526490722435,8985.859840769792,3.0,4.613871247772024e-07,2.75e-06,0.0224018115233178,0.0121861114482841,0.0004885070739633,0.0002240499506355,1.6673992573263386e-05,3.682014082848706,False
489,4,5.7517395119331735e-05,0.0299335849308694,7143.631388695035,1.0,4.848570291179115e-07,2.75e-06,0.0550178054010175,0.0106604383438557,0.0021480036135295,0.0005229255886133,3.0644018712911395e-05,3.6850501329743293,False
277,0,4.630873530256428e-06,0.0174037260413607,17043.264744458436,2.0,4.6289856353515046e-07,2.75e-06,0.0210211430414231,0.0122433520813177,0.000459418471903,0.0001358581329985,2.2678974041941764e-05,3.68869440739081,False
422,1,7.877503574551206e-05,0.1813678540095813,3062.889298416053,3.0,4.759186544027166e-07,2.75e-06,0.028932235825075,0.0120268074874305,0.0053896698611177,0.0002008424042314,9.758176335484236e-05,3.691525970347514,False
10,1,0.0003901793561959,0.2459805505662,9729.646442684694,1.0,4.686411533506832e-07,2.75e-06,0.0236722777734828,0.0122324559636321,0.0111532548082734,0.0001532514344397,9.726430887922406e-05,3.7049803173608487,False
194,1,0.000232238046154,0.1070230005096185,17118.12580860827,3.0,4.782095798489092e-07,2.75e-06,0.0379891658329096,0.0117362239788159,0.0096726015265047,0.0002906905831539,7.147514588078799e-05,3.709469201841342,False
309,3,6.425920211207841e-05,0.0723223612960786,6787.892337560713,3.0,4.6220460307312374e-07,2.75e-06,0.0204594383365687,0.0123295580377783,0.0024068947943763,0.0001478572914622,3.4814492090869845e-05,3.709841736021944,False
255,0,1.0330001134859524e-05,0.0976672062410466,2731.346915573082,2.0,4.627725135641853e-07,2.75e-06,0.0277781131810892,0.0121422493994557,0.0004233564975708,0.0003518320377246,2.1151941056689024e-05,3.7136630015010144,False
263,3,0.0001520321215434,0.2874994068893217,5380.81838060146,1.0,4.763645610581462e-07,2.75e-06,0.0361048303411545,0.0118403862250044,0.0111709390094649,0.0002542291463458,0.0001349729851471,3.7155094585133286,False
348,3,0.0002098810280492,0.0603399737670387,9488.14648283583,1.0,4.625925721712616e-07,2.75e-06,0.0208466026059939,0.0123506392399993,0.0090865309477369,0.0001568649646732,7.696216406937827e-05,3.718559322256787,False
38,1,0.0001958705484282,0.0852870924033372,12083.985476359145,2.0,4.743593176014258e-07,2.75e-06,0.0328057739732604,0.0120035490362391,0.0089584688784945,0.0002362218713571,7.537512707226324e-05,3.7240558949665328,False
302,2,0.0001402670364009,0.2461885155129064,9948.213430660617,3.0,4.756123890939726e-07,2.75e-06,0.0403317407815159,0.0116957613593961,0.0108581431778149,0.0003029107157772,0.000106099943437,3.7282636856436113,False
389,1,0.0003877904784734,0.2679201596416448,14502.612173448511,1.0,4.88828039609144e-07,2.75e-06,0.0753667873915022,0.0089902509721002,0.00721460728822,0.0007372457793692,5.446482596874558e-05,3.7329328730051223,False
244,3,0.0006086166780504,0.0729008973376982,24142.65881874242,2.0,4.550818476414911e-07,2.75e-06,0.0278490009398824,0.0122716404620736,0.006562505693455,0.0003402668127135,4.531327225044449e-05,3.751202673429458,False
350,3,0.0004337754091094,0.2356302278807633,14700.799398531006,2.0,4.694044298762022e-07,2.75e-06,0.0363840130049862,0.0119598435631573,0.0095434784915607,0.0002711622952983,7.742097131616945e-05,3.7519937569129245,False
447,4,0.0002739417472955,0.1961251237887527,8221.938834353325,1.0,4.728061252511839e-07,2.75e-06,0.0252400098764697,0.0123721467099583,0.0115542698841541,0.0001657850609462,0.0001093492519025,3.7575991920302685,False
281,2,9.467943335015922e-05,0.1548617805065122,4715.770463442617,3.0,4.605058660125614e-07,2.75e-06,0.0228528599728812,0.012436765019665,0.0080557897479202,0.0002202187841455,0.000119380292896,3.75767689699943,False
299,2,0.0001373391418717,0.2894053511594329,8681.604505934749,3.0,4.665738656357629e-07,2.75e-06,0.0302107043199068,0.0122245561035204,0.0116475224365582,0.0001669767637369,0.000123228651385,3.7599479297256244,False
209,3,2.7887612143775355e-05,0.0849156948463179,4402.619239774907,2.0,4.933766191594835e-07,2.75e-06,0.0721771677708146,0.0094727430258078,0.0004295081341338,0.0007287349850207,1.702124843263702e-05,3.7604439631116344,False
135,2,0.0001132154861987,0.1239220475877889,4077.036487531774,1.0,4.639071390215087e-07,2.75e-06,0.0228789023331018,0.0124748055879227,0.0105224313840149,0.0002068935660697,0.0001454007098526,3.768847460043614,False
111,3,0.0001682355865127,0.2188605662762773,8217.030947143607,2.0,4.700855074029341e-07,2.75e-06,0.0290956173526074,0.0123043802666379,0.0115903272392804,0.0001695244192197,0.0001191716313693,3.771969500148496,False
450,2,0.0001047971612657,0.0599640085554627,10782.982201269137,2.0,4.798087070571053e-07,2.75e-06,0.0547054092667897,0.01106019434095,0.0065494051373634,0.0005204400013358,6.201702554723391e-05,3.7808932350315936,False
259,2,4.272848002147897e-05,0.0664222589640389,6105.507679234808,3.0,4.6780209429785137e-07,2.75e-06,0.0226759070173839,0.0125488926028199,0.0005716002881088,0.0001479250363494,1.9278388985364028e-05,3.7887536681213203,False
126,3,0.0003282918352273,0.2935199480425261,16579.403221718607,3.0,4.7002217965589757e-07,2.75e-06,0.0398730814145195,0.0119563991620635,0.0112443986117752,0.0002951385559687,8.39903752590247e-05,3.7937949051982947,False
302,0,0.0005134791315996,0.103493420327875,19011.702892349316,2.0,4.688686960134775e-07,2.75e-06,0.0230195538513796,0.0125761557305043,0.0079578350197731,0.0001438577879739,5.937720740835045e-05,3.799134461790392,False
241,1,0.0002208657348733,0.0750756238185974,17569.9016319969,3.0,4.719002736555164e-07,2.75e-06,0.0281346711201851,0.0124480350693905,0.0092484721417475,0.0001863395892258,6.815747940553208e-05,3.804093129706872,False
166,4,2.0973397371518744e-05,0.04371613817768,9515.05428898222,3.0,4.600392689126762e-07,2.75e-06,0.0210120313869229,0.0126515869988792,0.0005574217246634,0.0001392121313818,1.6452917741502694e-05,3.8068589698873545,False
197,1,2.561637807001201e-05,0.1545299533400486,2298.914198925586,3.0,4.659032656263836e-07,2.75e-06,0.0244836186111748,0.012574693484875,0.0005952525404089,0.0002655483931696,3.2367129375773065e-05,3.809795606382343,False
155,0,0.0002551103440371,0.0529437744383669,16274.377030808631,2.0,4.667032213529158e-07,2.75e-06,0.0237550163696493,0.0126110080381433,0.007618612804729,0.0001477621733215,5.707287283702514e-05,3.8146660822156617,False
0,4,5.498117896104564e-05,0.0459024601551049,7113.391929786516,2.0,4.569769215217211e-07,2.75e-06,0.0283779820593144,0.0124807593374051,0.0019971983912627,0.0003568710106356,2.9428626427729588e-05,3.8156164893584976,False
3,2,0.0005754735525653,0.09290818896846,15492.25928731587,1.0,4.449689972841265e-07,2.75e-06,0.0321765121572296,0.0123567601201878,0.0072675656017602,0.0004186142157869,5.255382276757466e-05,3.8169721967571695,False
195,3,0.0001632792072813,0.0261753441437833,12290.73052580371,1.0,4.615457284709717e-07,2.75e-06,0.0205233229041931,0.0127294119856934,0.00659741792173,0.0001691519109695,5.039714016818764e-05,3.826199096362113,False
164,3,0.0001325233055458,0.1860591229767851,6248.916512263571,2.0,4.60367079439823e-07,2.75e-06,0.0247974085688659,0.0126384303713996,0.0115355562750855,0.0002310394486889,0.0001382364992838,3.8305896815117753,False
466,3,0.0003279907391561,0.1960907761948312,15744.435589685476,3.0,4.615215779311067e-07,2.75e-06,0.0275528798906634,0.0125595161918532,0.011382463428755,0.0001571313443256,8.759492292168301e-05,3.830787496605232,False
69,0,0.0003948203430879,0.1060757575670234,20156.41289791053,3.0,4.590255995207792e-07,2.75e-06,0.0239654192706426,0.0126747673712724,0.009323130387596,0.0002257843502419,6.252569976170906e-05,3.8346355078328287,False
405,3,0.0002041409580347,0.2399132452834565,9507.107579605045,2.0,4.751859821320255e-07,2.75e-06,0.0336301240380857,0.012373239101234,0.0117829500196825,0.0002294154789304,0.0001115173532137,3.8367689507559763,False
421,0,0.0004522789908191,0.0178825393643872,24734.9794070542,1.0,4.7026794395084694e-07,2.75e-06,0.0383745928912602,0.0121906401419441,0.0037373815438401,0.0003240561465033,2.968535985581369e-05,3.8397801122962973,False
25,2,0.0006070302629786,0.1109183646748851,21236.61369011927,2.0,4.549456624746658e-07,2.75e-06,0.0264003501959254,0.0126294062670834,0.0077958807144363,0.0003111989290933,5.605665032555617e-05,3.8409687879690435,False
167,4,0.000117520047344,0.238446298111514,2578.6663297261352,1.0,4.621003904835351e-07,2.75e-06,0.0376662459165719,0.0122426199413841,0.0110505524253234,0.0004967542848408,0.0001964171307453,3.8456916494032587,False
20,1,0.0009520178142682,0.2357534233002496,18911.14880896421,1.0,4.685160423244693e-07,2.75e-06,0.02915882062444,0.0125702719822686,0.0066495823218803,0.0001955540321129,4.8846917521531394e-05,3.8482373194356216,False
340,3,0.0001579749520234,0.0983138970980299,13949.0618380104,3.0,4.708498324917241e-07,2.75e-06,0.0298192176356803,0.0125570796802825,0.010341860692915,0.0001745967402662,8.476803057152589e-05,3.850617045336592,False
103,1,9.407179788501984e-05,0.0612683127264505,11274.346530861972,3.0,4.5749014048940085e-07,2.75e-06,0.031461214641739,0.0125081259083951,0.0064611631696244,0.0003936679563666,6.30870895588549e-05,3.8525658211581817,False
28,0,0.0001953257646813,0.0384901276027722,11144.624480102697,1.0,4.803712398656941e-07,2.75e-06,0.0369723579063448,0.0123110642864356,0.0075527368058666,0.0003026164444639,5.921878750651565e-05,3.856564050465529,False
468,0,0.0001172180012094,0.2552684608343626,5761.322879441204,3.0,4.55865318950155e-07,2.75e-06,0.0285203439358923,0.0126420143552878,0.0117198449241971,0.0003271366528008,0.0001549385486558,3.8629001294144127,False
393,3,6.484590924615104e-06,0.0273457500529601,5510.371652217232,1.0,4.770497784632621e-07,2.75e-06,0.0354842609083003,0.0124002511714133,0.0005655079476159,0.0002937248632161,1.7538661624041206e-05,3.8645213446187827,False
50,3,0.0003236682905155,0.2605220979597293,14160.574699166886,3.0,4.658983372099989e-07,2.75e-06,0.0244590966840117,0.0127698925593928,0.0121225782063767,0.0001707884496075,9.68165443089246e-05,3.8658075069724847,False
262,0,0.0009705750393483,0.1685366636121933,19629.38933705324,1.0,4.577681407974606e-07,2.75e-06,0.02311799764941,0.0128166962357072,0.006212758639607,0.0002193433088694,4.521533709156118e-05,3.869305464278146,False
347,2,0.0001442371665276,0.0892797950956675,13175.631466430352,3.0,4.624080487747018e-07,2.75e-06,0.0228734657500224,0.0128446763076328,0.0102628403819001,0.0001798883892904,8.700225959451344e-05,3.8756284635280616,False
354,4,0.0001165996616927,0.2246077966152171,5697.667697718471,3.0,4.630245169122988e-07,2.75e-06,0.0237381467199286,0.012861668649023,0.0116205215224594,0.0001770408367831,0.0001537864925245,3.886830725421055,False
352,1,0.0002823660121061,0.0756332699329432,13990.561108061804,2.0,4.601079256375565e-07,2.75e-06,0.0221345450783537,0.0129263217808185,0.0087097137866831,0.0001569400804629,7.073778116639948e-05,3.89405182055039,False
94,0,0.0003050116611813,0.2079584843736291,11738.958514712303,2.0,4.789520497724996e-07,2.75e-06,0.0418994615978577,0.0122373366826533,0.0107257630009355,0.0003485276776472,9.142883412693218e-05,3.896980886129413,False
71,1,0.0002525746056174,0.0711179770666377,9415.531932057773,1.0,4.625812049215295e-07,2.75e-06,0.0246766872908877,0.0129015285199523,0.0099452086475422,0.0001523418406174,8.470634747490266e-05,3.905392625617038,False
158,0,0.0008105311798018,0.2242591446430954,20884.085109165702,1.0,4.852077544299303e-07,2.75e-06,0.0703814688492769,0.0103419276972083,0.0058914108835194,0.0006990267589131,3.9599585861233446e-05,3.915647210691138,False
228,4,0.0002816884025061,0.2783663071712978,8569.14510600569,1.0,4.853201154577521e-07,2.75e-06,0.0477315723192578,0.0120295010647665,0.0113665130751316,0.0004137791733721,0.0001057013565854,3.921798770387481,False
446,1,0.0001069138622904,0.0504577800334804,15047.64830945964,3.0,4.765030423074341e-07,2.75e-06,0.0414309239976692,0.012396470637768,0.0068079588539061,0.0003598193928891,5.822312306643912e-05,3.934581979499974,False
456,1,0.0001448219352736,0.1317038113431874,10861.26871095206,3.0,4.5987982470690893e-07,2.75e-06,0.0254305752131484,0.0130154236982849,0.011477435923077,0.0001485619278358,0.0001087365198066,3.944018398623301,False
426,1,0.0004435958765119,0.0619654015175278,19564.111328769035,2.0,4.600112641033758e-07,2.75e-06,0.0215173474154088,0.0131544274883675,0.0074379742469449,0.0001544913350887,5.468770106326912e-05,3.955972341558114,False
499,3,0.0007743467272405,0.2320812269305493,14792.75192760476,1.0,4.669565448214354e-07,2.75e-06,0.0218446856002901,0.0131482068388777,0.0082513160638932,0.0001512441560987,6.374081202871221e-05,3.9563443326349232,False
23,3,0.0001737475431289,0.2619355253191544,11857.841684102586,3.0,4.742478418919639e-07,2.75e-06,0.0399789195385764,0.0125501543393047,0.0121312081659145,0.0002878079807869,0.0001063583850137,3.958776218243003,False
244,1,0.0002013963909196,0.254337709727696,11593.342106213146,3.0,4.575167689000091e-07,2.75e-06,0.0262294427120811,0.0130526691024011,0.0127891444168476,0.0001723953869687,0.0001142999330608,3.9610580232989747,False
205,1,0.0001858409656483,0.0942494649062546,11229.899713756642,2.0,4.815698508099029e-07,2.75e-06,0.0470282636508506,0.0122435916163815,0.0097084426882608,0.0004275209879459,8.436283103835036e-05,3.968982868129603,False
204,1,1.0184093096318114e-05,0.1505485155026528,2219.910461400037,3.0,4.6705531904889573e-07,2.75e-06,0.0275187334838377,0.0130835243496798,0.0007862055144579,0.0003315821418614,3.3685391867329113e-05,3.9804926519797132,False
73,0,0.0002375527639863,0.154569394737589,16035.916223598915,3.0,4.848303307690861e-07,2.75e-06,0.0544943209442394,0.0118865240950893,0.0106661573134647,0.0005123622581794,8.062096913584523e-05,3.990060087810602,False
157,0,0.0001772835670083,0.0790090139957798,7956.227893917629,1.0,4.771444634903671e-07,2.75e-06,0.0372311985394325,0.0127915124423642,0.0107025360052958,0.0003035179413071,9.998331012138278e-05,3.9934950644477483,False
118,2,1.931956799181441e-05,0.0119066703741241,24692.8156589439,2.0,4.744505724437719e-07,2.75e-06,0.0394574509987475,0.0127399670604269,0.0004882920074682,0.0003515827339296,2.451101544950193e-05,4.005029129827175,False
67,4,0.0001833451614903,0.2899246648094126,6218.095935697776,1.0,4.4787585215065307e-07,2.75e-06,0.0345199193023063,0.0129436851910317,0.0126966743309297,0.000445960726972,0.0001407665810121,4.006694816638803,False
160,1,0.000229052156015,0.0112295224132798,23234.48541964461,1.0,4.463325760765888e-07,2.75e-06,0.0454520337216761,0.0124653993205885,0.0033579093168064,0.0005898640061247,2.850341600966462e-05,4.006740524911645,False
84,4,0.0001360270712915,0.2079711838547339,3935.805807750924,1.0,4.622309704382137e-07,2.75e-06,0.0262745457409963,0.0132186098490695,0.0127360464986747,0.0002896173902331,0.0001806066770131,4.00911231147938,False
432,4,0.0008701694081736,0.0567858877700358,21984.41535970345,1.0,4.679323888840276e-07,2.75e-06,0.0239251648342053,0.0133062145542874,0.0050855002820752,0.0001437516130711,3.659018532217935e-05,4.016540669005698,False
367,1,7.180520528308516e-05,0.0306431058222005,11362.936897799142,2.0,4.6627035395063706e-07,2.75e-06,0.0205872155536385,0.0134044520272754,0.0038013275244428,0.000146629660974,3.9137658248020505e-05,4.022592094749949,False
124,3,1.9527670503030005e-05,0.098841273958456,3530.642534136701,3.0,4.624259701323463e-07,2.75e-06,0.0217474526333236,0.0133973763554642,0.0005393864338291,0.0001769834878708,2.17061961312456e-05,4.027935840564191,False
468,1,0.0009529566493385,0.0610963019252383,22601.12617748459,1.0,4.47619611374422e-07,2.75e-06,0.0304619146501956,0.0131693052107926,0.0049243741486706,0.0003753506284992,3.577477465948933e-05,4.030830810705507,False
490,0,2.0332763327237344e-05,0.028067446669935,13764.093843101671,3.0,4.6756838312467e-07,2.75e-06,0.0212432898343574,0.0134563220472736,0.0005659641228594,0.0001658530330396,1.83740421861206e-05,4.04178310230979,False
400,1,0.0002490320849562,0.1626356505088582,13722.860482834089,3.0,4.6088007452274796e-07,2.75e-06,0.0281047077870645,0.0133579058823697,0.0123931796031209,0.0002837779880778,0.0001001735627955,4.064043992270565,False
196,2,0.0004402288886843,0.2911790014626316,12469.28591550069,2.0,4.5716519046289713e-07,2.75e-06,0.0304240804364761,0.0132876098237337,0.0109554238875514,0.0003600021649556,9.811474481055527e-05,4.064200506732097,False
343,1,0.000222820880075,0.0536406835154697,18618.651053094996,3.0,4.595878462832976e-07,2.75e-06,0.0283830482258621,0.0133504175628127,0.0086170120073729,0.0003193609701476,6.170664762873769e-05,4.064243871130433,False
491,1,0.0001596445589551,0.2403385201005906,10012.408943525745,3.0,4.647330203790627e-07,2.75e-06,0.0258792091425913,0.0134404924634294,0.0131986921248921,0.0001572347798227,0.0001267466027539,4.069860417460172,False
188,3,0.0007040423438243,0.2743197376684275,18379.545641058347,2.0,4.678520630260212e-07,2.75e-06,0.0352074376817725,0.0131461693351576,0.009441565442005,0.0002818571665607,7.78073688288351e-05,4.0709172877960675,False
198,2,4.694591278189697e-05,0.0340763736121539,4450.811853286328,1.0,4.625959955797934e-07,2.75e-06,0.0222314967755685,0.0135386068901223,0.0015656242070791,0.0002239674358353,3.224165368458026e-05,4.0720742566344645,False
246,0,0.0003707387930512,0.2081253462260028,15555.760116075646,3.0,4.641996852154234e-07,2.75e-06,0.0272112638392862,0.013412028714473,0.0122165452079145,0.0001570010549014,9.328296833710509e-05,4.072206419035058,False
482,4,0.0002311929873101,0.0459689064479077,22463.8163757924,3.0,4.784810919317016e-07,2.75e-06,0.0498927882412035,0.0124744069895325,0.007591303030277,0.0004797884443492,5.1407175845406376e-05,4.0727060757216655,False
46,4,3.4342495901813914e-05,0.0595381890234613,4450.807575077008,2.0,4.597308025827813e-07,2.75e-06,0.0246891207131288,0.0135081563576284,0.0006586325622981,0.0002718781151613,2.141339423031574e-05,4.080415718607253,False
134,4,0.0004162828300719,0.0358450640293026,22692.056560283894,2.0,4.6375997448803394e-07,2.75e-06,0.0218575699822479,0.0135874301810927,0.0062329394341162,0.0001804709604233,4.314360462750338e-05,4.083782611838656,False
268,0,0.0001978588163885,0.2945168989744408,6324.689821376034,1.0,4.570611721586971e-07,2.75e-06,0.0273711672785187,0.0134659916407855,0.0134076238956669,0.000299995419838,0.0001464062711663,4.088999693867109,False
357,3,0.0005958102376551,0.037642473249113,19460.957667663504,1.0,4.540277421522357e-07,2.75e-06,0.0262044125113597,0.0135048237364383,0.0057609453945438,0.0002960247550274,3.995635610386488e-05,4.090898314865641,False
180,1,0.0002983247763563,0.1882185703395678,10213.96844250119,2.0,4.5700408348434473e-07,2.75e-06,0.0261653108649995,0.0135085854158464,0.0119636243343293,0.0002498436128611,0.0001095455739177,4.091677729138625,False
251,3,0.0004089778378664,0.1867569754821109,12968.947695386967,2.0,4.710052764757695e-07,2.75e-06,0.0318827971462181,0.0133612691870837,0.0106207514501181,0.0002316732117145,9.153773504530665e-05,4.098669107951296,False
118,3,0.0001038877551113,0.0713467480764193,7515.103485946151,2.0,4.659375538249777e-07,2.75e-06,0.0224441510796826,0.0136471759582362,0.0088224437155592,0.0001428277797958,9.686746339477622e-05,4.104956835258872,False
472,0,0.0005293965496425,0.1388340529606379,16282.589301844826,2.0,4.6930529173487094e-07,2.75e-06,0.0242483915704593,0.0136078299355994,0.0092716653964356,0.0001472035329376,7.693116244478881e-05,4.106009033839228,False
233,2,0.0001475102096721,0.0187949823687264,13288.31680563382,1.0,4.4964316229456934e-07,2.75e-06,0.0237795534321808,0.0136598027648283,0.0058787375612349,0.0002517867624416,4.501917087689529e-05,4.117715411024632,False
237,0,0.0003471597787172,0.1283182685620481,16222.408693686892,2.0,4.885678981399132e-07,2.75e-06,0.0724701406291121,0.0110583749448048,0.0080962660300743,0.0007460917424202,6.125682531555815e-05,4.12686020722656,False
199,3,9.780827711081523e-05,0.093066092392259,8194.955219586944,3.0,4.875261272513236e-07,2.75e-06,0.0567844743307994,0.0123432964281549,0.0073235737700215,0.0005685917245257,8.336077315190025e-05,4.146640150584547,False
451,0,0.0002815647578107,0.1628475309542764,7803.423838456844,1.0,4.7545599976925414e-07,2.75e-06,0.0321697781941309,0.0135280561015396,0.0126482132969697,0.0002234512805291,0.0001210729932772,4.1487869039689445,False
391,4,2.5264106807201346e-05,0.0260352002628232,15048.747914018688,3.0,4.6937389052744006e-07,2.75e-06,0.029808305771658,0.013603782780927,0.000570314754878,0.0002391765035606,1.894038041027313e-05,4.1489908723232025,False
236,3,0.0001192543718864,0.0490117793993396,14794.566601798231,3.0,4.647854485114277e-07,2.75e-06,0.0227205300329593,0.0138205386313213,0.0079943235404137,0.0001428405611549,6.677786464008325e-05,4.157044996447519,False
25,0,0.0001408337082825,0.0846516822103207,6275.958338074122,1.0,4.742405234341059e-07,2.75e-06,0.0402808784192347,0.0132560204738413,0.0111881375358886,0.0003499184942007,0.0001202346222585,4.158080553042223,False
38,3,0.0002646866785931,0.1661584075279987,9947.67145087829,2.0,4.466527951399973e-07,2.75e-06,0.0378638537714981,0.0133846145070318,0.0117290983096845,0.0004736395724613,0.0001082259330686,4.166453929477143,False
139,0,0.0011841253190101,0.2812670025699456,24056.1084583042,2.0,4.64053925327098e-07,2.75e-06,0.0235483652839837,0.0138412316647005,0.0081637548672735,0.0002545444999205,6.459285474422803e-05,4.16861813598102,False
191,1,8.156257647538897e-05,0.0373371827479853,6428.671813904434,1.0,4.840522320139244e-07,2.75e-06,0.0519910546451299,0.0127233500001926,0.0057260164396645,0.0005124591658675,6.385653716220082e-05,4.170504427329978,False
38,2,0.00072526690443,0.2891101461959758,21737.317490447906,3.0,4.647834222776694e-07,2.75e-06,0.0259011546323427,0.0138191532542867,0.0106622311258201,0.0002440186065325,6.733227615798592e-05,4.179137985654946,False
488,4,0.0001124572384748,0.1571735854018473,2818.9027513848428,1.0,4.638531355237716e-07,2.75e-06,0.0250039227320734,0.0138473440979048,0.0121786523323998,0.0002439794442783,0.0002060757457928,4.180648619480543,False
108,4,0.0003333485718769,0.2646400941691085,13389.258676929376,3.0,4.6752102945226003e-07,2.75e-06,0.0278550447582184,0.0137972685982945,0.0133383807350023,0.0001573682187423,0.0001088243905619,4.188060235520617,False
158,4,0.0003443983789384,0.0417112548129903,18768.2601757742,2.0,4.620880544937714e-07,2.75e-06,0.0215472134105819,0.0139725476419068,0.0071278861689154,0.0001621718445349,5.290373505089971e-05,4.193618009339295,False
487,2,0.0002314034528816,0.0197121282179443,16572.96174477981,1.0,4.399149897024229e-07,2.75e-06,0.0525405570556809,0.0128054239574723,0.0052862583176858,0.0006743720085943,3.794460356906954e-05,4.200648907152526,False
327,2,0.0003124063883806,0.0319889740929845,13386.305035420226,1.0,4.676202414063988e-07,2.75e-06,0.0246822320332263,0.0139311479384401,0.0068884032280276,0.0001713073669204,5.295282395132154e-05,4.202550486448964,False
454,0,0.0006094818000375,0.279836130315899,19466.508304592044,3.0,4.727912793482901e-07,2.75e-06,0.0310887109531028,0.0137903116644551,0.0115441754845104,0.0002181762859857,7.74888759917322e-05,4.2135758577444475,False
249,1,6.094395932545322e-05,0.0479111572821736,8371.546272616928,3.0,4.623255893553674e-07,2.75e-06,0.0205739888204711,0.0141020773803678,0.0021363600569587,0.0001440306704511,2.9432774792009758e-05,4.225377642632385,False
160,4,0.0001987614788655,0.054656992034622,8355.796539545909,1.0,4.542682977938426e-07,2.75e-06,0.0259321992238275,0.0140271485756325,0.0102697129006042,0.0002553639150209,9.21490077285665e-05,4.239360434900728,False
471,4,4.449720017916892e-05,0.0285320014666554,13435.587561350194,3.0,4.5837091133243043e-07,2.75e-06,0.0227023026810638,0.0141160995685744,0.000803776607896,0.0002166706825109,1.959810212875745e-05,4.242640229367401,False
240,4,0.0002757392238829,0.0878867485857064,13064.806501046813,2.0,4.786630866032162e-07,2.75e-06,0.0501962582260172,0.0130990082299629,0.0094204396221272,0.0004859311708184,7.790255001299827e-05,4.244592316218202,False
65,2,0.0015021947599614,0.2148715396242434,23082.531545177404,1.0,4.582872990872677e-07,2.75e-06,0.0251712516519362,0.0140647917939312,0.0054063257423058,0.0002645444364434,4.154836810758303e-05,4.244671215242235,False
170,2,0.0002075370917247,0.0177531493017041,24046.235566315903,2.0,4.5907068709420774e-07,2.75e-06,0.0212224805707715,0.0141820394499561,0.0047404226711054,0.0001836054530536,3.277623629028193e-05,4.252515541798102,False
72,0,0.0001612552373094,0.1614887852173261,10491.302765249196,3.0,4.583282505427679e-07,2.75e-06,0.0292605878905829,0.0140291082143219,0.0133257858965751,0.0003023614774959,0.0001246064295344,4.266111943182795,False
324,3,7.673916366005702e-05,0.0575958865821751,6279.666345579176,2.0,4.6058218887336075e-07,2.75e-06,0.0223963660247071,0.0142045159739252,0.0052569659141001,0.0002189155833483,6.582496583164835e-05,4.266334098035138,False
45,0,0.0001040355164597,0.0854341905865188,3777.660019820972,1.0,4.670252171377836e-07,2.75e-06,0.0217638496083177,0.0142198830717028,0.0104339347466728,0.0001578876738732,0.0001500439581658,4.266828600809604,False
463,3,0.0006480419646805,0.2227530221502419,21598.54840339365,3.0,4.501730693514146e-07,2.75e-06,0.0399180794721326,0.0136691775771543,0.0104396628463623,0.000501201733949,6.619462150635366e-05,4.268999218538348,False
490,1,0.0002195643774353,0.0494530582473633,19038.22525759446,3.0,4.536547074668614e-07,2.75e-06,0.0306369376860684,0.0140313804274857,0.0089956932670636,0.0003503360319615,6.367765758089483e-05,4.2784610807798,False
161,3,2.466039302644899e-05,0.0311987001525461,8142.997475343202,2.0,4.736726536821385e-07,2.75e-06,0.024081817520306,0.0142614039016282,0.0004487723994064,0.0001733057916415,1.6721003706219496e-05,4.2939250822218,False
209,4,0.000419013030044,0.1522328606752235,16604.2528798569,3.0,4.552233720543454e-07,2.75e-06,0.0311057897313379,0.0140718845000123,0.0116252632695716,0.0003471251329956,8.4840672737187e-05,4.294133679157005,False
215,4,0.0001894408197157,0.0654151398006067,11190.121068619135,2.0,4.719106100514281e-07,2.75e-06,0.0261995451291208,0.0142271689548289,0.0100669514942221,0.00017089112394,8.640516388078267e-05,4.299053338205038,False
105,4,0.0007221921594538,0.2344371180901747,17332.890822884096,2.0,4.6831970825667867e-07,2.75e-06,0.024014512994533,0.0143321890047168,0.0100375939356884,0.0001497293464881,8.609432831145051e-05,4.31397180046662,False
213,2,0.0003926026713687,0.1302886174212378,17288.918995065575,3.0,4.79060466560889e-07,2.75e-06,0.0434893403946515,0.013695181228996,0.0110506678738412,0.0003908357023608,7.896961072908191e-05,4.3182830031255754,False
315,0,1.097144088783852e-05,0.038702671615811,9259.89338303737,3.0,4.718894836959019e-07,2.75e-06,0.0238109540767092,0.0143803477483757,0.0006263152815929,0.0001714569724568,1.5778354000256555e-05,4.326559831207549,False
322,2,0.000397783228327,0.2284393804592157,7680.874517436554,1.0,4.7602125270984e-07,2.75e-06,0.0241545072961194,0.0143757056310613,0.0133871919986947,0.0001611111766698,0.0001298904233262,4.327523619332988,False
387,0,1.348308160506499e-05,0.0180033893122032,14135.022701272585,2.0,4.6852560380673044e-07,2.75e-06,0.0370475452300654,0.0140074376533889,0.000519514438341,0.0003413231707094,1.954226976612564e-05,4.332758324688199,False
208,0,0.0001175929829303,0.0215460850699158,24087.710021361185,3.0,4.633333935358025e-07,2.75e-06,0.0201710525145377,0.0144845462659116,0.0050643643646684,0.0001378441956564,3.772292046558931e-05,4.3344282823036995,False
284,0,0.0001431023915751,0.030723281083876,20264.71058364188,3.0,4.55134250897343e-07,2.75e-06,0.0209445244107433,0.0144729040111624,0.0067377037331425,0.0001486557479372,5.081673921446543e-05,4.335485179470581,False
492,4,0.0004146068699856,0.1618335407959316,16205.210491732614,3.0,4.508265466849728e-07,2.75e-06,0.0314085248795341,0.0142242231503841,0.0119433565167112,0.0003453382142944,8.84889229362372e-05,4.3403223340970865,False
343,2,0.0001483411043142,0.2553769658195318,7316.3966143381085,3.0,4.6237657238311654e-07,2.75e-06,0.0272995264604843,0.014366904663361,0.0143187009417335,0.0002175443964516,0.0001631693426429,4.34759876090198,False
108,1,0.0002219772446489,0.2050809624722963,11557.262517785648,3.0,4.769760080642266e-07,2.75e-06,0.0368112770495807,0.0140812109728836,0.0138330048753399,0.000239136714231,0.0001218676268315,4.351128960158535,False
120,1,0.0001064919756801,0.0619589118413678,8034.283565817907,2.0,4.771119351503725e-07,2.75e-06,0.0285068569544763,0.014351629397662,0.0089910485624264,0.000210532968178,9.374820536327476e-05,4.352592087066587,False
41,2,0.0009813123730115,0.1530002746473025,17725.77462122168,1.0,4.580617624286518e-07,2.75e-06,0.0273986731202053,0.014384498148845,0.0068835892845471,0.0003073958869229,5.324105535024569e-05,4.3534236680559415,False
246,1,0.0003242648019263,0.0951959047757787,12609.164184468256,2.0,4.6987018575114796e-07,2.75e-06,0.02620142892942,0.0144283055393972,0.0103142915238949,0.0001725725157429,8.969559021857231e-05,4.357126198176928,False
31,4,0.0002885266971856,0.0797189939992433,16156.156739539188,3.0,4.7182469568609154e-07,2.75e-06,0.0256539339503489,0.0144590359939336,0.0108025404007934,0.0001670862326768,8.051543319901354e-05,4.362055823607866,False
336,3,0.0003050425935971,0.0641607465363454,9405.23832354035,1.0,4.659008492219045e-07,2.75e-06,0.0247831045201698,0.0145055358910749,0.0102674989036245,0.0001761406914017,8.841716790316119e-05,4.369406776856643,False
197,2,0.0002385616663842,0.0315179185909472,18575.485893556084,2.0,4.837543353378827e-07,2.75e-06,0.0480782468385905,0.013699308852586,0.006356342515621,0.0004746455970442,4.639706583093024e-05,4.3780035134950515,False
62,4,0.0001172991595431,0.0539699769265123,12932.123160919617,3.0,4.632622519940584e-07,2.75e-06,0.0249634806459734,0.014535863936943,0.008984927429874,0.0001509129314587,7.939894550687557e-05,4.37942863179537,False
239,2,0.0005275233538378,0.0290136231404614,18128.199055461984,1.0,4.641642018591122e-07,2.75e-06,0.0210935605675323,0.0146258832435879,0.005834822519925,0.0001408983869551,4.2323471776583336e-05,4.380888369212807,False
457,2,1.589438935297762e-05,0.0417017083270619,3036.411784573814,1.0,4.674319843343585e-07,2.75e-06,0.0234126324576444,0.014580644586338,0.0005164548648704,0.0002252251308994,1.9348046378206704e-05,4.3820223298904155,False
298,0,0.0002767228256529,0.2130777692411527,7104.215581496756,1.0,4.814929797843129e-07,2.75e-06,0.0407325750547158,0.0140438587879721,0.013749443356418,0.0003353806359724,0.0001396871366985,4.382853992750767,False
42,2,2.576705032160629e-06,0.0149996989640846,24396.37693335356,3.0,4.702411484057604e-07,2.75e-06,0.0321336645036361,0.0143648046400578,0.0005288337126834,0.0002810929223932,2.1920263510045517e-05,4.386879915786078,False
346,2,8.290058441910868e-05,0.146313610599989,3489.0135572651125,3.0,4.761212444724529e-07,2.75e-06,0.0297093722359234,0.0144526743568182,0.0077529022042713,0.0002268542738741,0.0001307740541835,4.391324076132088,False
270,3,0.0002386163274546,0.0395175643061115,20675.71697994039,3.0,4.536130878611078e-07,2.75e-06,0.0288920234892184,0.0145310853615058,0.008146056694424,0.0003172663495899,5.608953984437103e-05,4.407245967573644,False
413,0,1.7833391209292032e-05,0.0243839736374781,15475.690132360902,3.0,4.793968483139209e-07,2.75e-06,0.0477717756303699,0.0138227163485307,0.0005614075286053,0.0004798441298532,1.8694863184185795e-05,4.4076583776161185,False
364,3,9.748844653688536e-05,0.0365915396037574,10598.606598048407,2.0,4.63560582528158e-07,2.75e-06,0.0239779477855172,0.0146839346598955,0.0066944802790859,0.0001658420051393,6.295289565705712e-05,4.415673758129019,False
107,3,0.0006557823304766,0.1476001621588626,12900.1801640605,1.0,4.537676567915538e-07,2.75e-06,0.0312859856300399,0.014531088266344,0.0094687958653851,0.0003664437955335,7.601232505803935e-05,4.427019538790069,False
133,3,0.0002406624852655,0.1247743411833827,12468.00993327738,3.0,4.6420353228565634e-07,2.75e-06,0.0261517955951041,0.0147007597744104,0.0131420696966531,0.0001826605320099,0.00011158941833,4.435472491440491,False
336,2,0.0002180288959779,0.2067297548161965,8129.546521109145,2.0,4.772843106248492e-07,2.75e-06,0.0364389491519816,0.0144006137545853,0.0139938600690997,0.0002520191335653,0.0001429409207828,4.437622475547386,False
214,4,3.18632342943843e-05,0.0375831716993526,9506.630793376811,3.0,4.649152779400141e-07,2.75e-06,0.0208848426669749,0.0148288438191481,0.0004334198627883,0.000154492684941,1.60500733311202e-05,4.438787109325366,False
483,0,0.0005719169441659,0.2907667744074986,17209.28769410954,3.0,4.704864469835901e-07,2.75e-06,0.0308045779383402,0.0146279645248293,0.0127923934381565,0.0001945222907244,9.11151355733324e-05,4.450682277743821,False
437,4,0.000138731686242,0.0497104076537266,7078.460525483052,1.0,4.6219287881927604e-07,2.75e-06,0.0257255034349689,0.0148066669607335,0.010837093928231,0.0002500521340235,0.0001057993029414,4.46308123848196,False
391,2,0.0002527710255398,0.0929686001351841,14336.244540925554,3.0,4.68745836752826e-07,2.75e-06,0.0310669945259516,0.0146868802246126,0.0121150082466544,0.0002050075875202,9.691336924158452e-05,4.469771353751801,False
420,0,4.828321126825621e-05,0.0810946791669886,4505.348186847232,3.0,4.472303308364532e-07,2.75e-06,0.040165459625701,0.0144035377318534,0.0010572378852279,0.0004952901152722,2.96614233225323e-05,4.477272200812737,False
218,2,0.0008431695208953,0.1296411670462144,20681.307052628825,2.0,4.605896046476048e-07,2.75e-06,0.0225254353429185,0.0149289654259367,0.0088191589224689,0.0001819105038305,6.959386912271674e-05,4.47760827225606,False
345,0,0.0009060029211442,0.1499974013604213,15847.818097371535,1.0,4.540348395615872e-07,2.75e-06,0.0258457246634778,0.0148896978919589,0.0075404116142723,0.0002697641528653,6.202416069488316e-05,4.48794080214316,False
349,1,0.0002814666754643,0.0953235783781911,14878.67630088285,3.0,4.684030566530678e-07,2.75e-06,0.0267456675229606,0.0148678088022082,0.0120021018001302,0.0001588078679977,9.34689578623566e-05,4.488006562579126,False
356,4,0.0004371048537688,0.2262998031480284,11822.489603777822,2.0,4.743412537841367e-07,2.75e-06,0.0316372065699212,0.0147401152434682,0.0120741496817927,0.000236283613863,0.0001130415074498,4.489855834840146,False
260,1,0.0002259413381754,0.1590788406260927,8366.466421467127,2.0,4.631570629965604e-07,2.75e-06,0.0256998974857853,0.014917755886988,0.0137064933477469,0.0001592466986051,0.0001383772503492,4.495044380663276,False
239,4,0.001827685021567,0.1834695343866271,23858.632267850586,1.0,4.486387973847429e-07,2.75e-06,0.0375657782702314,0.0145864047150919,0.0047435185941091,0.0004645886118465,4.122666805263405e-05,4.50146662108525,False
414,1,0.0001571647152272,0.0668243797382204,13080.974196779178,3.0,4.5191192132260325e-07,2.75e-06,0.0304360484846509,0.0148238954617922,0.0109051114977536,0.000324711904337,9.332825575676032e-05,4.503817930701244,False
194,0,0.0009024610878708,0.2036452342437834,19018.467936795198,1.0,4.854700675477628e-07,2.75e-06,0.077558697014682,0.0122301200745574,0.0067032681116274,0.0008241027248634,4.7215532648814806e-05,4.509552066254442,False
47,4,0.0001885765914125,0.1650654913184054,7949.417451623426,2.0,4.444903039221582e-07,2.75e-06,0.0467430490245541,0.0142598835756352,0.0135062645595056,0.0005830832094784,0.0001400937265101,4.514426894085606,False
201,3,0.0003491689181123,0.2822310060471379,9057.657954790426,2.0,4.6215598643030973e-07,2.75e-06,0.0283064029818149,0.0149764007558336,0.0139900230155931,0.0002634827956928,0.0001373563809494,4.530890860898559,False
427,0,0.0001029418915725,0.0455695090208338,5353.086286826975,1.0,4.703876775686033e-07,2.75e-06,0.0210760329005133,0.0151472269613169,0.0089062016494039,0.0001560366820419,0.00010332674908,4.532631425866528,False
105,1,0.0006879277457281,0.2660858818986278,15272.324805115622,2.0,4.5946859577960426e-07,2.75e-06,0.0240662812573817,0.015093086152293,0.0111363708200263,0.0001508129178579,0.0001031023409845,4.53493755179227,False
489,0,0.0008885415991548,0.2141212927345395,14240.648824634874,1.0,4.635568018378898e-07,2.75e-06,0.0228710030497608,0.0151200614755759,0.0085986573928061,0.0001807099680207,7.24877381754253e-05,4.535272781633859,False
293,0,0.0002349206186061,0.2015168012052465,10448.88052981163,3.0,4.7349068025910914e-07,2.75e-06,0.0324047104989453,0.0148909826945266,0.0146680510936934,0.0001753198655096,0.0001370707165067,4.539625727551606,False
360,2,0.0003153628009844,0.2337014431129445,6651.711440648305,1.0,4.58682864899269e-07,2.75e-06,0.0249906942812462,0.0150970409507857,0.0149862754879648,0.0002039645976898,0.0001609384918523,4.542142122731711,False
53,1,1.1605023733412092e-06,0.0413434966926921,7979.47905789036,3.0,4.647324619844933e-07,2.75e-06,0.0236279062661866,0.0151448221548828,0.0005554336451915,0.0002117312695894,1.47494401933463e-05,4.547165751762986,False
230,3,0.0003372304102561,0.0792739154201477,12990.894451343098,2.0,4.6734692512255373e-07,2.75e-06,0.0235611486245291,0.0151647155800725,0.0100186765776995,0.0001490590789083,8.822256253937836e-05,4.552523757292538,False
376,4,0.0009911222925425,0.1145552903259427,23065.89256832212,2.0,4.588990399533551e-07,2.75e-06,0.0235432168837281,0.0151842112703247,0.0079946087079203,0.0002230886867597,6.177693735788689e-05,4.558074159708182,False
227,4,0.0003625566290193,0.1629855141913916,7551.430807955855,1.0,4.556893643407352e-07,2.75e-06,0.0267984589508176,0.0151123670943484,0.0137860429669867,0.0002565427614976,0.0001349139089496,4.559050762278753,False
395,4,0.0004407019408911,0.2142128048627018,14213.508217669892,3.0,4.635061813039697e-07,2.75e-06,0.0273690549070026,0.0151078199319884,0.0135164403255058,0.0001571358212702,0.0001078656227755,4.561845832211744,False
62,2,0.0001181745371343,0.1219269690870129,5609.065989362237,2.0,4.648367888756393e-07,2.75e-06,0.0241984785690269,0.0151844870061341,0.0128693946947284,0.0001873499451599,0.0001613016991214,4.562313146368563,False
16,0,0.0001211577320913,0.1662104369743543,3048.8448530545456,1.0,4.506123119848386e-07,2.75e-06,0.0517653722142658,0.0142417939065346,0.0130435697222542,0.0006502616926881,0.0002110892409461,4.57547453964183,False
454,1,0.0001497626776716,0.016958651303896,20588.021171852823,2.0,4.532553546898765e-07,2.75e-06,0.0244003570279426,0.0153220906403926,0.004768801313034,0.0002511622430693,3.502727916482394e-05,4.603545439268767,False
483,4,5.078921815056804e-05,0.0579868083393498,2438.8792573662317,1.0,4.4404033163944294e-07,2.75e-06,0.0457829785953518,0.0146371686784836,0.0021634045052602,0.0005628520923131,5.7554748292834114e-05,4.606841837779456,False
193,4,0.0001699922789943,0.2754951219989632,6147.236295545666,2.0,4.6619141652460077e-07,2.75e-06,0.0286771190691839,0.0152435084791937,0.0157226133536443,0.0001640447495177,0.0001888752238611,4.6106865697327875,False
376,1,0.0006199072267545,0.1042405693520833,22613.884489527823,3.0,4.682991956966806e-07,2.75e-06,0.0243360462100308,0.0153822604887385,0.009840777767526,0.0001508624351174,6.155049612390417e-05,4.620597702510512,False
260,3,0.000581298117373,0.1265962644343282,16120.514848991192,2.0,4.762031373100869e-07,2.75e-06,0.0332398253671568,0.0151588128405307,0.0100354929155059,0.0002848412105541,8.537032519142852e-05,4.623467064074373,False
198,4,0.0003628130858339,0.117969849952048,15074.745345332509,3.0,4.503421843082906e-07,2.75e-06,0.0339653417640509,0.0151371523892291,0.0121999619703187,0.0003737606718528,9.438933775539836e-05,4.623672472315411,False
185,3,0.0001317010338946,0.2763468997851546,4226.929400589339,2.0,4.524884231111078e-07,2.75e-06,0.0398994464164,0.0149372701291557,0.0150922213188522,0.0004815843460998,0.0002216949538123,4.624461722626557,False
255,2,0.0015991043599577,0.100861313591467,23177.921517246847,1.0,4.829059024508736e-07,2.75e-06,0.0426061761013646,0.0148352319951734,0.0048371076218715,0.0004088287357146,3.919185027356601e-05,4.625097469294043,False
292,4,0.0022789249925444,0.2968309155457445,24148.54138175565,1.0,4.679435394284308e-07,2.75e-06,0.024902468058131,0.0154195787193587,0.0050060771878967,0.0001642546162113,4.613102835568255e-05,4.635080246734508,False
312,2,0.0008414480635424,0.263364359188118,22459.45352609487,3.0,4.71131785337739e-07,2.75e-06,0.0259159165457693,0.0154026493728453,0.0108585721525814,0.0001540635706691,6.778144124539312e-05,4.636908014028033,False
195,2,0.0001236275175146,0.023869384533924,21049.35738663755,3.0,4.5519673397914685e-07,2.75e-06,0.0289484606918124,0.0153278206252515,0.0059013919651323,0.0003186957589881,4.407232655282592e-05,4.637040078043282,False
26,1,5.9218843465996965e-05,0.0594855974924921,6134.140674695976,3.0,4.736419317802015e-07,2.75e-06,0.0297454800224951,0.0153310230891029,0.002189957523898,0.0002573280162108,3.4920805156324775e-05,4.644073965058015,False
265,2,0.0004931417380971,0.0137250387789794,22760.04282027102,1.0,4.811009314840786e-07,2.75e-06,0.0396929767625763,0.0150550714407788,0.0038403160842861,0.0003841073658437,3.026705645341539e-05,4.655512505647573,False
492,3,0.0008504180419137,0.293121954630447,16781.815607921944,2.0,4.728300252987302e-07,2.75e-06,0.0300489103319444,0.0153790580118512,0.010904742938389,0.0002276972548744,9.906121970535252e-05,4.660262857377053,False
301,0,0.0004394396534616,0.2033295153347299,14202.267808863013,3.0,4.489247452325201e-07,2.75e-06,0.0348229209110764,0.0152677075801738,0.0133343254202276,0.0003901585340031,0.0001061885010729,4.668618692033673,False
422,3,0.0004483425363935,0.1596911583741951,12242.078158702498,2.0,4.757850622848269e-07,2.75e-06,0.0305752415440523,0.0154215710758644,0.011657771476381,0.0002234603610411,0.0001086113476636,4.676635120174492,False
253,0,0.0003696399754198,0.1570259887728221,13679.142246563692,3.0,4.542160278622553e-07,2.75e-06,0.0299928440905097,0.0154664451621635,0.0134989446419514,0.0002931340785095,0.0001099212683494,4.684976579623815,False
159,3,0.0001528131208679,0.0132658995746717,23859.74592600757,2.0,4.6725819033662266e-07,2.75e-06,0.0206078262933948,0.0156992108225884,0.0041000939616796,0.000144723723948,3.0510539261206277e-05,4.691028641480502,False
415,4,0.0001574259287661,0.0531803406497324,13993.227495838306,3.0,4.574461616219932e-07,2.75e-06,0.0288903628626204,0.0155243360244566,0.0104008522797618,0.0002835308406286,8.529737487287448e-05,4.693264323264589,False
369,2,0.0006028997915316,0.1382725708943983,15470.36102251076,2.0,4.79036450529271e-07,2.75e-06,0.0332489906496176,0.0154495295506805,0.0103868917430557,0.0002891198539608,9.105015543606928e-05,4.706706824872159,False
101,2,0.0009652003164777,0.0838716485491788,17762.045561944098,1.0,4.709943221953803e-07,2.75e-06,0.0256428752299846,0.0156917192436301,0.0065390705836877,0.0001725221129465,5.286603292260314e-05,4.718856287040086,False
230,0,0.0003704076046685,0.0785654981920482,9224.814742765047,1.0,4.673878106539064e-07,2.75e-06,0.0234131874769666,0.0157421686848556,0.0114571115576901,0.0001542329056744,0.0001015834618803,4.719455396864719,False
328,4,0.0013095496185584,0.085917978531486,20685.80370184276,1.0,4.5331208123208613e-07,2.75e-06,0.0268808735640694,0.0156764392699458,0.0055746019857387,0.0002674669703022,4.472198986322051e-05,4.72278023923655,False
1,2,0.0003776297767134,0.0288402425922213,13917.508625663448,1.0,4.7050889193105443e-07,2.75e-06,0.0230394782733555,0.0157627440080451,0.007060856640399,0.0001594668617739,5.5539914683418056e-05,4.723212159540178,False
249,0,0.0008511522403231,0.2802398445379807,16618.29811456882,2.0,4.653509490323882e-07,2.75e-06,0.0237498764744851,0.0157556212867037,0.0112941533758458,0.0001578758138108,0.0001028816413495,4.725405832611613,False
414,2,0.0003312709111502,0.2876782101010856,6460.872888526274,1.0,4.77059115107873e-07,2.75e-06,0.0320501027305084,0.0155771417449513,0.015911275746064,0.0002298059625306,0.0001743577792363,4.733224038491547,False
137,0,0.0005135428212816,0.1508801034554942,13562.169504271847,2.0,4.746076366453396e-07,2.75e-06,0.0284538186094998,0.0157216073001875,0.0112075953333975,0.0001969942920455,0.0001027946444097,4.746983034666343,False
489,2,5.658962213669701e-05,0.0298882640011216,12394.576449933906,3.0,4.6991090317840107e-07,2.75e-06,0.0337346694156856,0.0155778683373032,0.0017168771135838,0.000317500351192,2.4211706960225515e-05,4.747604830295431,False
410,3,7.387786999823132e-05,0.0846177787141738,4774.998059617368,3.0,4.567815429934682e-07,2.75e-06,0.0279120585337,0.0157926920410041,0.0047168121473666,0.0002975302239677,7.059356289600424e-05,4.763628622738383,False
94,4,9.012830228709016e-05,0.0616769834851622,8207.150380377632,3.0,4.539608677862445e-07,2.75e-06,0.0307594331221573,0.0157566242207394,0.0078158329630479,0.0003361491371336,8.585409891015941e-05,4.774462893905764,False
10,3,5.260539041150738e-05,0.0179332562410211,19605.483818949266,3.0,4.729813573619096e-07,2.75e-06,0.0313957296677884,0.0158160205297233,0.0014030377592964,0.0002917723839149,2.1001621308158284e-05,4.796557944407162,False
378,0,4.225084746454398e-05,0.0160403659948571,20777.643847038915,3.0,4.657226706737179e-07,2.75e-06,0.0207758962372978,0.0160724130244192,0.0006898732970503,0.0001469300733037,1.9838432239937404e-05,4.800842523340559,False
248,0,7.963390809494675e-05,0.0097416561661475,15109.215129141812,1.0,4.830552200545496e-07,2.75e-06,0.0441012556803557,0.0154283064992849,0.003014923684495,0.000453340791378,2.832997714154405e-05,4.807676343397151,False
411,3,0.0001593062243777,0.1007648128352149,5314.976488664126,1.0,4.643945860003739e-07,2.75e-06,0.0281699759482421,0.0159518695154515,0.0147981732848344,0.0002534091100083,0.0001695684259442,4.811475844492936,False
431,3,0.0001478846544419,0.23572518636107,7195.1712312154295,3.0,4.512566862030895e-07,2.75e-06,0.0353513802135532,0.0157666918932432,0.016169118687503,0.0003792368278384,0.0001858125423238,4.815730158439782,False
290,4,9.255627710244456e-05,0.1774556497263149,2789.927846065179,3.0,4.661478459015585e-07,2.75e-06,0.0225465836853817,0.0160935523783059,0.0098772360324803,0.0001757216047157,0.0001838315148778,4.816678437284183,False
61,1,0.0001614755380292,0.1032775246199902,5236.909156422382,1.0,4.731911299576952e-07,2.75e-06,0.0306682243155702,0.0159126319438531,0.0147444266053013,0.000218821671323,0.0001734897786816,4.81866248988741,False
356,2,9.990678722604037e-05,0.1239396220338132,5181.50896350294,3.0,4.728350380260865e-07,2.75e-06,0.0244577760668551,0.0160924280100893,0.011407912748037,0.0001518652583214,0.000157658671261,4.827645380409491,False
387,1,0.0004463913618295,0.1695281039342795,14688.719876683424,3.0,4.672115418039675e-07,2.75e-06,0.0296162037041015,0.0159829364792144,0.0136571018386142,0.0001983122704412,0.0001068458890028,4.83095640199046,False
427,3,0.0001100679810676,0.1096155790920934,5343.755492603792,2.0,4.878757595758413e-07,2.75e-06,0.0561861525345065,0.0150117432975589,0.0118012662094588,0.0005853455031204,0.0001527974354908,4.845368216975266,False
288,3,0.0002459340340252,0.0642599314464484,14636.436493005243,3.0,4.499029692902134e-07,2.75e-06,0.0396223644055772,0.015779019243978,0.0111350398736408,0.0004642199071231,8.863157318892013e-05,4.8593644032697805,False
439,2,0.0006606013613261,0.1792705997420613,15034.83116229441,2.0,4.807394991791346e-07,2.75e-06,0.0420750645890412,0.0157410922118229,0.01084141278891,0.0004132941236291,0.000100239759909,4.873616997506806,False
87,0,0.0001748159082311,0.2922628104981449,4250.140078253906,1.0,4.657901129307503e-07,2.75e-06,0.0264966627446082,0.0162160606800219,0.0171595261615521,0.0001772944191476,0.0002349368069956,4.8765174135075675,False
499,1,0.0006836546868802,0.1558210628904523,11863.55669202441,1.0,4.4624121952956683e-07,2.75e-06,0.0425652823836974,0.0157530680963995,0.0102804098017639,0.0005134719659343,8.841008171752694e-05,4.88214499976891,False
54,1,0.0005643854043056,0.0676215193039871,22906.91740545205,3.0,4.689789528310693e-07,2.75e-06,0.0225194247236659,0.0163238725547896,0.0090670522984094,0.0001497098601763,5.738937345005304e-05,4.883640797330571,False
82,4,0.0015754232835622,0.0375437349577112,23572.535574819263,1.0,4.677925352607379e-07,2.75e-06,0.0266164112416861,0.016248950472378,0.0040825114328626,0.0001972382956019,3.485101863214886e-05,4.886843467384664,False
181,4,0.000101370270944,0.0620065353351775,6532.118437805395,2.0,4.665134999847226e-07,2.75e-06,0.0222793193668837,0.0163676546718334,0.0101330476124617,0.0001540405467958,0.000116902798745,4.895069918690908,False
27,3,0.0014047396896965,0.2558304844928569,23364.535044313125,2.0,4.660772669299585e-07,2.75e-06,0.0216858174824379,0.0163804066277634,0.0084752041645446,0.0001506560017191,7.611915303292595e-05,4.895557631063974,False
324,0,0.0001034707143863,0.0183263962316473,9725.25049869344,1.0,4.580006144711021e-07,2.75e-06,0.0329976849002597,0.0161205907056893,0.0061169174900072,0.000375057175351,5.298163340398129e-05,4.896957821756025,False
156,3,0.0002850361991816,0.2893173125537144,10387.768339014605,3.0,4.514786633652021e-07,2.75e-06,0.034665196229525,0.0161045006495019,0.0167611312608489,0.0003573282718338,0.0001582954460996,4.906300971570585,False
190,2,0.0007829757107284,0.1649459570554536,12388.453995209822,1.0,4.7310806747680396e-07,2.75e-06,0.0236466702121579,0.0164184377544949,0.0097420024768812,0.0001537855986472,8.596972881158922e-05,4.917624491569578,False
349,3,6.144427108293972e-05,0.0097836788163212,24870.43309495369,2.0,4.782350612099462e-07,2.75e-06,0.0283710361852892,0.0163367386449229,0.0016964508387781,0.0002497635270419,2.343390688729344e-05,4.924191375275059,False
122,0,0.0002068906508836,0.0794434799173745,12389.396884263744,3.0,4.5702294477509765e-07,2.75e-06,0.0342989784320135,0.0161845096418967,0.0129006259245184,0.0003656118818165,0.000109814462527,4.926096827038837,False
74,0,0.0002490586539356,0.2591611717711093,9522.959624872998,3.0,4.587215367331513e-07,2.75e-06,0.0302782436714031,0.0163225546928946,0.016947989105014,0.0001558463564356,0.0001690404045816,4.93385185087195,False
358,2,0.0002517935886924,0.0510427843156498,16045.750262841688,3.0,4.7596442670287365e-07,2.75e-06,0.0392105257236776,0.0161604896478457,0.0102831283435168,0.0003760659830267,7.871195562091832e-05,4.9635121535128555,False
23,1,6.972075782650995e-05,0.1245790284576238,2056.692267620382,2.0,4.640174835979769e-07,2.75e-06,0.0238644039037815,0.0165750788780065,0.0062027614910646,0.0002223085807081,0.0001345441516413,4.964495522051758,False
314,2,0.0005643454506943,0.1753695808719534,17575.724108067825,3.0,4.817422509291643e-07,2.75e-06,0.0535189926369801,0.0156283231337201,0.0122871634153816,0.0005602083880582,8.750752589865011e-05,4.976959708417518,False
173,1,0.0002780007391959,0.1481881048514661,11872.316813855075,3.0,4.808286005253826e-07,2.75e-06,0.0541226553888086,0.0156452925966135,0.0144647468823584,0.0005449863973603,0.0001280580591996,4.989507997311548,False
374,3,0.0003160428904844,0.2949752220051402,9983.771916454476,3.0,4.632846109409804e-07,2.75e-06,0.0308843903722431,0.0165012529034937,0.0169874469476127,0.0001554246688414,0.0001649723293066,4.989919812597372,False
395,2,0.0001705222549382,0.0998031676614099,10203.18569630124,3.0,4.772752415423829e-07,2.75e-06,0.0357704085127529,0.016374118530205,0.0141473665148959,0.0002472663041254,0.0001358098929681,4.992968931338488,False
357,1,0.0005046657477308,0.276430635516698,7242.632095546465,1.0,4.5904046893991314e-07,2.75e-06,0.0293159483012851,0.0165740557484225,0.0152987821934291,0.0002902547621045,0.0001567669137533,4.999478052042603,False
233,4,0.0002177819186499,0.1629528877688516,5234.17117487376,1.0,4.719527739571234e-07,2.75e-06,0.0286631155697052,0.0165961415157422,0.0166822213852461,0.0001928985713844,0.000199717110142,5.001276420270482,False
310,1,0.0003488943407899,0.1707431448842043,9090.647927953827,2.0,4.6471317274708587e-07,2.75e-06,0.0266237635389701,0.0166652087586255,0.0141375866819183,0.000200305642576,0.0001460734152516,5.007631191650698,False
245,4,0.000268183488812,0.1790021442427536,10453.418836692954,3.0,4.646770711179922e-07,2.75e-06,0.0285222280576181,0.016681478419935,0.0163741227262584,0.0001559453740681,0.0001535849528054,5.024999256577549,False
93,0,0.0011533976070694,0.0931723028030709,24126.080158469373,2.0,4.749414523437172e-07,2.75e-06,0.0282789304134505,0.0166918543909061,0.0078566272031242,0.0002384427588226,5.996232342348328e-05,5.026336201787472,False
442,1,9.583781038693606e-05,0.2439897546702261,2164.669976525248,3.0,4.722382595186248e-07,2.75e-06,0.0248961873682227,0.016783435492673,0.0127173822200039,0.0001907651640003,0.0002653070599598,5.031229595373501,False
74,4,9.940529829933582e-05,0.0171766846558734,16253.510617154514,2.0,4.612968326152504e-07,2.75e-06,0.0236324257279162,0.0168290005068283,0.0047058864364725,0.0002182521197598,3.817849298659913e-05,5.037107863147509,False
450,3,0.0012942225706201,0.1825610304508114,17263.45397600565,1.0,4.570775952662093e-07,2.75e-06,0.027880244693659,0.0167988943835604,0.0069360922012851,0.0002688745730936,6.183648418374715e-05,5.0546506312884425,False
127,3,1.1194551974729048e-05,0.0376681318325095,8116.113390466884,3.0,4.719109432768961e-07,2.75e-06,0.023784945149975,0.0169294896840263,0.0006108442479843,0.0001877199261603,1.481880454830093e-05,5.067250294679963,False
35,1,0.0017927015750622,0.2046912351732228,20324.50062751809,1.0,4.674697131806127e-07,2.75e-06,0.0283417377561268,0.0168322607835744,0.0060266557887371,0.0002163554506681,5.564439002981697e-05,5.06742536712279,False
191,0,8.404205695370868e-06,0.0427625538498867,6996.081155247678,3.0,4.67218172763712e-07,2.75e-06,0.0212471588352877,0.0169830450622531,0.0005023721301713,0.0001398893994774,1.6493420053616086e-05,5.06920350906618,False
64,0,0.0005209502745289,0.1796777537971365,12346.75467367541,2.0,4.4653789681697685e-07,2.75e-06,0.0478468976524282,0.0162368525253538,0.0121877685508424,0.0005704678548931,0.0001183736732391,5.075805718708257,False
168,0,0.0002210969038839,0.0750498132685215,9762.415856307744,2.0,4.882404304223188e-07,2.75e-06,0.0562754779850884,0.0158844918529152,0.0115776405353491,0.0006047613088471,0.0001080850769243,5.083403104727902,False
5,4,0.000402836434368,0.0609296217920249,18023.293376348367,3.0,4.761365011228111e-07,2.75e-06,0.0318216749464669,0.016834672886939,0.0102898623107541,0.0002806498242132,7.330568336292369e-05,5.093106720875144,False
430,1,0.000550127393535,0.1985922001836755,8106.556287311095,1.0,4.726445013743501e-07,2.75e-06,0.0256880880540404,0.0169940266100068,0.0139702307279337,0.0001883291991209,0.0001384756024835,5.097262789684384,False
20,4,0.0001213086003697,0.080088648598017,9141.76565106484,3.0,4.457854782709577e-07,2.75e-06,0.0484964266230581,0.0163027268665126,0.0121892665602726,0.0005718650285974,0.0001250151077664,5.10162585246938,False
360,0,0.000288039669879,0.1118506902094664,11812.25080213741,3.0,4.645670231955945e-07,2.75e-06,0.028831731358391,0.0169623934662529,0.0144782499359179,0.0001660629060103,0.0001289434786602,5.108447705368664,False
143,3,0.0003610148469321,0.0101625798287448,21114.302387736945,1.0,4.494459977732762e-07,2.75e-06,0.0508989255206513,0.0162602422473833,0.0036601975050499,0.0006048939709625,2.952929963243279e-05,5.118153853544338,False
251,4,4.736708384400506e-05,0.011255237233942,19974.85089307461,2.0,4.497259914765058e-07,2.75e-06,0.0264826180498354,0.0171122114804189,0.001255608773704,0.0002647204007454,2.1348419602592963e-05,5.1365184185713195,False
39,1,0.001310503334619,0.278699164141799,20756.567062260165,2.0,4.629538204375969e-07,2.75e-06,0.021669123523603,0.017269516047726,0.0097862195396958,0.0001564256417913,9.14244640458458e-05,5.155034642655297,False
497,3,0.0003051540020018,0.0167959154359799,14299.38995911459,1.0,4.6298806442099196e-07,2.75e-06,0.0212854965447803,0.0173335950534194,0.0061243096612733,0.0001525447688127,4.917156263446634e-05,5.171822196429507,False
304,4,0.0001163043110315,0.2223215146093715,3130.1834042855185,2.0,4.691861399946973e-07,2.75e-06,0.0267917057232984,0.0172277108803942,0.0167503014156356,0.0001859607469675,0.0002867220580224,5.172004252447251,False
35,3,0.0005945691880406,0.2634166391368474,14272.669376458123,3.0,4.6477269578383924e-07,2.75e-06,0.0289918298528757,0.0171876417525063,0.0146736871726301,0.0002185605691645,0.0001165620625639,5.174765327394715,False
98,4,0.0014600736176609,0.2411453959942707,24648.61913150992,2.0,4.402763612255942e-07,2.75e-06,0.0514361335369391,0.016458970876316,0.0084332490043485,0.0006144568360726,7.093363469307726e-05,5.179684077525311,False
134,1,0.0002601884672121,0.0581528320199822,7421.707959009504,1.0,4.7337262702545737e-07,2.75e-06,0.0265042138470294,0.0172841262264143,0.0127358374344226,0.0002076759430227,0.0001227043356971,5.18660009632154,False
314,1,0.0003222316099331,0.2309128069564841,8015.216130944957,2.0,4.592214530868477e-07,2.75e-06,0.0345200901798561,0.0171036061290804,0.0162567017695552,0.0003499785820375,0.0001690990516019,5.1915937820868825,False
228,0,0.0006732671812845,0.207566469315321,9959.90957853186,1.0,4.435313873969085e-07,2.75e-06,0.051070849438233,0.016551749698897,0.0117609733185671,0.0006147673057493,0.0001120525862752,5.2010365664044915,False
421,1,4.727583552675157e-06,0.0399660809725077,7289.184042297197,3.0,4.627718509399018e-07,2.75e-06,0.0247181609990789,0.0174468056186149,0.0006729394417156,0.0002259452760956,1.6461519256799356e-05,5.223270312892818,False
156,0,0.0002404583881316,0.0797305976139727,6311.770771673687,1.0,4.4774417398086257e-07,2.75e-06,0.036662998070318,0.0171826003483072,0.0143852558875343,0.0004039332324455,0.0001508745761287,5.231994134003394,False
481,2,0.0001376028518977,0.0132019912327785,20835.27730233473,2.0,4.567502179213954e-07,2.75e-06,0.023064729024838,0.0175313721673395,0.0044018758826373,0.0001987923194752,3.3088015962522806e-05,5.2387673192214335,False
56,1,0.0001512045772237,0.0298634814826091,16893.536888237446,3.0,4.539582340688422e-07,2.75e-06,0.027146131489782,0.0174560685578585,0.0082693322292685,0.0002447277647853,6.40760816274224e-05,5.240556052120243,False
465,4,0.0002202830500641,0.220650221839986,6274.05026562088,2.0,4.5395443218959366e-07,2.75e-06,0.0286597339309403,0.0174547054327953,0.0178352109998935,0.0002079633981892,0.0002140828971695,5.249923398121918,False
201,1,0.0001820834533643,0.211252761323783,4222.688840019462,1.0,4.563907900396205e-07,2.75e-06,0.0330459000209925,0.0173599319987879,0.0182664865961847,0.0003269193329739,0.0002470803534957,5.253775456856193,False
498,0,0.0013690538971473,0.1646985721978475,23721.83826221764,2.0,4.72943950510648e-07,2.75e-06,0.0394505433338456,0.0172200059340015,0.0082555053598311,0.0004064298443341,7.208211868310885e-05,5.267183998252001,False
173,4,0.000143336073161,0.0347303788354996,10695.045527386088,2.0,4.643318724107309e-07,2.75e-06,0.021794441069512,0.017677051913879,0.0089398233767021,0.0001498792473484,8.122989740881114e-05,5.2747352880246465,False
124,2,0.0003361137123857,0.1877900242508225,7982.799139172631,2.0,4.6676068201279853e-07,2.75e-06,0.0272102145290125,0.0176444874062023,0.0156181434515659,0.0001773990801519,0.0001700232514355,5.295689980012105,False
37,4,5.800535836208304e-05,0.0135279016871398,23759.819681303103,3.0,4.680423718793981e-07,2.75e-06,0.0209898489741042,0.017762972894023,0.00178561682346,0.0001470210258017,2.255129290328064e-05,5.295904954716308,False
479,1,8.441596799270585e-05,0.0836999294826773,5124.985263648056,3.0,4.550301517367073e-07,2.75e-06,0.0480347552984488,0.0170887192144087,0.0075466577051746,0.0005556740430814,0.0001005675671489,5.31611234208426,False
340,1,0.0001027084386552,0.15478282321236,4178.271600782817,3.0,4.489815059768962e-07,2.75e-06,0.05518766556914,0.0168035370536526,0.0134111110547238,0.0006491398781872,0.0002028492938025,5.321042922139137,False
477,1,0.0005511747195059,0.0741127957744081,15315.432964563772,2.0,4.723657920351766e-07,2.75e-06,0.0280840536732407,0.0177500183692894,0.0104656588288603,0.0002233318781669,9.338118671385718e-05,5.33184910557745,False
50,4,0.0012400218815445,0.1959747604267186,15771.599109243987,1.0,4.567014200418906e-07,2.75e-06,0.0275472692564869,0.0177719143700921,0.0077663362211187,0.0002512503068386,7.366954533242802e-05,5.334812770367333,False
496,1,0.0003242017564039,0.1851812683617068,7816.509944757205,2.0,4.6453118972421467e-07,2.75e-06,0.0282590155594439,0.0179357121385961,0.0161589843265682,0.0002151632026562,0.0001749907538173,5.386871377514033,False
432,2,0.00049763161267,0.1740982160565541,11172.49172565483,2.0,4.738204555099143e-07,2.75e-06,0.0297725789150145,0.0179177975470752,0.0136831847114711,0.0002122872158122,0.0001411768550091,5.391556035492857,False
387,3,0.0002539461015826,0.0154916670150052,13371.767312848016,1.0,4.629583213025489e-07,2.75e-06,0.020901484480161,0.0181026647346889,0.0063299729093035,0.0001433381646781,5.215361981302397e-05,5.39485448248712,False
161,1,0.0001329559880863,0.2014831132342261,5554.043775526473,3.0,4.6832792227996614e-07,2.75e-06,0.0318149932290168,0.017885044636293,0.0179823329057297,0.0001719927097031,0.0002392267046526,5.3962156585342695,False
83,3,0.0004008735227386,0.0070380788255698,23791.983008214607,1.0,4.536582613239673e-07,2.75e-06,0.0365408185395686,0.0177816294721407,0.0027004547516805,0.0004002751304603,2.6900172936171697e-05,5.402703588458838,False
347,1,0.0009506614303467,0.2776714249057396,21129.104173697604,3.0,4.678027184335112e-07,2.75e-06,0.025423389213922,0.0181627451927821,0.0118685423849414,0.0001444702553468,8.221112677274477e-05,5.435846970837242,False
206,3,6.649331636469136e-05,0.0191878994138903,16839.267921125844,3.0,4.669822398841613e-07,2.75e-06,0.0208408734900977,0.0182636067366978,0.0027245495361569,0.0001461052434907,2.8760937097581857e-05,5.441666490032935,False
484,1,0.0010095112447245,0.0766142754340014,15519.38162645266,1.0,4.553840528121573e-07,2.75e-06,0.0244806972006737,0.0182029704248597,0.0073192012474646,0.0001751815045909,6.747304818014131e-05,5.442328857962288,False
484,0,0.0012697133991547,0.1264631022887233,22463.469369726936,2.0,4.661294588346477e-07,2.75e-06,0.0221581543036077,0.0182744104108949,0.0087867305574341,0.0001518124596694,7.44660674204959e-05,5.451131319771409,False
13,2,0.000138211825866,0.1853362302146862,6147.05518505846,3.0,4.6472428426136157e-07,2.75e-06,0.0307235243789695,0.0181166995150508,0.0179603236646705,0.0001626041011128,0.0002278860851287,5.455602050912186,False
230,2,4.17207103324295e-06,0.1159228630746111,2130.130098523907,3.0,4.78341351202522e-07,2.75e-06,0.0210616707961796,0.0183711634432009,0.0004492119578769,0.0001551447980051,5.181003048614514e-05,5.474169579280112,False
242,1,2.601645573485318e-05,0.019902649327286,5129.006154531602,1.0,4.579277677247092e-07,2.75e-06,0.0224978759305491,0.0183925314464062,0.000415379299058,0.0001691029175937,2.029536562300433e-05,5.4873386629249365,False
7,0,0.0012626383530108,0.2943968535989807,14385.405019439975,1.0,4.6029062014925814e-07,2.75e-06,0.0248983940325503,0.0184107854872601,0.0087786168507747,0.0001844115011915,8.725842028171485e-05,5.505217329353306,False
285,1,0.0004159605462513,0.0807473496498821,15323.779548017385,3.0,4.791605815569778e-07,2.75e-06,0.035511168624672,0.0181911227043656,0.0126861219735242,0.0003360843323904,9.832659637294672e-05,5.5121415365829805,False
486,4,8.468247619101433e-05,0.1542086563664509,2017.768453268751,2.0,4.684096032026268e-07,2.75e-06,0.0246649220265927,0.0184395273121295,0.0117512863257637,0.0001998788372347,0.0002443780834112,5.512326243021519,False
441,0,8.851315184884872e-05,0.005946395602222,18542.99078103113,1.0,4.680466896154854e-07,2.75e-06,0.0208116381585496,0.0185298093303906,0.0022498474663576,0.0001399700542813,2.5017017515929467e-05,5.519447505251539,False
390,1,0.0003433126598743,0.1733921264360744,11305.686698084342,3.0,4.440373370972477e-07,2.75e-06,0.0537016981666116,0.0176328235919822,0.0165720813149567,0.0006221880969156,0.0001481922252241,5.5323974750479,False
402,4,0.0001951577876966,0.03819605566694,7355.604966986824,1.0,4.673952201271645e-07,2.75e-06,0.0226169390545631,0.0185618617399899,0.0120918420334351,0.0001520106157077,0.0001159416670438,5.537420735833998,False
179,4,0.0001776342231975,0.0785175513467874,9997.9722293938,3.0,4.575890095957381e-07,2.75e-06,0.0269872388916975,0.0185323056130516,0.0148928302282206,0.0001628142805394,0.0001449251338955,5.552502341330341,False
139,3,0.000115300920242,0.1274751779915146,4054.2782063107206,2.0,4.601234744072155e-07,2.75e-06,0.0311580888589546,0.0184572785246417,0.0157727894063497,0.0002790409028852,0.0002342742707136,5.557188488364345,False
172,1,0.0001597895326862,0.1304724534797883,7948.607158137387,3.0,4.685244067551928e-07,2.75e-06,0.0326917193404031,0.0184678775285027,0.0176089196640804,0.0001799246754943,0.0001927878587488,5.5709245552523505,False
279,3,9.74388558169286e-05,0.0262469828604035,6279.090930713757,1.0,4.706247177569965e-07,2.75e-06,0.0317896948187104,0.0185516433966413,0.0084296198162711,0.0003145300501207,9.147179513908284e-05,5.588834368043664,False
365,1,0.0004159950890974,0.2267847397763298,8707.403743773015,2.0,4.871580288677516e-07,2.75e-06,0.0446362968607229,0.0182424970118476,0.0156919937201489,0.0004483535654921,0.000173147602756,5.606575050126072,False
482,0,0.0003729112927704,0.2742554868325788,5396.583333567574,1.0,4.726692315501924e-07,2.75e-06,0.0299472386829966,0.0186691873778137,0.019338619247822,0.0001864648534215,0.0002330490125107,5.610582955538391,False
455,0,6.912196206888322e-06,0.099520541455699,2445.3415897157497,3.0,4.545445630407728e-07,2.75e-06,0.0335147209076881,0.0186275206139008,0.000625533655176,0.000349571715909,4.648426009163176e-05,5.622956955733453,False
326,2,0.0001323951909107,0.0755547439247757,6195.916315890848,2.0,4.739983736742702e-07,2.75e-06,0.0278788840899291,0.0188361750684376,0.0143091651421196,0.0001976668561129,0.0001685518979912,5.646213226013046,False
199,0,0.0005270405075758,0.1401527051153487,14531.390529528931,3.0,4.616150247624082e-07,2.75e-06,0.0272752201275054,0.018945155067692,0.0147926032002121,0.0001519791654324,0.0001167878189923,5.674361322336058,False
84,3,0.0007502769222512,0.0425234090854476,14724.131525943176,1.0,4.544678886888507e-07,2.75e-06,0.0270205394725945,0.0189749360881479,0.0074179877992431,0.0002241283570851,6.650150034672996e-05,5.681556159630977,False
114,3,0.0002128988416035,0.0452359976781507,6959.909206009259,1.0,4.502867530343885e-07,2.75e-06,0.0469022620069602,0.0184455074147066,0.0126594857886853,0.0005257462167118,0.0001262072091136,5.686354344491262,False
433,3,0.0008494611014965,0.2314539305121948,13734.972906638352,2.0,4.719886746509758e-07,2.75e-06,0.0261799537864666,0.019109425912038,0.0134756287287407,0.0001813269307108,0.0001396559742367,5.715983996433539,False
485,3,0.0001636698951318,0.0103331210827114,23734.092175379945,2.0,4.6897225689873174e-07,2.75e-06,0.0207834717896566,0.0192321823911006,0.0040632094598426,0.0001477949877508,3.021642361362901e-05,5.724996468267303,False
181,3,0.0003646171521137,0.1080817831642215,6520.731191466625,1.0,4.53425403427604e-07,2.75e-06,0.0432608940928806,0.0187217549860392,0.0155521938559864,0.00047503193096,0.0001645909275331,5.729905377737936,False
133,0,2.1369423122040773e-05,0.033866836934168,5271.600842189236,2.0,4.6252689283247753e-07,2.75e-06,0.0229188742427664,0.0192661888188832,0.000484327902899,0.0001739755861463,2.137480532501189e-05,5.744814552250192,False
310,4,0.0013451826523396,0.0310692474766928,19734.934651466607,1.0,4.626495606053157e-07,2.75e-06,0.0237043628633408,0.0192558614578209,0.0049202551665568,0.000154786753556,4.442951009576317e-05,5.745660026205173,False
166,3,0.0011154543427896,0.2988949069539727,23838.58153290533,3.0,4.666167874762379e-07,2.75e-06,0.025444777021627,0.0192271883515527,0.0110030767980257,0.0001503793808559,8.064006686816603e-05,5.746312867974884,False
165,3,0.0009323638397642,0.1154318322082847,16850.321543880047,2.0,4.606018006406892e-07,2.75e-06,0.0240944933956748,0.01926439766975,0.0106120149448955,0.0001933685597668,0.0001033114172071,5.750120972380598,False
164,4,0.0001524944836889,0.1583035026301567,3466.916184583473,1.0,4.6939155544796404e-07,2.75e-06,0.027752412561703,0.0192192760736459,0.0197970671656679,0.0001879032009884,0.0002937949798875,5.756946490213446,False
127,2,0.0003822847345655,0.0292551536941769,16556.323415156232,2.0,4.6378353670350766e-07,2.75e-06,0.0237315890799509,0.0193017860526342,0.0081799109410409,0.0001810878622262,7.09747985860799e-05,5.759216717303691,False
377,1,3.53562234132014e-05,0.0464221679462203,2097.8642526997764,1.0,4.593742949249867e-07,2.75e-06,0.0353591116049365,0.0190702531572299,0.0009503242727283,0.0003669456051251,5.533723604389825e-05,5.764284513758914,False
306,3,0.0006972537491496,0.0725136038812871,22018.59793005812,3.0,4.583556793600176e-07,2.75e-06,0.0265136849093733,0.0192755357972665,0.0103472505148573,0.0002008725227247,6.958566067317893e-05,5.766261252859375,False
495,4,2.723199972883769e-05,0.0433951496000086,2204.314097737402,1.0,4.808071144115845e-07,2.75e-06,0.0281334237553711,0.0192447271674257,0.0005627627389522,0.0002858116614642,4.4986035448841134e-05,5.766594454498995,False
92,4,0.0006798281883476,0.1236375576978888,13256.531835146488,2.0,4.6257253819137326e-07,2.75e-06,0.0250976206427394,0.0193398793509806,0.0124205390992001,0.0001669779417061,0.0001266657953598,5.777352810041727,False
256,0,0.000116935742957,0.061971956322715,3937.590992246212,1.0,4.59516371334701e-07,2.75e-06,0.0300117921902415,0.0192613430294232,0.0146816944213562,0.0002690404309574,0.0001976543414735,5.782890958251092,False
388,2,8.103291763989472e-06,0.018057878856754,5245.655374274307,1.0,4.733946121737348e-07,2.75e-06,0.0238685525653133,0.0193828767144374,0.0005212343365215,0.0002180469092,1.6161732468918702e-05,5.783598653143129,False
78,1,0.0001856132600071,0.2226202080470211,7690.707675774471,3.0,4.739564354564858e-07,2.75e-06,0.0488370362141905,0.0187267096047222,0.0199574995083753,0.0003918629209289,0.0002224113722765,5.785384657005066,False
212,3,0.0003927282378962,0.0559089927487724,12338.412374431631,2.0,4.673474052601792e-07,2.75e-06,0.0317929756347655,0.0193341307184684,0.0110511350328956,0.000313072831407,0.0001106109964126,5.8155193079410505,False
140,3,0.0002500469150973,0.0764162723554111,5770.797684108606,1.0,4.7192649925383933e-07,2.75e-06,0.0261865180049046,0.0195077929584549,0.0163949060813369,0.0001652686092792,0.0001790385352381,5.83217802980283,False
8,1,0.0008330214631135,0.1640158052627621,19500.59823886737,3.0,4.621362727495654e-07,2.75e-06,0.0257048114887999,0.019562342769342,0.0121124943185319,0.0001557571802076,9.00094852557041e-05,5.845496630361532,False
242,4,6.43334562190698e-05,0.0621544788110336,3562.88318939342,2.0,4.528353551814732e-07,2.75e-06,0.0543035421209187,0.018766616071685,0.0047245760361125,0.0006112120990102,8.05519236325685e-05,5.855319931207024,False
468,2,0.0002496980382924,0.0083425825332627,17291.52454271937,1.0,4.611390792530542e-07,2.75e-06,0.0213255425545443,0.0196930862739415,0.0041373153400433,0.0001429799542418,3.46417729954257e-05,5.862391216551968,False
53,2,0.0013479077929533,0.1713247240474393,15029.9336883459,1.0,4.548888972842603e-07,2.75e-06,0.0329269472907891,0.0194705509375667,0.0079942139528586,0.0003165006218097,8.168758816064529e-05,5.862665354098172,False
247,2,0.0001986668418898,0.0428405015906651,13360.112868686052,3.0,4.559002807034936e-07,2.75e-06,0.0265595237746041,0.0196136493763822,0.0118751643292518,0.0001865467351661,0.0001009502647703,5.865088032912133,False
177,1,0.0024133386483506,0.1224533265820055,19189.21497896481,1.0,4.542738335015022e-07,2.75e-06,0.0367302084863975,0.019436678281465,0.0056760773230463,0.0003808174310879,5.938458138072903e-05,5.88023393158082,False
336,4,0.0008530979020546,0.2277086327793944,13425.27014856859,2.0,4.5425918414911766e-07,2.75e-06,0.0279396479161162,0.0196632969360456,0.0138230852729851,0.0002397332087391,0.0001473927799335,5.887315991032794,False
409,0,0.0001522823196315,0.0109085564889447,21425.99608692814,2.0,4.626734273024691e-07,2.75e-06,0.0203960386991598,0.0198285520394797,0.004359900170271,0.0001344580107672,3.311953794033412e-05,5.8980880698553,False
380,1,0.0010039038053717,0.2225115399614646,21922.947436912946,3.0,4.4707474354959526e-07,2.75e-06,0.0390849038583122,0.0194913718180415,0.0113894911873286,0.0003952038630409,8.525930140049541e-05,5.914326594963055,False
491,2,0.0001162884574279,0.079447183339104,5174.272640837877,2.0,4.597139299648642e-07,2.75e-06,0.0293034291567705,0.0198127300161634,0.0145822840604383,0.0002345601983294,0.0001888765571055,5.938814548085123,False
341,3,0.0001488130637647,0.1401454996123866,4817.281425993182,2.0,4.648407509221285e-07,2.75e-06,0.0297218686415446,0.0198369369939091,0.0189027891548695,0.0001638375940171,0.0002559816518601,5.948374229262658,False
274,2,0.0001122185536769,0.0484727037082757,9192.043007183323,3.0,4.60995162027387e-07,2.75e-06,0.0242162942140996,0.0199922498518931,0.0116632118519766,0.0001621902806874,0.0001187673677174,5.963428970001678,False
372,3,4.0925195728469326e-05,0.0613866875133539,2815.383235599342,2.0,4.7538335897298126e-07,2.75e-06,0.0251925521735381,0.019991586378344,0.0008924035967573,0.0002576991065238,5.2851127991586574e-05,5.96813688351342,False
72,1,0.001009213845007,0.1912777251951742,15426.555381902916,2.0,4.78937522483474e-07,2.75e-06,0.0388309498412925,0.019742924635518,0.0120845584125976,0.000431586404198,0.0001279552449985,5.984634458678602,False
403,4,8.402923499367632e-06,0.0168668208477124,15166.557429855238,3.0,4.6362231103884724e-07,2.75e-06,0.0212066545883046,0.0201275318515801,0.0005137841109996,0.000138734988904,1.5329581982458602e-05,5.98915552041801,False
52,0,0.0002179757780839,0.0304853396010697,16263.020127167752,3.0,4.529590901662619e-07,2.75e-06,0.0291837607210872,0.0200266749091003,0.0100602007442962,0.0002449228684385,7.688117663374048e-05,6.000353563062445,False
270,0,0.0004169655590709,0.0154474008209276,22779.16281536122,2.0,4.702004831863534e-07,2.75e-06,0.0226203305664252,0.0201703069078174,0.0061211252129014,0.0001855487146212,4.566806042573431e-05,6.007945629663019,False
401,3,0.0007757083787634,0.2760950245472767,15723.981746206387,3.0,4.71722046717949e-07,2.75e-06,0.0296373512845938,0.0200439641037631,0.0153064137400792,0.0001487519238752,0.0001191233617939,6.00807804651514,False
50,1,0.0003000244562456,0.1065294452489687,5345.737699411565,1.0,4.622063078693022e-07,2.75e-06,0.0262219198387587,0.0201543853207146,0.0180316642638138,0.0001818716555446,0.0002119464654506,6.021023053637646,False
161,4,0.0003804925898276,0.0933903776659328,6670.360259789366,1.0,4.5783264601934854e-07,2.75e-06,0.0397614295875767,0.0198933036522849,0.0158126977341215,0.0004082849262067,0.0001680787560284,6.035250377960852,False
208,4,0.0004387872639405,0.2514614373851725,9727.845653105696,3.0,4.782040457520242e-07,2.75e-06,0.0344604290947972,0.020039013697343,0.0193642570059661,0.0001927165100411,0.000186621773747,6.037759746243782,False
476,0,1.965127343687242e-05,0.0090468580534675,19829.540508721468,2.0,4.769863865471668e-07,2.75e-06,0.028554615625541,0.0202101817715553,0.0004525797303184,0.0003087837201414,1.8139944205752085e-05,6.050126571342393,False
283,1,0.0006347535274522,0.1791870764411747,11510.78099526469,2.0,4.630324314007674e-07,2.75e-06,0.0273208444639989,0.0202944996473109,0.0147912293716259,0.0001785812669299,0.0001610687545275,6.0678038053429315,False
359,4,9.57760776253884e-05,0.007591654910954,14439.851812386154,1.0,4.526671185933248e-07,2.75e-06,0.0310965854542177,0.0202394691996844,0.0036584827862466,0.0002973341634352,3.205380022037265e-05,6.073811267745477,False
408,3,2.698520865564551e-05,0.0452427363313165,5680.444217113154,3.0,4.829174937753177e-07,2.75e-06,0.046747851441944,0.0198281945195642,0.0005493948071209,0.0005587809183563,2.444645979348241e-05,6.077134322322036,False
408,0,0.0006808882899534,0.2971080986127875,13199.121692438002,3.0,4.643726400906937e-07,2.75e-06,0.0302597317104058,0.0202854781544155,0.0172711231654522,0.0001535671481274,0.0001467863853234,6.08206412917679,False
492,0,0.0022017588580501,0.1681615351941268,17643.66182292939,1.0,4.5848239390428323e-07,2.75e-06,0.0312574500428289,0.0202951771428214,0.0064832255176686,0.0002892749104988,7.235078933259501e-05,6.090996896159025,False
471,3,0.0001621559621811,0.0385203203267201,12353.380561258606,3.0,4.697703370304336e-07,2.75e-06,0.02740542239525,0.0204770194904586,0.0116109330198067,0.0002226140351967,0.0001015497109877,6.121497790508352,False
184,1,0.0010283300858117,0.1071486687310098,12817.999561871413,1.0,4.667887147168991e-07,2.75e-06,0.0250932157941311,0.0206634887885277,0.0090296072346665,0.0001648141807599,9.500450290717172e-05,6.163965668285229,False
52,4,0.0010743226397522,0.1190684949103594,18451.727130194948,2.0,4.461442834714676e-07,2.75e-06,0.0589203994953404,0.0197471356077294,0.0102198804534583,0.0006606669557203,9.58341039082277e-05,6.181538965784554,False
351,4,0.0002720617932891,0.1301287953196009,8896.750564114014,3.0,4.578930252929134e-07,2.75e-06,0.0372160722399711,0.0205496100112723,0.0192375661572718,0.0003352328450683,0.0001951379925936,6.204926918806996,False
142,3,0.0001289726242237,0.0941817644861162,4865.170176241788,2.0,4.69242256767241e-07,2.75e-06,0.0282648894659435,0.0208300705007152,0.0172142543065741,0.0001745511421116,0.0002301979518477,6.229155288694507,False
177,2,0.0018397328838092,0.0506917839304509,18204.06013671523,1.0,4.785479945020948e-07,2.75e-06,0.0417307645375521,0.0205136431537856,0.0053770226629963,0.0004785625912504,5.506965404476096e-05,6.22932557571111,False
126,1,0.0001386658633039,0.2904693554900732,3284.1375140506784,2.0,4.803800755552533e-07,2.75e-06,0.0348951002029898,0.0207357533136691,0.0227153146196381,0.0002133128381454,0.000375605340194,6.242458340871221,False
297,0,0.0001479813909444,0.2169297850593061,3981.2485601651215,2.0,4.642512158205936e-07,2.75e-06,0.0334226060341628,0.0207750117134177,0.0219458458214722,0.0002351262637468,0.0003262258131641,6.244070030110242,False
295,2,0.0011037604520382,0.0572964537947161,21435.355443293945,2.0,4.6151530505433725e-07,2.75e-06,0.0237410919474495,0.0209646906664644,0.0089347985443037,0.0001685856392739,7.415432177647125e-05,6.245615992874472,False
150,3,0.0003279231878715,0.1493690243209947,9067.882311274094,3.0,4.775082386184327e-07,2.75e-06,0.0470142481677096,0.0205698546366409,0.0190058198032938,0.0004394864882537,0.0001927694801431,6.2908175785149405,False
144,3,0.000496173952409,0.1323690019407729,12383.676774608435,3.0,4.528666541663859e-07,2.75e-06,0.040069675549147,0.0208024647146504,0.016210194646822,0.0003883147858942,0.0001418245097462,6.299226574919456,False
273,3,0.0001593284011646,0.2832223925929647,5538.472921453431,3.0,4.696994466318547e-07,2.75e-06,0.034437212305132,0.0209479382535083,0.0233455923370987,0.0002248858537772,0.000300308082209,6.300874006419668,False
263,0,0.0009760333110833,0.1711803429109157,13996.859591117944,2.0,4.686283237961148e-07,2.75e-06,0.0243463783568265,0.0211592451924622,0.0126119396125693,0.0001573089866878,0.0001428756519484,6.30536427772952,False
137,4,0.0001367264699694,0.0569832856986416,4315.426774486159,1.0,4.727488283091409e-07,2.75e-06,0.0260042822714194,0.0212199728710973,0.0164725941007791,0.0001744949324199,0.0002077779543769,6.331132711172674,False
282,4,0.0001722692103932,0.0568726590440187,4900.899308441945,1.0,4.773338743437902e-07,2.75e-06,0.0318188610408384,0.0211122832592174,0.0166527438456615,0.0002600462052165,0.0001980929334971,6.331934946868549,False
334,2,0.0005353825513886,0.0679881031628206,12595.102021418772,2.0,4.566123952607337e-07,2.75e-06,0.031929046953774,0.0211673563098425,0.012194717130983,0.0002854384902044,0.0001270200936797,6.348617996631466,False
352,4,0.0001361028472872,0.129088913018636,4417.492296771343,2.0,4.656044389417331e-07,2.75e-06,0.028874193574467,0.02123646227357,0.0198747748338332,0.0001788852754717,0.0002792437357196,6.351003883098606,False
307,4,0.0006032586501167,0.097728724382317,15496.524333630168,3.0,4.643350503506406e-07,2.75e-06,0.0268830335490032,0.0213352336470208,0.0135917624326979,0.0001491810396336,0.0001118448770339,6.369245217116895,False
215,0,9.466651478188042e-05,0.0555966663725972,6809.055944593811,3.0,4.5347471265422293e-07,2.75e-06,0.0297966393715,0.0212852952277138,0.010369418892243,0.0002463050849234,0.0001270415684403,6.370394909330816,False
304,0,0.0006088470511557,0.2827838946031452,11414.399288564864,3.0,4.6178191399075326e-07,2.75e-06,0.03107313959356,0.0213035176038259,0.0188664984372403,0.0001741292221804,0.0001729478049432,6.383088066128021,False
189,2,0.0010431993660259,0.2350946283642578,20088.14941494712,3.0,4.632165896772878e-07,2.75e-06,0.0260522525031278,0.0214158990054441,0.0126038733569537,0.0001510487696554,0.0001022783642294,6.388635281936789,False
107,0,0.0002098007129202,0.1700205545943331,7181.081530481444,3.0,4.585628065031185e-07,2.75e-06,0.0435629729731009,0.0210180360669579,0.0215372687845639,0.0004262823197065,0.0002433885269803,6.389099459455968,False
292,3,0.0008211276848798,0.1032215249838446,10688.90619047708,1.0,4.874961531095612e-07,2.75e-06,0.0352923590962263,0.0212815482975211,0.0109777190190221,0.0003850240706672,0.0001154929767281,6.403260796167073,False
135,3,0.0010445424069651,0.1048677081094297,12723.802995236125,1.0,4.563654754084846e-07,2.75e-06,0.0400705255157451,0.0211684410166454,0.009198046273306,0.0003990810351336,9.757624908261876e-05,6.404662537880573,False
204,2,0.0009125015649144,0.0066207579630014,23627.60382896433,1.0,4.570814197004248e-07,2.75e-06,0.030568225130456,0.0214052628878413,0.0022186123039629,0.0002719149327241,2.675522686996593e-05,6.409756589006254,False
13,4,0.0003461322551434,0.0983746149360139,8370.916196827618,2.0,4.5552005072972827e-07,2.75e-06,0.0324276047436346,0.0213874429112206,0.0159517927783083,0.0002611405897488,0.0001829676661035,6.41564578834336,False
186,2,0.0003500494421317,0.0226062900709228,21974.68090913613,3.0,4.587354715643166e-07,2.75e-06,0.0261382093961658,0.0216171818632017,0.0085725235487895,0.000198347036334,5.810311119058205e-05,6.447897161676875,False
98,2,0.0015762908317153,0.0901455560161943,24492.206889180303,2.0,4.590443857819917e-07,2.75e-06,0.0293526330099285,0.0215787892463912,0.0089439567384883,0.0002547264759249,7.113640495315917e-05,6.453452275331894,False
316,0,0.0002199410177443,0.2118826329062562,3909.1212188121226,1.0,4.7122218173526253e-07,2.75e-06,0.0312671654440173,0.021575000814177,0.0237004556957398,0.0001981929035744,0.000334921908245,6.463243159491241,False
464,1,0.0004528930741554,0.2179591712409798,9938.960872005198,3.0,4.712233000103161e-07,2.75e-06,0.035701890247961,0.0214910243140752,0.0204206757273928,0.0001974813368403,0.0001965510494145,6.46670427299711,False
417,4,0.0015571064753539,0.2094648806123851,19947.2929225775,2.0,4.665442559422634e-07,2.75e-06,0.0221281730189858,0.0217699427283316,0.0107342509061084,0.0001593406112866,0.0001089583304611,6.474459187470478,False
237,2,0.0001848119147993,0.0647943909065485,9203.35647857792,3.0,4.567831657189054e-07,2.75e-06,0.0333393676116849,0.0215955444050203,0.0160378526564974,0.0002605760280777,0.0001628477686587,6.481756820900479,False
341,1,0.0012585004686795,0.2571690809044336,12407.68936647796,1.0,4.4835216440384766e-07,2.75e-06,0.0436034832169783,0.0214512536816867,0.0101467933529995,0.000448174710897,0.0001147739369282,6.5137659748867955,False
236,2,0.0001055575435274,0.0559987981633265,5703.940905760264,2.0,4.441193061624445e-07,2.75e-06,0.0565664158314193,0.0210449890190502,0.0132943837781087,0.0006070117773628,0.0001623658482888,6.519061064883352,False
163,4,0.0015992882757768,0.1175393928461244,14677.442391183093,1.0,4.657710321979848e-07,2.75e-06,0.0253763731977959,0.0219189596132835,0.0076154118825662,0.0001703324414089,8.996709580130898e-05,6.532487765323356,False
402,1,9.94353213318228e-05,0.0172793641612222,17957.837500652,3.0,4.427122273244505e-07,2.75e-06,0.0493071247447141,0.0213855023361901,0.0056206476389624,0.0005132930584404,4.454998608540195e-05,6.544164728064746,False
241,4,0.0004399255668459,0.0327033203982325,19360.078699378013,3.0,4.610686750297225e-07,2.75e-06,0.0252993281646457,0.021963208328582,0.0099855018558131,0.0001644835991483,7.273146355726264e-05,6.54507248167455,False
174,1,3.340629629027905e-05,0.0163434987849068,9965.82785433458,2.0,4.736884360729261e-07,2.75e-06,0.0204763756717507,0.0221057727507511,0.0006264971558601,0.0001685043777823,1.9348080416664357e-05,6.566438122923496,False
333,4,0.0004800890415329,0.0516419456969642,8565.399452920014,1.0,4.6444033699688324e-07,2.75e-06,0.0275449655915361,0.0220268572107354,0.0121547632831294,0.0002067814175563,0.0001337027383692,6.5746484615287555,False
36,0,0.000275831475888,0.2866542002218041,5292.989297583701,2.0,4.789512434640983e-07,2.75e-06,0.0395195787165049,0.021807532234907,0.0232977482446689,0.0002780414992595,0.0003024641978052,6.584939349422294,False
61,4,0.0001235441696682,0.0887041807071119,6440.700472116581,3.0,4.6681989721613606e-07,2.75e-06,0.0290693273800028,0.0221206130510218,0.0176047343229865,0.000171361904107,0.0002130895641921,6.609958715659867,False
284,2,0.0001057110283507,0.0232577690525331,9813.241959566034,2.0,4.623152718877806e-07,2.75e-06,0.0234648050086658,0.022219383110687,0.008282884715008,0.0001531889967113,7.898250575698178e-05,6.6118402522739705,False
439,0,0.0005524094197098,0.0157458963244847,22889.22767240219,2.0,4.673918243108993e-07,2.75e-06,0.0217642868150209,0.0222712544307685,0.0066429585281259,0.0001511445954797,5.141506394077309e-05,6.620000363846863,False
449,0,0.0009355273966194,0.2442487517594128,12570.76283557928,2.0,4.873068290473279e-07,2.75e-06,0.0481704985054165,0.0217698742805784,0.0152716953449367,0.0005838412792411,0.0001740156229772,6.64365391665778,False
44,2,0.0002394024295233,0.042743875595471,12550.193617023338,3.0,4.534265071348936e-07,2.75e-06,0.0365345202427134,0.0221297579729506,0.0135094683786562,0.0003294145537546,0.0001179492341903,6.657376089704393,False
42,1,8.300903153727623e-05,0.0071753482887407,24307.92659972587,2.0,4.592337123265418e-07,2.75e-06,0.0265697343955414,0.0223658258329937,0.002429214391615,0.0002120379733545,2.32756603691201e-05,6.668891772312322,False
491,0,0.0002977970451239,0.0159877761490394,24018.9553851377,3.0,4.622783754493882e-07,2.75e-06,0.0237028227344113,0.0224153943836467,0.0070585243526834,0.0001509046507548,4.701903357683351e-05,6.670301055230475,False
84,1,0.0004170736487191,0.0403056679818679,8680.35288468785,1.0,4.613071293862389e-07,2.75e-06,0.0253901224765294,0.0224215430212785,0.0120285695586065,0.0001742800845701,0.0001287645224916,6.679625130236678,False
325,0,0.0015581729482484,0.2084108170055973,19484.551536697745,2.0,4.5856470739127133e-07,2.75e-06,0.0335898798357219,0.0223255310744139,0.0112901178983005,0.0003001847533781,0.0001135174004915,6.695458679167297,False
309,1,8.344388330321882e-05,0.0095656607214868,19062.599702076568,2.0,4.586094245272811e-07,2.75e-06,0.0257034583892449,0.0225923231521419,0.0035705260495691,0.0001943732417481,2.935037087759749e-05,6.731056499433546,False
467,0,0.0001476614606581,0.0534928655262098,4339.074825018578,1.0,4.6606264797260013e-07,2.75e-06,0.0289438895589858,0.0225626989167784,0.0173034015912223,0.0001990452974085,0.0002185403104511,6.738337454797821,False
339,1,5.458283600179917e-05,0.0413549788607786,5698.405864819611,3.0,4.653450497514299e-07,2.75e-06,0.0213615581229982,0.0226850330301291,0.0027666745046823,0.0001431369119565,4.88701195711924e-05,6.7398341763257505,False
102,0,0.0012208133903608,0.0907845223029105,18807.02616190779,2.0,4.732832548208479e-07,2.75e-06,0.0286731010696834,0.0226481834902495,0.0106308864633916,0.000314817355082,0.0001006853010813,6.761898609144447,False
315,3,0.0004560064938709,0.1095414036024067,9161.563895568932,2.0,4.540412623777397e-07,2.75e-06,0.0455524998614795,0.0222688135037875,0.0160256102745139,0.0004508089320925,0.0001858667367443,6.764359459718439,False
406,2,0.0004209508490117,0.0366806665571246,17312.735624928588,3.0,4.6590869674053206e-07,2.75e-06,0.0229512697508599,0.0227518205890354,0.0111041157828035,0.0001594946186555,8.651506901005954e-05,6.765750943208095,False
114,4,0.0001440897996698,0.0567275262617654,8640.401417865716,3.0,4.7355075802365466e-07,2.75e-06,0.0286669107647434,0.0226615183910544,0.0156027608830222,0.0002071217907533,0.0001638631489888,6.765761330081889,False
41,4,0.0010112423020322,0.1784961968170576,19670.21693268649,3.0,4.630829171105734e-07,2.75e-06,0.0329413687843311,0.0226073669302715,0.0125138785947409,0.0002481388977085,0.0001057827930996,6.773557282323925,False
247,0,0.0003052220968765,0.2503181508499376,3975.926687833289,1.0,4.623357776919472e-07,2.75e-06,0.0361383237020178,0.0225603983904645,0.024521462651868,0.0003064459784573,0.0003470146659958,6.77966585807082,False
413,1,7.3110068289959165e-06,0.0161514293221163,9510.093481333864,2.0,4.630034533428722e-07,2.75e-06,0.0223174629369761,0.0228537308645887,0.0005434946815238,0.0001362211700756,1.593951975325092e-05,6.79307416117125,False
373,2,0.0003235538002782,0.2603769168993311,7224.305507907841,3.0,4.6889571663173045e-07,2.75e-06,0.0359480175570522,0.0226146265296802,0.0241860522090815,0.0001725455720952,0.0002776806141818,6.79417728212945,False
146,2,1.374048035911098e-05,0.030402922205331,7339.182519538784,3.0,4.672194226476029e-07,2.75e-06,0.0212257379209488,0.0228756695652139,0.0005728235518287,0.0001467682399851,2.2264451974973116e-05,6.79527016696908,False
68,3,0.0004570161765279,0.070043568258253,13628.02387505812,3.0,4.777276874218836e-07,2.75e-06,0.0313575896907779,0.0227519419595565,0.0149478614820287,0.0002938590255862,0.0001268975403537,6.806571811421051,False
204,3,9.815834108587316e-05,0.0167206672772435,16992.675024866316,3.0,4.7558958115376565e-07,2.75e-06,0.0242458468996887,0.022876629215241,0.0063027799557007,0.0002552739940015,4.986374283926523e-05,6.807792361554418,False
87,1,0.0001322806824983,0.0840921120945968,6611.222711799609,3.0,4.601280387034782e-07,2.75e-06,0.0346195284071258,0.0227073206852686,0.0182423696545991,0.0002567844417349,0.0002203326835982,6.812744905136726,False
15,0,6.25945030578358e-05,0.0173089642919294,10315.384260029128,2.0,4.677633541271185e-07,2.75e-06,0.0209098801720866,0.022940608049446,0.0037438704982837,0.0001363782137849,4.131596165190267e-05,6.813148252667374,False
10,2,0.0001699759734108,0.043651014280458,10586.837481183791,3.0,4.8147332945496e-07,2.75e-06,0.0389509872384936,0.0226230279139779,0.0137511498757926,0.0004302969666628,0.0001304684739702,6.816648715058507,False
85,2,5.641092156369056e-05,0.102271416055245,2269.957090464232,3.0,4.484996675529053e-07,2.75e-06,0.0624783256668328,0.0218799999046126,0.0027060993359986,0.0006726861110385,9.259848856817302e-05,6.817393264654467,False
147,2,0.0002030562936862,0.0865372268619371,6145.160591109965,2.0,4.589465556650706e-07,2.75e-06,0.0346407124404795,0.0227671337435836,0.0187703729620701,0.0002620389447745,0.0002215483744237,6.8302593475725795,False
70,0,0.0003584059557042,0.0960497713572218,5404.186321385025,1.0,4.662546382166616e-07,2.75e-06,0.0276573519080459,0.0229646765173761,0.0189364627569548,0.0001708922361807,0.0002281336317226,6.849282697098855,False
313,4,0.0001614033372812,0.0431267388773657,10248.656288022432,3.0,4.624987553912362e-07,2.75e-06,0.0256423545779975,0.0230432126544338,0.0139327411586975,0.0001588432182127,0.0001331954177616,6.862763048097062,False
291,4,0.0017446722716108,0.181253637677514,21393.736210414405,2.0,4.531818393301006e-07,2.75e-06,0.0315214050529146,0.0229969989457697,0.0105232316985035,0.0002633107524152,0.0001002232365345,6.878915172173363,False
202,2,0.0001887212912129,0.1667850815374108,6454.708959436064,3.0,4.616238275247456e-07,2.75e-06,0.0347011622281325,0.0230202811646922,0.0240631398010368,0.000201866500402,0.0002912587216762,6.9042170422175735,False
154,3,0.0002390569353698,0.2759976781948831,4405.166424470213,2.0,4.616970557246209e-07,2.75e-06,0.0398672924124105,0.0229184692010527,0.0248201366977987,0.0003466177581722,0.0003530153879381,6.908507709815942,False
411,0,0.0001728269758302,0.0803822237599256,7860.200347373242,3.0,4.745525555835767e-07,2.75e-06,0.0407718651185069,0.0229347455880503,0.0190532031985503,0.000328562845634,0.0002102015689093,6.919609821833137,False
43,0,0.0001471231621884,0.0410172892557964,7533.561259203022,2.0,4.56234618604477e-07,2.75e-06,0.0425873375297967,0.0229260525878214,0.0130762082629148,0.000402269414801,0.0001381979055953,6.930348710714561,False
95,1,0.0002662062482418,0.1386428563334802,7708.212353626644,3.0,4.674618380143848e-07,2.75e-06,0.0335630375693603,0.0231450605793708,0.0222308151951819,0.000160916223125,0.0002434172320109,6.9337076691523905,False
192,2,0.0001367156770994,0.0455516381491074,6769.697824414239,2.0,4.467688825883921e-07,2.75e-06,0.0510216274282842,0.0227874027881067,0.0140708369876476,0.000513518168883,0.0001575831892723,6.959480587824914,False
282,3,0.0001338321486073,0.1050321687396709,2722.757461363534,1.0,4.680565481719727e-07,2.75e-06,0.0282070854438243,0.0233566216349298,0.0219309696011673,0.0001931064054279,0.0003669462237766,6.966562413162533,False
251,2,0.0003240670928365,0.0932121671897888,7470.457058971379,2.0,4.6302448422428266e-07,2.75e-06,0.0289828612357447,0.0233444304827015,0.0177594430699361,0.000169950445188,0.0002156606121533,6.966860279192454,False
44,4,0.0001570843078267,0.0186696764116232,18355.200782669657,3.0,4.4331170528424717e-07,2.75e-06,0.0662913609135168,0.0222666099624486,0.0078473131281921,0.0007135346623291,5.850966380233996e-05,6.968530377734707,False
310,2,0.0013115461031431,0.1808927145241592,24504.975697287355,3.0,4.593194973671927e-07,2.75e-06,0.0369901216319569,0.0232083719248077,0.010843274963397,0.0003105019308451,8.99773389056811e-05,6.973189304001164,False
195,0,0.0004282458479854,0.1856558590507893,7462.654010082401,2.0,4.476347018199714e-07,2.75e-06,0.0565198300301795,0.0226838034180281,0.019019876627906,0.0005891732004683,0.0002370032145811,6.981442601406996,False
14,3,0.0003505420402766,0.216539478485427,5919.250901142965,2.0,4.663023376710742e-07,2.75e-06,0.0320326270953425,0.0234352202344787,0.0219719161922818,0.0001735490158653,0.0002884828252296,7.009500688109942,False
63,0,4.04184877838959e-06,0.015438031774023,14090.468905135613,3.0,4.750490420272693e-07,2.75e-06,0.0330046394523555,0.0235549245324106,0.0006634929964187,0.0004267641606633,1.5464318715919135e-05,7.049838456258848,False
0,1,0.0009777699537842,0.1160324556477333,20209.675875901285,3.0,4.7172565388936e-07,2.75e-06,0.0290963556272292,0.0236371317148055,0.0120359561525147,0.0002815476640519,0.0001013618369559,7.0529580976170125,False
311,4,4.063170774637477e-05,0.0369574450662284,2138.7822258434053,1.0,4.667147450811361e-07,2.75e-06,0.0277227613194291,0.0236679726595896,0.0012789131624453,0.0002137395453752,7.576444475904741e-05,7.0552675366978335,False
23,2,0.0003580122364985,0.1888549113880738,4540.987420014497,1.0,4.59433184879484e-07,2.75e-06,0.0419958350795026,0.0234016220126124,0.0239097673383788,0.0003836984237228,0.0003078964841194,7.063297992086669,False
308,0,0.0002786503876763,0.0074604820649893,15524.5881408914,1.0,4.742606815153824e-07,2.75e-06,0.0248231020880367,0.0237502996710361,0.0044626186214065,0.0002860603734677,4.145889135170816e-05,7.06628997030724,False
342,4,0.0011668430507552,0.2228548835712077,10737.078183637204,1.0,4.746670594207546e-07,2.75e-06,0.0317112680063456,0.0236646418451256,0.0118218014331668,0.0003343393830077,0.0001445063925459,7.074636391320908,False
357,4,0.0007038921878004,0.0451040272553314,10766.495271773436,1.0,4.718968634106696e-07,2.75e-06,0.0240603764312611,0.0237989115216332,0.0100090378971407,0.0001888662506433,0.0001116372613335,7.077343869279009,False
24,0,0.0007343519759637,0.299936717526729,9275.980489183992,2.0,4.57499664460764e-07,2.75e-06,0.0395381480752331,0.0235140102951248,0.0184763517407683,0.0003476448597667,0.0002381471022685,7.078628154476503,False
139,4,0.000216957723367,0.0825111852793534,8137.434764411396,3.0,4.604075707962415e-07,2.75e-06,0.0317262196080168,0.0236823039221633,0.0192359170749729,0.0001801428869904,0.0002076745176589,7.07986917309468,False
126,4,0.0006832867170655,0.0210136897347778,20575.909437392755,2.0,4.605128881562048e-07,2.75e-06,0.0302106171566684,0.0237121253536809,0.0080317484507387,0.0002418675321667,6.696719738385729e-05,7.08053447668105,False
388,4,5.001415847358471e-05,0.0967674844317658,2238.0831546038003,3.0,4.616935295305699e-07,2.75e-06,0.0457545268934526,0.0234065015536758,0.0019996200151278,0.0004416767421553,9.192700269588836e-05,7.092954914157981,False
256,3,0.0002522154120511,0.0085878971106124,13978.39642161673,1.0,4.668030337398725e-07,2.75e-06,0.0217196976596208,0.0239736664303873,0.0052558599984904,0.0001514417288166,4.937395838518302e-05,7.119468059087519,False
373,0,0.0002992434374319,0.2281974642099482,5300.844455579936,2.0,4.807221540574474e-07,2.75e-06,0.0502408199685031,0.0234091117216746,0.0234305949756304,0.0005110860423428,0.0003116962017002,7.130416831767385,False
434,1,0.000390957834703,0.124890351426621,5294.722364287825,1.0,4.5102349212799794e-07,2.75e-06,0.0549117336283702,0.0233004148191136,0.0204219687283782,0.0005612278290695,0.0002468374505962,7.141124824184602,False
145,4,0.0003253318213973,0.05134395404973,12253.222966462652,3.0,4.730080940519263e-07,2.75e-06,0.0291011076510461,0.02410543997014,0.0152416555340456,0.0002580623570325,0.0001361933208911,7.1898613368408935,False
67,2,9.597712140572012e-05,0.1246763354577902,2993.3417306179367,3.0,4.6322664853506236e-07,2.75e-06,0.031604461135468,0.024222858928198,0.016851477240232,0.0002180232620898,0.0003017373193781,7.236931342869195,False
64,3,0.0002232450574949,0.0098583712881088,12331.104038208892,1.0,4.546108990854121e-07,2.75e-06,0.040714604809841,0.0240824625150137,0.0058775023241469,0.0003720556066196,5.674852806243006e-05,7.25125236512496,False
41,1,0.000455685988243,0.0859100905515179,6284.492150159162,1.0,4.574941904260426e-07,2.75e-06,0.0361650302090816,0.0242077164431724,0.0173373462910471,0.0002955424777105,0.000210460292949,7.258372667893312,False
264,3,0.0008922460059481,0.1123446909997186,19162.261748913654,3.0,4.466528746309673e-07,2.75e-06,0.0586519163402499,0.0235946888393854,0.0123826380681872,0.0005995307512902,0.0001055055741258,7.26043939160555,False
395,3,0.0001425811483655,0.0645900505111768,7608.206081671445,3.0,4.796407533123047e-07,2.75e-06,0.0425423987467795,0.0241630712240341,0.0179389557591556,0.0004460539517983,0.0002015182665175,7.287268486374983,False
291,3,0.000633751826284,0.1115810508394504,9863.152428337824,2.0,4.58082596240107e-07,2.75e-06,0.0306924461853294,0.0244863742717113,0.0158064574111592,0.000207960928559,0.0002011648105598,7.309138380615988,False
45,3,5.678130506021503e-05,0.0060861876134725,24250.1405381742,2.0,4.588039113737822e-07,2.75e-06,0.0272484481604342,0.0246112026701811,0.0014781971372388,0.0002020505443509,1.9832368402025766e-05,7.3291170468679985,False
188,0,0.0009140514175785,0.1691926275245834,8826.076419691057,1.0,4.651670816936019e-07,2.75e-06,0.0283187664681395,0.024602663112108,0.0137217085385,0.0001759413768414,0.0001727906526368,7.331536281752882,False
493,3,9.262760107644634e-05,0.0152379262502465,6924.566654226152,1.0,4.527744417495002e-07,2.75e-06,0.033085715207102,0.0245435681219024,0.0079910280066885,0.0002686632630223,8.602316803776004e-05,7.33846676342586,False
14,2,0.0002129860998067,0.0340333534769805,8902.115549057027,2.0,4.679383017519333e-07,2.75e-06,0.0241196099239953,0.0246895170814975,0.0126548493943744,0.0001596195263508,0.0001372505392071,7.33878336522349,False
293,4,0.0001585423715715,0.0357415066571568,7736.785758532523,2.0,4.726834636564625e-07,2.75e-06,0.0249119382657507,0.0247291617328998,0.0134644159123671,0.0001836634475205,0.0001445426344385,7.353616754460285,False
316,2,0.0006348930555297,0.1391160325738558,9718.767471711251,2.0,4.702824482815005e-07,2.75e-06,0.0299941843861363,0.0246938250699138,0.0173176625582752,0.0002402377007747,0.0002125140754672,7.366256873384366,False
206,0,4.302727760962967e-05,0.0147178940645446,15379.27886030855,3.0,4.401383822116322e-07,2.75e-06,0.0661641154959176,0.02371183232232,0.0009468471463921,0.0006933870087219,1.9310172400262435e-05,7.371165710499697,False
307,3,0.0004602343688964,0.1362719122940293,9932.61385764531,3.0,4.819569914850263e-07,2.75e-06,0.0381289524683682,0.0245624973951754,0.0203683076111917,0.000360385636892,0.0002012697801353,7.373575776299771,False
186,0,0.0018944554800073,0.156583340376833,21766.794042632533,2.0,4.690549642968569e-07,2.75e-06,0.0225140174664276,0.0248948560234964,0.0107046775277616,0.0001838109215764,0.0001025085279626,7.392885257955513,False
461,2,0.0004280949341206,0.0970464874691598,10497.186784242676,3.0,4.534192054117678e-07,2.75e-06,0.0476466376656528,0.0244538106132787,0.0183242374446515,0.0004434183175171,0.0001776110669857,7.409113075686137,False
0,3,0.000839805946174,0.0440059862227139,23727.38509214043,3.0,4.502967845213014e-07,2.75e-06,0.0394728052603891,0.0246708852091128,0.0101391603977033,0.0003314069818958,7.766596821754587e-05,7.413593635965722,False
15,2,0.0007316819890633,0.1430423328049483,13723.452033806056,3.0,4.586185655752677e-07,2.75e-06,0.0323056765922997,0.0248610804501058,0.0165814117576159,0.0001994152775192,0.0001512362732143,7.426914395580798,False
250,1,0.0012002459751263,0.0707228621812467,12128.95267250843,1.0,4.735791327085061e-07,2.75e-06,0.0252131578842249,0.0250454701917391,0.0091346349840536,0.0001612064557559,0.0001114402781601,7.44760463992245,False
461,3,0.0002223445545199,0.13653085200255,3529.643217087387,1.0,4.61432942860484e-07,2.75e-06,0.038185269988742,0.0248266253190863,0.0256836083215383,0.0002965579031866,0.0003708954140468,7.450658283272041,False
426,4,2.030430968351033e-05,0.0579590295974943,3245.91475385467,3.0,4.818776224529389e-07,2.75e-06,0.0332022574227558,0.0249865954125772,0.0002691390050917,0.0004546927537952,5.3116422282543546e-05,7.4683214661600354,False
67,0,0.0005434585367476,0.2067677759699737,9626.611883308986,3.0,4.659417685018186e-07,2.75e-06,0.0331407675599035,0.0250336009185402,0.0220922329686659,0.0001731953981657,0.0002239988696495,7.481704149740566,False
104,3,0.0002805248689275,0.0310908428716597,14051.959685420248,3.0,4.557121327828737e-07,2.75e-06,0.0374132422025833,0.0249841813960151,0.0122401533142648,0.0003091463069016,0.0001031420069184,7.491719250840067,False
274,4,0.0011849311616285,0.1062059334282538,22912.956787818053,3.0,4.619439494806269e-07,2.75e-06,0.0278215634620818,0.0253256915646757,0.0112237840600009,0.0001560923135299,9.848223401653178e-05,7.540910289565873,False
28,4,0.0003020989074132,0.2035235635835259,5029.150277665905,2.0,4.7109231523197554e-07,2.75e-06,0.034523592307051,0.0252451746010583,0.0247760741620221,0.0001845896205649,0.0003361940201133,7.5509543682886635,False
456,4,0.0001710609068912,0.1192797034613524,6415.478398464388,3.0,4.626196944088938e-07,2.75e-06,0.0378822182476202,0.0251852786411773,0.0244678511018968,0.0002529249399938,0.0002954556471057,7.553038446410981,False
188,4,0.0002272668589305,0.1272914465488151,6680.249761574393,3.0,4.651388807627278e-07,2.75e-06,0.0351526558978912,0.0252784001997302,0.0242378663930336,0.0001811114468952,0.0002870194048262,7.564154339108559,False
202,3,0.0011303312227027,0.1286081031205528,14115.678336825482,2.0,4.5421463219147467e-07,2.75e-06,0.0467950009267742,0.0252350835874507,0.0132180765693782,0.0004282898617047,0.0001568294572315,7.627741583666496,False
244,4,0.0018988445583774,0.1364133161757199,22130.66037995081,2.0,4.809623640043145e-07,2.75e-06,0.0358416258524922,0.0255002860310301,0.0108698871774539,0.0004664623940304,0.0001009251811362,7.632704842562864,False
409,2,0.0001597296185807,0.092561246788275,3123.34985932394,1.0,4.6726437548666914e-07,2.75e-06,0.0302506567904887,0.0256403026365449,0.0242892104810441,0.0001970871014186,0.000371665326899,7.644246907490373,False
392,3,0.0003380109119155,0.064098994463517,5392.748365821933,1.0,4.755771417775149e-07,2.75e-06,0.0291277328845406,0.0256748229952419,0.0187294453027898,0.0002803987221717,0.0002369384940111,7.649060404266661,False
272,3,0.0011798604813617,0.1229163814814958,14525.13140579179,2.0,4.625586740057888e-07,2.75e-06,0.0282731270277104,0.0257134250980838,0.0130213771515672,0.0001933690585499,0.0001556358107685,7.656475444583764,False
72,4,0.0001762054511557,0.1817731794636551,3923.099888988285,2.0,4.6791190890192206e-07,2.75e-06,0.0354259310637393,0.0256467681920927,0.027127099031814,0.000191955308137,0.0004077618557785,7.673040289267837,False
359,3,0.0006047894836016,0.2779941813871023,7721.402923602029,2.0,4.572743065659296e-07,2.75e-06,0.0361521931749815,0.0256561133394425,0.0208757289057898,0.0002572839937936,0.0002912846278334,7.679868699401712,False
463,2,0.0001343755456849,0.0310593898286042,4755.676789593069,1.0,4.547518152247086e-07,2.75e-06,0.0439397814607011,0.0255605814905306,0.015144524179073,0.0003861285909824,0.0001857960912943,7.701299427965494,False
30,3,0.0008352285244054,0.1427137376275839,10881.49803450749,2.0,4.5843860288643393e-07,2.75e-06,0.0311823154894364,0.0258636279266238,0.0162178323765431,0.0002151927742954,0.0002110757308945,7.714068277282066,False
123,3,0.0007172060366171,0.0694789692636866,8755.423066943076,1.0,4.715369032521717e-07,2.75e-06,0.0264829345416109,0.0259864075311697,0.0127470729520025,0.000218705425649,0.0001606570037009,7.728736918087283,False
3,1,9.35114591030722e-05,0.1332429530951909,2687.15285020704,3.0,4.52550575189549e-07,2.75e-06,0.0665120018275039,0.0249824680995123,0.0169054581699352,0.000674558028582,0.0003082085848019,7.7320833043520265,False
459,2,7.139773944793788e-05,0.0024996870960761,23172.068585141325,1.0,4.789120008074083e-07,2.75e-06,0.0216911268458798,0.0261223083947625,0.000519316611465,0.0002404524802855,2.050402346715681e-05,7.750546407568422,False
430,2,0.000651709627767,0.2557620888074105,7891.837510351468,2.0,4.732876620945266e-07,2.75e-06,0.0320139697539712,0.0260452660421513,0.0203246497303292,0.0001875504133579,0.0002863114353525,7.771275059669256,False
277,2,0.0002600785234704,0.0863141989351492,8029.524494539016,3.0,4.693584050948172e-07,2.75e-06,0.0342617332613861,0.0260186527431046,0.0218676870325771,0.00018784920404,0.0002319659542311,7.775122284788726,False
379,2,0.0001282450730122,0.0163066683776651,6849.050517898198,1.0,4.731700435370078e-07,2.75e-06,0.0216197180432157,0.0262735095036066,0.0100043258160885,0.0001956425618419,0.0001102862944105,7.794742734140625,False
231,2,0.0001475209573161,0.234735730547388,2955.7899379767296,2.0,4.730944746458324e-07,2.75e-06,0.0367975286161617,0.0260651319304381,0.0286633189665233,0.0001871919497015,0.0004951682630069,7.802697915688766,False
365,4,5.571225515068994e-06,0.0103574622080838,18779.272604061916,3.0,4.638426818679449e-07,2.75e-06,0.0210263928073426,0.0263287926522684,0.0004775336306092,0.0001602410904042,1.4472743020251908e-05,7.8090269959208065,False
54,3,0.0003826569860602,0.2989771238645677,6497.796953639612,3.0,4.569006051331883e-07,2.75e-06,0.0390022099176807,0.0261177552196475,0.0277335353279973,0.0002411286823145,0.0003369315880226,7.830974699055131,False
232,1,0.0084644796449772,0.1730125980662188,18021.829741533416,1.0,4.546424257150546e-07,2.75e-06,0.0337892044249048,0.0262397935931048,0.0046406471413304,0.0002538871778096,7.4231342092333e-05,7.837168991372293,False
322,3,0.0002452030348021,0.15359889323562,6238.538485551517,3.0,4.7320110955301926e-07,2.75e-06,0.0411070105664597,0.0262320471375243,0.0264779726773005,0.0002327049829332,0.0003271151780374,7.8772024141336985,False
101,1,0.0003755797173588,0.2686191647817811,3740.683645747861,1.0,4.695398113298197e-07,2.75e-06,0.0347312380768965,0.0263895442206907,0.0285772890458323,0.0002682394982547,0.0004166121431548,7.885854428674955,False
344,3,0.0010103008997128,0.0501054775086527,23287.975399371728,3.0,4.661779825789175e-07,2.75e-06,0.0278391559698062,0.02659799035468,0.0107412510970972,0.0001526558189583,8.78433272965908e-05,7.913716346571469,False
443,0,0.0001925338879846,0.0198392681458579,15119.771988876102,3.0,4.665161839353584e-07,2.75e-06,0.0232276015098642,0.0266622424665336,0.0101098158315567,0.0001474885116994,8.307246092967252e-05,7.914528307205733,False
245,1,0.0010256457397392,0.1690322431450909,11681.490104933047,2.0,4.754148029794482e-07,2.75e-06,0.0276846561363679,0.0266498586887842,0.0160917115373159,0.0002790210086222,0.0002105090333495,7.928261484612411,False
153,0,0.000115700236442,0.149100885557683,3274.9335834526864,3.0,4.5382177384682473e-07,2.75e-06,0.0447621933525873,0.0263269469213666,0.0232496345919118,0.0003655756500251,0.0003951471930236,7.928795811089365,False
183,1,0.0002978458895373,0.1035674753024043,7644.007312025808,3.0,4.600259527980676e-07,2.75e-06,0.0359886204862239,0.0265145165632658,0.0228156180609404,0.0002170529414768,0.0002548796663609,7.929124749484636,False
207,4,6.334128385353153e-05,0.0554289277775533,3944.625304638012,3.0,4.451384895452409e-07,2.75e-06,0.0604709737838652,0.0259474412027168,0.0050689170108954,0.0005903379694783,9.662226100620636e-05,7.946089304695028,False
213,3,0.000557388576448,0.2094503967439156,8946.844483656783,3.0,4.6560098506398483e-07,2.75e-06,0.0343321298248536,0.0267328895703183,0.0230766542790382,0.0001654781318779,0.0002449591289207,7.983963896850615,False
19,3,0.0007487480113583,0.2260468445809679,8597.101256663525,2.0,4.705544474396357e-07,2.75e-06,0.03005092404354,0.0268097124262638,0.0200965657567264,0.0001818928122784,0.0002763146413993,7.985495150233991,False
435,2,0.000768072813729,0.2537527655315144,6203.82890385169,1.0,4.6340912707961146e-07,2.75e-06,0.0308880272762366,0.0268192194881642,0.0196437859674606,0.0001911267118003,0.0002699987405466,7.992148798277466,False
331,3,0.0002000735405371,0.2740253119322264,3581.152101411912,2.0,4.653308383313232e-07,2.75e-06,0.0379200877600786,0.0267039352109903,0.0302851657275273,0.0001962177642476,0.0004819343264224,7.995191889371289,False
362,4,0.000760005331827,0.2965663553121775,11253.723345424469,3.0,4.5796750064881284e-07,2.75e-06,0.0397565553678984,0.0267558486959547,0.022540136843962,0.0002740654602515,0.0002154204427055,8.02110039236197,False
341,4,5.0258518774107066e-05,0.0897565886167964,2092.5914224606427,3.0,4.7014769001339895e-07,2.75e-06,0.0246404535137088,0.0270430246748152,0.0017863717179758,0.0001492716066743,0.0001152356667636,8.031495676077913,False
150,1,0.000324032168966,0.2356961585954793,4614.303612877475,2.0,4.64254453134651e-07,2.75e-06,0.0353900959211291,0.0270636648488376,0.0270759232321957,0.0002010948894944,0.0003940154591985,8.086082883620051,False
471,2,0.0002291090688645,0.2011622274493062,3096.8679573864747,1.0,4.569933873501317e-07,2.75e-06,0.0510918548516575,0.0268197156833588,0.0300725712257759,0.0004598710849923,0.0004759902339464,8.116959888359897,False
83,4,0.0010244373699246,0.2243512733449173,10793.907740731418,2.0,4.806659281089171e-07,2.75e-06,0.0308713593795465,0.0273637511197161,0.01788388556868,0.0003484708603733,0.0002403078301178,8.151432981058008,False
169,1,0.0003321285671008,0.0283903601223118,11095.194859576535,2.0,4.565245964128014e-07,2.75e-06,0.0339776255304829,0.0273492526579717,0.0123545981210737,0.0002390965552129,0.0001362363318628,8.162164845512489,False
75,2,0.0002402804519833,0.3006791907392107,5292.912650496533,3.0,4.570337804097649e-07,2.75e-06,0.0531074739497233,0.027027363216253,0.0312969730399479,0.0004625115420272,0.000415917071013,8.19235336609995,False
141,0,0.0001070402354182,0.0139099245916702,11691.882342349389,2.0,4.7252159250828806e-07,2.75e-06,0.0229646277040081,0.0276182332947242,0.0069219436657564,0.000294833496277,6.648476384905364e-05,8.19449701453545,False
382,1,0.0031143801992495,0.2245710406606668,13485.339686364578,1.0,4.702262023428723e-07,2.75e-06,0.0260684958223344,0.0276242804648293,0.0080401571402763,0.0001845765279337,0.0001317901694104,8.207523594148027,False
388,1,0.0026648008895695,0.1986492015646941,12988.88208112018,1.0,4.648169495522815e-07,2.75e-06,0.0315066655779716,0.0275540220725913,0.0083080962190886,0.0002068511945709,0.000134865408641,8.210057561074883,False
0,0,0.0014098642539448,0.1818290128214931,14532.313208928628,2.0,4.6833317944085974e-07,2.75e-06,0.026131437795461,0.0276792499240272,0.0141241547752956,0.0001744007235654,0.0001791557736532,8.223898351093466,False
389,2,0.0013000811828923,0.0986384013165963,15342.824161803086,2.0,4.837692031043577e-07,2.75e-06,0.0268637241391417,0.0277660297515503,0.0132600173538726,0.0003145233041677,0.0001471295442632,8.2522182172073,False
487,1,6.144187329175126e-05,0.0257319165232632,7747.739437694416,3.0,4.6467959392925836e-07,2.75e-06,0.0243913899702432,0.0278552521740414,0.0041535723268056,0.0001436466276303,5.833371144681e-05,8.269110171588288,False
445,4,0.0016030852830964,0.2548777371032481,22879.101077020317,3.0,4.6025107860787245e-07,2.75e-06,0.0326514049223879,0.0277943061681565,0.0124056094607959,0.0001830770189837,0.0001186023729434,8.285755629967452,False
187,0,0.0007781796019489,0.0224507789466475,18201.515121711287,2.0,4.446748773875874e-07,2.75e-06,0.0535091665683839,0.0273553043197125,0.0093416730304794,0.0004864122457756,8.974525198722006e-05,8.28985314657724,False
51,1,0.000239936098148,0.1473387373938521,6009.897878554789,3.0,4.6943409280892987e-07,2.75e-06,0.0411028576606712,0.0277702686312932,0.0281216026375911,0.0002185635897097,0.0003527972065032,8.324246105421485,False
322,1,0.000168038500001,0.2972028214966845,3053.160920594248,2.0,4.563317766425254e-07,2.75e-06,0.0445551591333119,0.0277070497409609,0.032084130827575,0.0003276166454312,0.0005478218192861,8.327413472476877,False
74,2,0.0005528366512743,0.0759057266381588,12205.70430050433,3.0,4.68170958600916e-07,2.75e-06,0.0293667441359214,0.0279982319172671,0.0177196932123854,0.0001597482231243,0.0001695153379241,8.330595829842053,False
185,1,0.0004457153656677,0.2087970937463936,5874.489938080075,2.0,4.715736450561785e-07,2.75e-06,0.0342617323724957,0.0279251357537141,0.023899571313321,0.0001974079390389,0.0003524046507263,8.331868591368815,False
470,4,0.0008171526325928,0.0553444484220724,18483.65034499988,3.0,4.679876268779567e-07,2.75e-06,0.0256724292181642,0.0280785641051111,0.0125982456343279,0.0002332305713632,0.0001153246177903,8.339369601888398,False
491,3,5.605255233812952e-05,0.0176942932926202,7802.2186919842,2.0,4.698793573411257e-07,2.75e-06,0.0205881433981169,0.0281490835320635,0.0036896071358251,0.0001749078906625,5.278384278927101e-05,8.342999929053926,False
397,1,0.0010434437146807,0.0575241203414469,15125.71948832102,2.0,4.773239787071291e-07,2.75e-06,0.0251034993874185,0.0281622842994056,0.0126159793371746,0.0002735018813758,0.0001362079040576,8.361855139527362,False
423,4,0.000438356366189,0.0533791964395766,6249.0360973079,1.0,4.748240532822033e-07,2.75e-06,0.0264446816751052,0.0281472572194723,0.0169128386710839,0.0002049547767486,0.0002222064705599,8.362455719224144,False
28,3,0.001112846227783,0.0283024379161043,19798.125847543623,2.0,4.738611325427578e-07,2.75e-06,0.0240449264242712,0.0282060695889354,0.0098565632301331,0.0002910998563387,9.510473157371704e-05,8.37094663708821,False
136,2,0.001385517235816,0.2656932244820568,12755.072737163206,2.0,4.701811305892417e-07,2.75e-06,0.0260392547996378,0.0282419410440671,0.01597772796348,0.0001826778876452,0.0002213383957492,8.388707798602645,False
260,2,0.0001787960361542,0.1389091087461487,3718.1790610266735,2.0,4.732154442029432e-07,2.75e-06,0.034565217598733,0.0283841484723594,0.0281710285079599,0.0001957337730731,0.0004311446116426,8.467531637639311,False
57,2,3.490165923934779e-05,0.0067579113164732,18590.22537819808,2.0,4.631097467283201e-07,2.75e-06,0.0263403728757373,0.0285958744786247,0.000580542842586,0.0001601857882177,1.7772949139755752e-05,8.49374185596693,False
267,2,0.0018323308522584,0.1988151922065325,11393.726743538313,1.0,4.742767105851772e-07,2.75e-06,0.0275819402384457,0.0286251218969876,0.0106763708708361,0.0002452343936793,0.0001633209838734,8.507100213255713,False
219,1,0.00054380673541,0.2512986303386499,7809.910440643506,3.0,4.591564417246391e-07,2.75e-06,0.0426083067850988,0.0284306098087783,0.026094931785213,0.0002825945798743,0.0002977550698223,8.52536677980984,False
182,4,0.0001288540626231,0.1212828427001331,4132.434911184928,3.0,4.532758101904052e-07,2.75e-06,0.0594238350378703,0.0281269312209212,0.025583025780167,0.0005368246093124,0.0003825459634509,8.559472823370173,False
255,4,0.0001873917937635,0.0391278960697759,6728.508033863477,2.0,4.588396127217714e-07,2.75e-06,0.040848652945044,0.0285944297596343,0.0162942903866619,0.0003098952244773,0.0001991393601557,8.56261577866153,False
476,3,0.0004113852124723,0.0162852757437755,21202.106122958197,3.0,4.747285060474858e-07,2.75e-06,0.0272671926116009,0.0288498452759075,0.0087462634977149,0.0003968564493763,6.947814008783574e-05,8.571816889805623,False
122,2,0.000230644635293,0.0999088230077563,6268.078425059649,3.0,4.670980979771427e-07,2.75e-06,0.0355906104987731,0.0287560386063083,0.0258534776414533,0.0001895267565715,0.00031785628611,8.581329930738459,False
277,4,0.0001697461607804,0.0729195457878094,6537.252684428651,3.0,4.605388832893377e-07,2.75e-06,0.043905122750012,0.0287360097933769,0.0231131230914562,0.0003253111127523,0.000276045108861,8.622078750985729,False
304,1,5.513236519350182e-05,0.0576347011884343,3160.6655261282094,3.0,4.665219365938361e-07,2.75e-06,0.0283615549526704,0.0290264241571441,0.0028915455895944,0.0001705383490984,9.854682207936944e-05,8.627918661261306,False
100,4,0.0010493627602751,0.1900551809426128,15382.370425171892,3.0,4.6924138426142404e-07,2.75e-06,0.0304598107917016,0.0289975905246251,0.015772134961382,0.0002552808218776,0.0001737779361387,8.6281369446269,False
416,4,4.178170927220669e-05,0.0423137441326005,2912.0694182623665,2.0,4.562117201662e-07,2.75e-06,0.0558459937965226,0.0285610275558606,0.0016162829543444,0.0004978273519419,7.996962702337656e-05,8.655070479206799,False
428,3,0.0005636957786764,0.2841946475323189,6134.167911059376,2.0,4.753376191051031e-07,2.75e-06,0.0350080665893867,0.0290533266500241,0.0249184175797904,0.0002054400605023,0.0003783051609888,8.665328222631855,False
215,1,0.0003794980065858,0.1253289420983288,5927.180607096549,2.0,4.491585012811997e-07,2.75e-06,0.0459824078213875,0.0288718526591491,0.0231503216663798,0.0003614824013886,0.0003341201903268,8.674618519147174,False
338,3,0.0013207557997385,0.2937290771953548,11474.710644327884,2.0,4.741161080850708e-07,2.75e-06,0.0266465706356062,0.0292463286231134,0.0172848276842189,0.0002657834906481,0.0002604005176832,8.685848564485147,False
367,4,5.2234336009017615e-05,0.0514343572778382,2613.8503004141216,2.0,4.4682026406191353e-07,2.75e-06,0.0708913454643831,0.0282691342635677,0.0035880428819389,0.0006902141588877,0.0001040239613492,8.70493031867973,False
243,2,0.0001675912753649,0.0518715314533859,7462.846536634476,3.0,4.571071862240909e-07,2.75e-06,0.0364287160332741,0.0292719341924557,0.0207165622116338,0.0001986964085474,0.0002319020363545,8.736289072532815,False
364,4,0.000131424571837,0.0255125913648884,10499.59019235269,3.0,4.754139381464431e-07,2.75e-06,0.0271731699345438,0.0294117762005595,0.0123435858566243,0.0003349554272927,0.0001198203925303,8.736392518916073,False
417,3,0.0001520792776243,0.0444927403974856,3678.01641357622,1.0,4.721882005914304e-07,2.75e-06,0.0297463018466414,0.0294546056404875,0.0210963580795622,0.000194638205391,0.0002948911960207,8.759108342490482,False
438,1,0.000978559366228,0.0295504689023908,24361.59826034184,3.0,4.690657322269663e-07,2.75e-06,0.0241194790329629,0.0295917746713741,0.0103523218035461,0.0001851372865804,8.440306286249314e-05,8.77842292275598,False
143,4,0.0002520149238275,0.0138885057731939,18648.401308436376,3.0,4.754506413904164e-07,2.75e-06,0.0223603338952883,0.0296334152124599,0.0085981454149048,0.000288952813592,6.947844485567351e-05,8.785021892029967,False
484,3,0.0002815636447789,0.1652142667362826,4335.725988016449,2.0,4.6444798126597765e-07,2.75e-06,0.036044430645016,0.0294788561219751,0.0285233048253457,0.0002064174758186,0.0004218452620911,8.79482841320678,False
380,3,8.27067791806943e-05,0.0169389014008921,8606.697807510063,2.0,4.74532231812777e-07,2.75e-06,0.0227143026936462,0.0298373491455728,0.0074092976607808,0.0003188406660372,8.076547524352638e-05,8.846099677788205,False
248,2,0.0010288240893626,0.1124176438222379,16988.32513684142,3.0,4.7580308806636354e-07,2.75e-06,0.0301996948578029,0.0298067654877949,0.0147030641924453,0.0003252046269788,0.0001487561178185,8.864235547008255,False
183,2,0.0019257800068596,0.1277618755457089,19247.93729563803,2.0,4.829617877217003e-07,2.75e-06,0.0345451011869383,0.0298912985316623,0.0126998291343406,0.0005079436022837,0.0001355555672834,8.90818902736333,False
350,0,0.001275657154965,0.2694260583016064,8514.955420145587,1.0,4.5967632219950214e-07,2.75e-06,0.0388950947983803,0.0298344304327267,0.0143323212915293,0.0002673810085698,0.0002247773282716,8.913305890808072,False
138,2,0.0001050559076226,0.0583414531368824,5120.80224476663,3.0,4.576213796984619e-07,2.75e-06,0.0415824751561101,0.0298547744942888,0.0176024994834008,0.0002901950927417,0.0002405258410942,8.933931850385825,False
457,4,0.0002993972595943,0.1657338936502271,3189.942642338374,1.0,4.783635601080874e-07,2.75e-06,0.0346148283009591,0.0300429122765302,0.0314698807781476,0.0002266758109048,0.000484552936411,8.952877598324198,False
8,4,0.0001274462680998,0.2396723675286929,2736.1875977933264,3.0,4.58389904490321e-07,2.75e-06,0.0439271232151902,0.029886046492873,0.0326947280898567,0.0002744988635753,0.0006114409784114,8.956625130643534,False
148,0,1.961004643147253e-05,0.0484818167312236,3436.237894813583,3.0,4.667204946046414e-07,2.75e-06,0.0242940240252951,0.0303208041961395,0.0005629939567234,0.0001337169157664,6.707532933998175e-05,8.993303757612738,False
433,2,0.0004465727566953,0.1862930377211656,6970.940713083067,3.0,4.640352270822102e-07,2.75e-06,0.0388290540543024,0.0301198830371171,0.0283197048811699,0.0001920006932775,0.0003348210713989,8.99628164005276,False
237,4,0.000656622162199,0.1484737447118824,5564.612500675805,1.0,4.564044454430473e-07,2.75e-06,0.0462500998624245,0.0302130397359078,0.0214640667723823,0.0003538083102391,0.0003121159562259,9.06579872654956,False
169,0,0.0002657744978624,0.2013782141968315,3803.144303549281,2.0,4.6712637685319126e-07,2.75e-06,0.0395849585394419,0.0303536781427902,0.0308054680764407,0.0002241876688059,0.0004782055366944,9.06850421800318,False
465,0,0.0001838510637689,0.2432133882999403,3061.1223737984865,2.0,4.70608855624521e-07,2.75e-06,0.0403684733144147,0.0303428745905867,0.0345346838618066,0.0002197421171755,0.0005831991880969,9.069539549895095,False
211,0,0.0002854145968356,0.2918976910756442,2745.229394117552,1.0,4.741772400416531e-07,2.75e-06,0.0377339236220748,0.0304385420565962,0.0355859124766082,0.0002359815152442,0.0006121731915831,9.083726459160857,False
403,3,0.0011871952904003,0.0654569627776555,20897.10829377507,3.0,4.774605660858929e-07,2.75e-06,0.0290698838850515,0.0306317432459443,0.012786885355119,0.0003687172931386,0.0001177762017041,9.101709532904293,False
336,0,0.0004028328371058,0.1458002891968662,7298.739226282409,3.0,4.63304594956571e-07,2.75e-06,0.037458283781719,0.0305217017895373,0.0276990622101756,0.0001671159340185,0.0003205654259195,9.106645465516953,False
34,0,0.0001441598620489,0.0051672544960656,23531.64632995324,2.0,4.577075562526972e-07,2.75e-06,0.0357732908260609,0.0306281730650111,0.0034769232006555,0.0002343965193652,2.916563831918978e-05,9.129571947558421,False
165,1,0.0002045836047345,0.1506422353403091,4881.402518338358,3.0,4.677498280449121e-07,2.75e-06,0.0427537434592773,0.0305730812137397,0.0315273877061562,0.0002302693311487,0.0004435203105292,9.149848257578954,False
384,2,2.7561673167194207e-05,0.0096724252268998,11863.986489722874,2.0,4.600169034354143e-07,2.75e-06,0.0348987793492947,0.0308525711273548,0.0003336985194199,0.0002177016456742,2.134992007167491e-05,9.191143525077045,False
372,1,0.0015875495012837,0.1474398577594906,14900.827826151322,2.0,4.773702138216081e-07,2.75e-06,0.0244717085977383,0.0310805759307468,0.0145329164260406,0.0002732991011957,0.0001859932522526,9.21725608916595,False
9,2,0.0019164194702649,0.2305055186909237,10629.814933881273,1.0,4.7318070834463926e-07,2.75e-06,0.0294372330383256,0.0310222023719422,0.0115403286937903,0.000277045497858,0.000193254871858,9.217715527328272,False
108,3,0.0015028893816388,0.2040394716360537,19592.66883884248,3.0,4.636556817917369e-07,2.75e-06,0.0312447750997739,0.0310724481582234,0.0140307087366646,0.0001556659303945,0.0001498611598552,9.239660417428134,False
156,1,0.0005649049324557,0.02189023553739,9036.233854729537,1.0,4.736090199342442e-07,2.75e-06,0.0239499888371583,0.0312242168380273,0.0103076069494695,0.0002317561584529,0.0001399260362705,9.257836814249544,False
444,2,0.0069907001399718,0.0207820620719051,16190.930583880618,1.0,4.630291235972288e-07,2.75e-06,0.0266125628865826,0.0312570002109093,0.0033417926598542,0.0001507215628337,6.738389428801997e-05,9.276280781783957,False
389,3,0.0003297830958805,0.1510302957723219,4561.970745562231,2.0,4.628147094355657e-07,2.75e-06,0.0437033845418826,0.0310375158859831,0.0276162328022589,0.0002866895010297,0.000423078209377,9.290549657361716,False
146,4,0.0021216797365401,0.295630498347751,11028.050503492315,1.0,4.413650544512371e-07,2.75e-06,0.0610016226658764,0.0306422234872831,0.0110236071898087,0.0005423432420117,0.0001984938548067,9.294322660145724,False
211,2,0.000641812657542,0.0921233330613047,11306.692113105571,3.0,4.585677392810293e-07,2.75e-06,0.0417668884416123,0.0311222242940725,0.0195369678306059,0.0002607152512862,0.0002063166396576,9.304448166423665,False
458,1,0.0006987706844205,0.1590307432106905,10114.999560422362,3.0,4.6368412822855794e-07,2.75e-06,0.0340522155256347,0.0312720740024516,0.0229719638571361,0.0001688739974074,0.0002483819160493,9.310145210896932,False
62,1,0.0002478473184251,0.0091204920540983,23249.603542765337,3.0,4.586718192437578e-07,2.75e-06,0.0260171793518285,0.0313820611045536,0.0065041848956991,0.0001413441285651,5.179160211991579e-05,9.310985978159772,False
99,1,0.0055341969595594,0.1931804332228875,13353.160540501707,1.0,4.6305036676718644e-07,2.75e-06,0.0315098963872736,0.0313239363233817,0.0067823055669843,0.0001651876784287,0.0001196993124938,9.314492781311987,False
191,4,0.001777380981233,0.2572944236251928,21491.201933038305,3.0,4.591736878958586e-07,2.75e-06,0.0395862062289327,0.0312563292283664,0.0135178306420069,0.0002441754598177,0.0001379210283059,9.332045393366986,False
49,4,0.0001156685368743,0.2050193071688983,2170.8476641208244,3.0,4.686503400729554e-07,2.75e-06,0.0417333824381059,0.031275416936219,0.0309322806732205,0.0002330214314971,0.000640839387731,9.348949634734224,False
116,1,5.8745702124083626e-05,0.0157668118236022,11409.585748253796,3.0,4.587402062067918e-07,2.75e-06,0.0376505968800599,0.0313775544224794,0.0028553267085487,0.0002438360642539,4.134654759360268e-05,9.357770322223114,False
298,1,0.0008325228767799,0.1398608202810495,9048.461095010103,2.0,4.768000939295794e-07,2.75e-06,0.0315699154405916,0.031507970652103,0.0208280850329019,0.0003231210711934,0.0002931887612155,9.368705107753136,False
144,4,0.0014228411659071,0.0459186701076857,24984.095963208496,3.0,4.5847380263649314e-07,2.75e-06,0.0330020985758824,0.0315193738562494,0.0119151851897163,0.0001717355153065,9.857198540249809e-05,9.378029393499437,False
194,2,1.206822680508064e-05,0.0191043329786088,3007.798081992184,1.0,4.577192739740228e-07,2.75e-06,0.0425144225802493,0.0313753813921218,0.0005855239043707,0.0002989151954195,5.228334853711231e-05,9.382363226498024,False
104,1,0.0009738703050202,0.0780687818418257,11672.456241147063,2.0,4.505682758263815e-07,2.75e-06,0.0558530183573219,0.0311963142835684,0.0155206196815857,0.0004614223494834,0.0002040122310676,9.415022584472776,False
474,2,0.0016623049767096,0.2960236801533508,13119.522463749068,2.0,4.706324409314133e-07,2.75e-06,0.0299728950199771,0.0317051888109087,0.0165342923392481,0.000194532565186,0.0002379749573553,9.420218692289623,False
416,3,3.525295015221052e-06,0.0047505151798845,21792.13252107439,2.0,4.718726734922915e-07,2.75e-06,0.021192857103292,0.0318978019297389,0.0006154261531403,0.0002192591373859,1.4793832341621908e-05,9.447964844892608,False
19,0,0.0001393062963944,0.0750813919498981,5177.02881195535,3.0,4.614471456845448e-07,2.75e-06,0.037891989368009,0.0317375673670471,0.0257365941067071,0.0001939505763529,0.000348610051871,9.46420994254116,False
301,3,0.0003520785513673,0.2130916648701969,2984.212552831572,1.0,4.580927466165098e-07,2.75e-06,0.0503655846632791,0.0315403898318388,0.0333712053472005,0.0003938192460288,0.0005454679284951,9.477243984595995,False
57,4,1.305032294095617e-05,0.0319764106818764,5132.70207153143,3.0,4.4052786379719773e-07,2.75e-06,0.0772988861159666,0.0307912246310378,0.000440104783729,0.0007341022509582,4.613577658162241e-05,9.48237721470454,False
428,1,0.000241876882354,0.0210173172552057,13329.237707241302,3.0,4.574524137785612e-07,2.75e-06,0.0476490798833905,0.0316464104610976,0.0126673914764364,0.0003529893701707,0.0001155313783485,9.491019568426587,False
80,0,0.0017283968649487,0.081960691321885,17513.08311784682,2.0,4.665442538760757e-07,2.75e-06,0.0313191418887283,0.0322267397213719,0.0131114024864409,0.0001755018361836,0.0001488079760823,9.578518484199616,False
187,4,0.0008700178097742,0.0204158321918921,23894.925465783308,3.0,4.635671515150495e-07,2.75e-06,0.0226992898073884,0.0323644255267037,0.0104426515320491,0.0002217293822656,8.701809473843932e-05,9.589520260580917,False
379,3,0.0001068437782966,0.0459711098760226,2609.5293755266416,1.0,4.548628738740778e-07,2.75e-06,0.0528803604251069,0.0318744838275248,0.0207733109261936,0.0004100944549773,0.0003478465269114,9.590638760730842,False
346,1,0.0005935285659516,0.1010538041875174,10103.665763794634,3.0,4.62070118923456e-07,2.75e-06,0.0368753433481209,0.0321894795581403,0.022084824102465,0.0001832582600673,0.000236840434345,9.591566670108236,False
233,0,0.0003751086718303,0.1056716472481832,5413.746840314861,2.0,4.66306974830887e-07,2.75e-06,0.0337150215892156,0.0322658801330026,0.0244335512604136,0.0001854388119337,0.0003783602870247,9.599846223036751,False
479,2,0.0024507137377734,0.2430334845384008,10887.759481296764,1.0,4.63606904751078e-07,2.75e-06,0.0318196356576103,0.0322967721226148,0.0106267096904607,0.0001924579776173,0.0002007719449432,9.601059762250285,False
264,2,0.0005729667095846,0.0897900796324883,9961.439199697748,3.0,4.568390904097479e-07,2.75e-06,0.0385399082016585,0.0322431890071578,0.0211321676370506,0.0002028484354602,0.0002354817337827,9.61520231716329,False
11,0,0.0013793288205875,0.1270610813763182,13164.823257858996,2.0,4.6194939959622773e-07,2.75e-06,0.032651904509384,0.0323378381711073,0.0155779702299235,0.0001826224609028,0.0002169209230751,9.616488561911714,False
157,4,0.000251318710512,0.1723540354246671,3602.9823402989737,2.0,4.57401473320086e-07,2.75e-06,0.0527561722187181,0.0319921476723183,0.031954837274588,0.0004009397613911,0.0005032848227695,9.623913259205308,False
128,0,5.488124599742998e-05,0.0404225434520461,2956.649206196809,2.0,4.703891316511026e-07,2.75e-06,0.0274428883456193,0.0324468316328113,0.0052632578613097,0.0001429617504462,0.0001243511780316,9.628758931944509,False
443,4,0.0004983420232044,0.0742822054095765,10008.73087955187,3.0,4.4499842273796636e-07,2.75e-06,0.0705050297814195,0.0316225679331702,0.0204217229160194,0.0006349006524349,0.0002195303920117,9.655169946415736,False
190,1,0.0042469358945902,0.2841376760412318,12291.698773236669,1.0,4.517859176690626e-07,2.75e-06,0.0570445135732438,0.0320646963098915,0.0087051113959968,0.000472326818337,0.0001582778514592,9.674494785632186,False
205,2,0.0001569937113621,0.0798170645441004,2503.1845613218784,1.0,4.581744563213322e-07,2.75e-06,0.0543410825936809,0.0322212484658262,0.028848730206298,0.0004226700068274,0.0004874164606213,9.70094264663862,False
428,4,0.0007707633117793,0.0851240206590182,13070.366779556902,3.0,4.5755604293739486e-07,2.75e-06,0.0449925356835833,0.0325153862840274,0.0178435599178878,0.0002859291473242,0.0001927238289008,9.728446661525512,False
104,4,0.000706187554491,0.0792019882134226,8848.195524122326,2.0,4.686924950734034e-07,2.75e-06,0.0294722167225811,0.0327976382007006,0.0188043912279949,0.0002325995546355,0.0002752269011559,9.7390350653666,False
31,1,0.0006104802114622,0.0592857966247061,12273.168131373728,3.0,4.67283194630836e-07,2.75e-06,0.0322088767129293,0.0328168391396125,0.0176570090457392,0.0001608308994686,0.0001873396986448,9.755169365076927,False
280,3,0.0005021857298293,0.1198279846819065,7791.254415121859,3.0,4.743507772886385e-07,2.75e-06,0.0371556503512407,0.0327925455720034,0.0255897318525996,0.0002494851715704,0.0003019931901458,9.769360002788124,False
332,4,0.001472642968509,0.1233532471181419,13752.295856045008,2.0,4.556822015228596e-07,2.75e-06,0.0396697843962064,0.0328933940259626,0.0153452658055436,0.0002457611190292,0.0002056770287791,9.810820788929389,False
313,3,1.360275495453065e-05,0.0728428219432945,2004.846041272726,3.0,4.6494611961549394e-07,2.75e-06,0.0293346450707824,0.033132006554634,0.0006572236752022,0.0001500145971251,0.0001116005693653,9.836727886605368,False
368,4,0.0001678464157008,0.2733214769109296,3461.578928331713,3.0,4.6355933010693707e-07,2.75e-06,0.0590357277411163,0.0325919484381161,0.0384459085207463,0.0004476998290347,0.0006206951817841,9.841171458451818,False
63,3,0.0008281371254784,0.2869769397007162,9549.71224941404,3.0,4.641336144869322e-07,2.75e-06,0.0360215548882779,0.0331579044111717,0.0261768193822826,0.0001797321891487,0.0002929884415711,9.871211252519542,False
435,1,0.0002479011214691,0.2026547771820888,4643.497296931318,3.0,4.583265923462967e-07,2.75e-06,0.0454597216055427,0.0330641006081629,0.036613833899283,0.0002166757095169,0.0005252714951508,9.890986518501538,False
66,0,0.0008359691680523,0.0593350172001602,7777.838820200851,1.0,4.546241766965347e-07,2.75e-06,0.0428331689289426,0.033128566192749,0.0145093193648459,0.0002707552982368,0.0002211095380752,9.895580181079954,False
385,3,0.0005811729914967,0.0745076285921669,7873.873727572826,2.0,4.673302446928612e-07,2.75e-06,0.0374949528082132,0.0332228815679832,0.0199586373302249,0.0002072158527714,0.0002934598691964,9.896880625322463,False
13,1,0.0003414015414763,0.2176054688550841,2805.840054333058,1.0,4.671191149375226e-07,2.75e-06,0.0431626656008129,0.033290714301117,0.0361744326216896,0.0002686037854566,0.0006075746652556,9.944644064501718,False
133,2,0.0002000413817638,0.0187509742934811,5704.801420991304,1.0,4.836923435140431e-07,2.75e-06,0.0240803228402735,0.0336297976777014,0.0148359158663646,0.0002550886749445,0.0001938976212455,9.965878963036406,False
8,2,5.66919559577368e-05,0.0222828534250596,7169.708596265044,3.0,4.573022335694917e-07,2.75e-06,0.0370328603805565,0.0336246726283404,0.0040261772204401,0.0002141981893424,6.588423355386091e-05,10.012415744122128,False
252,2,0.0005689954965663,0.0734130470929829,5599.924382006127,1.0,4.495029473285575e-07,2.75e-06,0.0640183903780779,0.0332098765993606,0.0194370418679325,0.000537045998435,0.000299667321124,10.056716712023979,False
325,1,0.0006116060944278,0.2885108109560534,5724.503500735042,2.0,4.735395812525957e-07,2.75e-06,0.0376788218266678,0.0337710273508203,0.0291552891088794,0.0002230656366667,0.000468891560043,10.058183750290214,False
407,1,3.7416027937862285e-05,0.0101245742197556,15652.124443907736,3.0,4.562777900728374e-07,2.75e-06,0.0542405443242811,0.0335038528755808,0.0004517257167246,0.0004106712952886,2.3683343354534173e-05,10.072022031645282,False
303,2,0.0001735226204156,0.1624967499804032,3905.148653043808,3.0,4.5938376598522476e-07,2.75e-06,0.0543791568168652,0.0336699317571998,0.0355112602704553,0.0003729413325254,0.0005499840569114,10.121099569824267,False
469,4,0.0003241964111607,0.0774316075805927,5354.278511573798,2.0,4.7656415359972453e-07,2.75e-06,0.0331861533893145,0.0342382840676068,0.0247224585403607,0.0002175072349138,0.0003742708781655,10.176047161120657,False
326,1,0.0002648371396612,0.0730222477207262,4922.826107840175,2.0,4.575233243269891e-07,2.75e-06,0.0400950694133914,0.0341433328939771,0.0258690002897669,0.0002078936204319,0.0003837922855309,10.178391837884197,False
386,1,0.0009721512477609,0.0817200751137736,15093.693576159209,3.0,4.633564983667775e-07,2.75e-06,0.0373033057204481,0.0342486515003503,0.0160716017691848,0.000177052225015,0.000181996592452,10.196358913117397,False
421,3,1.3371656433414576e-05,0.0461144954144003,3050.67950462267,3.0,4.56136916725866e-07,2.75e-06,0.0477064697748562,0.0340958389936563,0.0007820636384547,0.0003242667392069,8.27565745797274e-05,10.20428185236715,False
27,2,0.0019914438931489,0.0720112818354468,24811.340802628823,3.0,4.746565578110154e-07,2.75e-06,0.0273633956757516,0.0344855183328579,0.0130049563384911,0.0003756165513971,0.000113501864066,10.227706945829379,False
234,2,0.0004796167722033,0.1134978850652535,7489.824882641845,3.0,4.6362404290901714e-07,2.75e-06,0.0435184457606767,0.0343595008446259,0.0269609936869175,0.0002364167307931,0.0003243671075423,10.25855440061125,False
303,1,0.0003618485095925,0.1177557753370317,6256.396519729036,3.0,4.6572335042209483e-07,2.75e-06,0.0406099724858989,0.0344133305733614,0.0303894342078241,0.0001980579391759,0.0003798269547484,10.25982745581323,False
333,1,0.0002717818430499,0.2630468063376432,3187.067703963228,2.0,4.5788255540597365e-07,2.75e-06,0.0603676822387058,0.0340430228744119,0.0375579013392166,0.0004626173339948,0.0006202045726458,10.269989759414456,False
10,0,0.0007369720313755,0.1505521036907771,7170.322847209496,2.0,4.712941398425541e-07,2.75e-06,0.0320614678552438,0.0348992219729923,0.0243052851785302,0.0002125249307641,0.0003869585282597,10.365685682133748,False
235,1,7.790439121519117e-05,0.0185348283742131,9382.914240843014,3.0,4.557176154862897e-07,2.75e-06,0.0460049899465946,0.0347598038214508,0.0074905209191251,0.0002943644318498,8.491190638434541e-05,10.388476658068786,False
103,4,0.0001542517793616,0.0088876166526508,19732.44376077702,3.0,4.789425284699716e-07,2.75e-06,0.0253836942186205,0.0351706115005553,0.0065150641140617,0.000459308022262,5.53816749761414e-05,10.423073372955507,False
289,1,0.0003724101494033,0.1191623276092155,4880.8662157901845,2.0,4.5779689173798686e-07,2.75e-06,0.0551096634025982,0.0347727629221587,0.0277479374655314,0.0003941172415211,0.0004422212420511,10.445825281214344,False
53,4,0.000226263214269,0.0922827308907173,5429.321430856489,3.0,4.7271444457169174e-07,2.75e-06,0.0389980172213805,0.0351086877375837,0.0317395291725904,0.0001836052528419,0.0004135097616664,10.455800207303636,False
174,0,0.0004150330477455,0.0580385814045407,6742.707062784865,2.0,4.637118976967851e-07,2.75e-06,0.0343593996446071,0.0352582698788734,0.0213187635254205,0.0001757408499998,0.0003229396506641,10.479931638929488,False
3,0,0.0014628076210006,0.0882714216738833,13749.03491954625,2.0,4.686738062222244e-07,2.75e-06,0.0253582773773698,0.0353970421699348,0.0159474826272206,0.0002368939346054,0.0002099907861646,10.489622226849677,False
274,1,2.8764574745411783e-05,0.014454605267793,3647.0203682507104,1.0,4.696691590177207e-07,2.75e-06,0.0254343316468644,0.0354373338240516,0.0004857366324379,0.0001410374686057,6.272513240072456e-05,10.501700775527082,False
327,0,0.0013110750973289,0.0861422221663384,12674.01121250226,2.0,4.609157854196967e-07,2.75e-06,0.0383488462855952,0.0354468846408303,0.0165596037010883,0.0002124300285254,0.0002207933802563,10.551944052332866,False
333,2,0.0001976787559727,0.0419445324383314,5269.063652584399,2.0,4.542969801662707e-07,2.75e-06,0.0590004751980164,0.0351096789854982,0.0204845627599984,0.000445645927405,0.0002869767083182,10.569133595048251,False
220,4,0.0002975280260637,0.2385135615286842,3297.3463375766,2.0,4.683201999410669e-07,2.75e-06,0.0442757411499569,0.0354658475876779,0.0372085641369666,0.0002337997870412,0.0006221441375003,10.585582072829446,False
436,2,0.0018809810099479,0.2150014011152765,14301.874062831414,2.0,4.608008933002294e-07,2.75e-06,0.0460246422066494,0.0354939797370914,0.016687135666123,0.0002881576490442,0.0002273460578402,10.602834496709194,False
271,3,0.0001321579594772,0.0662257454094607,3186.4707599556014,2.0,4.699890197982197e-07,2.75e-06,0.0343916258018159,0.0357040215207022,0.0266604051122519,0.0001889309711766,0.0004299753197088,10.610834276768053,False
151,2,0.0017148449963775,0.1627265636864385,19676.62103785911,3.0,4.701749136001832e-07,2.75e-06,0.0309213757920407,0.0357662263300273,0.0156055011230694,0.0003766202113454,0.0001634725502319,10.616150140330445,False
73,4,0.0002070567215879,0.0503579672273905,3261.1739174745053,1.0,4.844812585343913e-07,2.75e-06,0.0453659500726882,0.0355673457907551,0.0274158871034375,0.0005527500256768,0.0004238239968486,10.620814711722524,False
119,1,2.834170964746649e-05,0.0280951105566971,4808.265449032091,3.0,4.899434875377243e-07,2.75e-06,0.0356600941982124,0.0358776784840378,0.000962509075005,0.0006518093097251,6.736170919092934e-05,10.666838841659969,False
394,2,6.281725448201581e-05,0.0137820577974743,8023.984122278627,2.0,4.6110669221487e-07,2.75e-06,0.0291424223609728,0.0359659029027844,0.0051049306852747,0.0001459139603477,7.06503866094639e-05,10.66874020385252,False
33,4,0.0001517614549607,0.0143945966043255,12993.704667583335,3.0,4.837259867409824e-07,2.75e-06,0.0251859010141443,0.0360874983221177,0.0101737615015116,0.0004352200096054,9.964336133775984e-05,10.692303132629867,False
271,1,0.0005218580010245,0.1540671058264199,7030.332696803657,3.0,4.61137650699683e-07,2.75e-06,0.0459204019135909,0.0358229287076672,0.0303136166297704,0.0002500757393035,0.0003732830745155,10.698320778214935,False
192,4,0.0005737975386948,0.0976176276399135,8988.96988256742,3.0,4.640568820270124e-07,2.75e-06,0.0393795912868657,0.0360466894500854,0.0253418502099181,0.0001802588279621,0.0002862657735105,10.732186594994833,False
229,4,0.0001864666307015,0.1172794868068699,3183.794571119005,2.0,4.622236829289011e-07,2.75e-06,0.0502351130729874,0.0360140337066199,0.0342393172426586,0.0003201480391808,0.0005556756851727,10.777484769999486,False
322,4,8.923212694941274e-06,0.0186691434373614,7425.2768607856815,3.0,4.515805747892148e-07,2.75e-06,0.0608590694067267,0.0361303149913938,0.0008614918206024,0.0004557143422026,4.1943264278186935e-05,10.87734968515043,False
97,2,0.0010262903454201,0.2232560085887906,11331.159672833308,3.0,4.748175288483559e-07,2.75e-06,0.0359245626597911,0.0368377720744513,0.0223161811210672,0.000212289150565,0.0002818302690528,10.949515386823053,False
352,0,0.0001295542271112,0.0705241413705859,4318.798398885516,3.0,4.7439873259247045e-07,2.75e-06,0.0373928137673143,0.0369404067648198,0.0284644320735019,0.0001958243243117,0.0004214267237812,10.985566792652882,False
359,1,0.000715025635203,0.2526720077173827,5860.755634325607,2.0,4.602956481815326e-07,2.75e-06,0.0450444398980886,0.0368477048813143,0.0296649534082488,0.0002621361831184,0.0005065002937847,10.993227480220058,False
436,0,0.0003231940035226,0.0995947725275456,4552.179800904296,2.0,4.569455523259737e-07,2.75e-06,0.0584691925463555,0.0367221400384915,0.0294134892521403,0.0004112064406497,0.0004662465020479,11.03315444491998,False
80,4,0.0007842828850026,0.0435295531175149,10180.358035609905,2.0,4.775284378482548e-07,2.75e-06,0.0278056043297539,0.0372282658044475,0.0172319565235574,0.0002369384171904,0.0002427591942138,11.03568880404131,False
178,3,0.000228315430228,0.0783424648934612,5445.426043312375,3.0,4.6829860151505414e-07,2.75e-06,0.040774523275223,0.0371427374912022,0.0312407418337543,0.0001765649887162,0.0004131569596654,11.059394129728481,False
249,2,0.000217322307366,0.0055372566767335,10804.427582780892,1.0,4.716055599916235e-07,2.75e-06,0.0214724635162186,0.0374580698241832,0.00524369608124,0.0003516324527503,7.48592966360655e-05,11.086234300914557,False
166,0,0.0003692845074657,0.2306158720605997,2612.402444701007,1.0,4.596254454784341e-07,2.75e-06,0.0638595616463754,0.0368221708110308,0.040633095443632,0.0004891116156512,0.0007064006042081,11.098265284069702,False
76,0,0.0004097807055382,0.1014257873714575,6455.410929491482,3.0,4.594472843836281e-07,2.75e-06,0.0413937147515175,0.0372735902717709,0.0296755067685964,0.0001774210804864,0.0003804003033288,11.100494039110858,False
361,2,0.0015570942735032,0.2359045750985095,10953.902756833331,2.0,4.5633513571876876e-07,2.75e-06,0.0525932527217688,0.0371528180868332,0.0194643949865036,0.0003419495531862,0.0003150508032667,11.122656363682932,False
188,2,2.5579795753107136e-05,0.0362729482534924,3732.761902582924,3.0,4.643315020068544e-07,2.75e-06,0.0317293542999721,0.0376391730412261,0.0010400694272896,0.0001417978934793,8.414110041334883e-05,11.169249459999701,False
376,2,0.0003407445467909,0.2754654428555749,4278.071839644303,3.0,4.651268293139257e-07,2.75e-06,0.0551417972936082,0.0372821070017247,0.0423838605328943,0.0003031048729557,0.0006206964457001,11.175219909426454,False
39,0,0.0008225666682854,0.2471205639695143,4807.146937094626,1.0,4.66659206698365e-07,2.75e-06,0.037056769355507,0.0376344240507513,0.0269813175024854,0.0002284076011418,0.000462071522427,11.1877293018011,False
76,4,0.0003884709015988,0.1682829133438184,2826.115316673958,1.0,4.674799183457622e-07,2.75e-06,0.0400334035894841,0.0376118836799823,0.0376293794721497,0.0002704473070472,0.0006412877912657,11.193552922105836,False
198,0,0.000201813297328,0.0933054923014096,3389.490463295322,2.0,4.656419084456715e-07,2.75e-06,0.0440611054362979,0.0379686125696238,0.0332904367608263,0.0002211644301293,0.0005394736362421,11.316239271511966,False
328,1,0.0007154275453747,0.1337639702058238,8879.0663010337,3.0,4.535816775891546e-07,2.75e-06,0.0655077810011572,0.0375751626207954,0.0253118390438286,0.0004861539966615,0.0003105465821169,11.327612665221146,False
348,4,0.0014063039366011,0.1862877602194998,10097.942227899455,2.0,4.696230334579046e-07,2.75e-06,0.0280992878955967,0.0382198005528232,0.0207047998154322,0.0002705842778129,0.0003334742536467,11.32825783333674,False
48,2,2.159760043594436e-05,0.0121330944954515,3885.720107275554,1.0,4.622533733406578e-07,2.75e-06,0.0384704027080272,0.0385015148628421,0.0004838634784817,0.0001807573627826,6.091021737852206e-05,11.447757521641726,False
396,1,0.0002277030083388,0.0524320341990391,6125.331643758424,3.0,4.6244558378284324e-07,2.75e-06,0.0403018484585149,0.0385288206973707,0.0273992156530562,0.0001717205210702,0.0003484964774362,11.463397522715848,False
221,0,0.0002191138160602,0.0201679879872057,10822.237830704027,3.0,4.650876436394039e-07,2.75e-06,0.0376908322896445,0.038685690227525,0.0154140919110374,0.000169274693843,0.000160732517291,11.498640852221952,False
440,4,0.0010982612874578,0.1361664818168936,8584.546421099043,2.0,4.637790294438487e-07,2.75e-06,0.041114249570163,0.0386777442038571,0.0219358358616742,0.0002128853821165,0.0003710656084815,11.51052783398022,False
200,3,0.0059888326878705,0.0326302321846562,24219.0255478287,2.0,4.745147680912318e-07,2.75e-06,0.0225626992118703,0.0389784418744469,0.0090245566146322,0.0003356229506467,0.0001521174369576,11.536725556718212,False
204,4,0.000192918143591,0.1623363864679883,3617.996890719865,3.0,4.751712200785943e-07,2.75e-06,0.0481262536916421,0.0388461401150214,0.0418465782724979,0.0002088572420518,0.0006665720400593,11.592639889925943,False
231,3,0.0003797328993498,0.1510894641100817,5253.742640642973,3.0,4.564494299543862e-07,2.75e-06,0.0616851405028814,0.0387670066872048,0.0364182566630398,0.0004118988529729,0.0004986805835223,11.647277633340144,False
80,1,0.0001897386337828,0.0251319068115382,8545.794242869168,3.0,4.531061500761044e-07,2.75e-06,0.060895966506518,0.0388895749257313,0.0175603053274468,0.000415567318058,0.000197152580252,11.67783090829824,False
147,0,0.0008115864009488,0.0102492595426147,17898.895366224642,2.0,4.517782168311377e-07,2.75e-06,0.0631203997029622,0.0390361372795427,0.0091116633045316,0.0004427598814008,0.0001085082917475,11.734653296609308,False
221,2,8.158631622211951e-05,0.0091496393096305,15542.252357941836,3.0,4.652576051507581e-07,2.75e-06,0.0331317069631915,0.0397573897757579,0.0050678942995935,0.0001407647167093,5.301163683365499e-05,11.796507716059645,False
95,2,0.0005838327716146,0.1166461439982641,7329.304820128063,3.0,4.614024171687832e-07,2.75e-06,0.0594388045259639,0.0393594753057821,0.0289961868821402,0.0003848835361162,0.0003640483238605,11.805306613908039,False
312,4,8.028506591760244e-05,0.0587499183625837,2240.6040665455885,2.0,4.5899771023715676e-07,2.75e-06,0.0573774836976907,0.0394173268947657,0.020516173250073,0.0003688367143046,0.0003900273802434,11.809770683113769,False
391,0,0.0007761386527729,0.1438202063301454,6474.63991347142,2.0,4.545199719267053e-07,2.75e-06,0.0591318865717038,0.0395010855001618,0.0260892973133601,0.0003908236696824,0.0004688600467961,11.844614774478659,False
39,4,0.0022093633043522,0.2024042578906077,20835.74015531965,3.0,4.700301042744739e-07,2.75e-06,0.0307151208028803,0.0400433641157675,0.0164276589619253,0.0002987827869387,0.0001761296484853,11.872675212166875,False
157,1,0.0051683895953673,0.1153080293510227,23654.97428204373,2.0,4.735697945020088e-07,2.75e-06,0.0269346077458321,0.0400984771312215,0.0097878127381321,0.0002373943782592,0.0001863488502862,11.877764544638124,False
401,2,0.0004203108178811,0.2406324213590432,2588.0505384259486,1.0,4.782233682290284e-07,2.75e-06,0.0424123557314522,0.0399174385182429,0.0430833924852984,0.0002601194875497,0.0007560115870737,11.879376635974296,False
196,0,0.0002939098356338,0.0159059696558948,6119.210364683047,1.0,4.811180724620076e-07,2.75e-06,0.0254650254866652,0.0405734322586101,0.0150096209676641,0.000431868205627,0.0002256118992047,12.01369589533073,False
21,1,0.0002060403574473,0.1760773828655796,3600.131956089813,3.0,4.664432378508079e-07,2.75e-06,0.0510181554284879,0.0402842006686942,0.0451014086245817,0.0002202223571106,0.0007244504916955,12.027442061258675,False
60,1,0.0011907461109068,0.0380180112040312,17925.229357293978,3.0,4.687585898389612e-07,2.75e-06,0.0337281704310555,0.04098251067121,0.015410620586382,0.0001854056023519,0.0001673781334914,12.158579524538402,False
423,2,0.0021761690792879,0.1056184865471619,21751.68574038508,3.0,4.5094182632454914e-07,2.75e-06,0.0494681456654529,0.0407737861626616,0.0157296260259927,0.0002595018897881,0.0001618120501976,12.162683639035938,False
48,3,0.0002442283419653,0.2814196336431185,3410.422602577029,3.0,4.566923642131576e-07,2.75e-06,0.0574624682675352,0.0407771756902028,0.0494802809962942,0.00028193803906,0.0008155615938849,12.206206120543923,False
168,2,0.0001762372038633,0.0114745345732223,5936.092891297518,1.0,4.7423104702201403e-07,2.75e-06,0.0239351199739937,0.0412721152188298,0.0122551705745042,0.000311382076831,0.0001854567203054,12.215706463646296,False
107,4,0.0008884407099164,0.0235328018470408,12554.142409598237,2.0,4.642215893137401e-07,2.75e-06,0.038785668735539,0.0412180498368833,0.0144119152821309,0.0001737815164453,0.0001983952136837,12.245977761868623,False
281,1,0.0014773289819924,0.0716947463281188,12463.17911805486,2.0,4.575376914851251e-07,2.75e-06,0.0391484559006857,0.0412744258324017,0.0174758357327812,0.0001821818655762,0.0002594623642516,12.26392135806255,False
419,3,0.0007424656745571,0.1362999232210426,8369.188662863153,3.0,4.657048609992288e-07,2.75e-06,0.0438273684915557,0.041253366240304,0.0272229120593113,0.0001788293911125,0.0003645764047404,12.276927847276092,False
296,3,0.0008024411663749,0.0023637253362683,17044.579078347502,1.0,4.675843247953469e-07,2.75e-06,0.0301945806859391,0.0414935422834315,0.0010753598633215,0.0001465136857322,3.61838679684648e-05,12.297654768009512,False
259,3,0.0018591524956207,0.0763030154832081,14695.348996673005,2.0,4.581004613600673e-07,2.75e-06,0.0522268263890476,0.0412653898272047,0.0162445258286103,0.0002930583176476,0.0002324107086687,12.32021593514188,False
224,0,1.656726916670476e-06,0.0082239744664265,10146.868321989305,2.0,4.571693512030254e-07,2.75e-06,0.0474730704399273,0.0418273490997159,0.0006763438127586,0.0002309907863861,3.3531551626893186e-05,12.46132652502799,False
222,0,0.0019013277016094,0.25170225647791,17036.60096197261,3.0,4.671695314469689e-07,2.75e-06,0.0345179248542717,0.0421796998839027,0.0181057814868755,0.0002971906168329,0.000235252763539,12.513102559693928,False
348,2,0.0001773458004991,0.1171228242576063,3543.348937127372,3.0,4.774422656446725e-07,2.75e-06,0.0492167068268282,0.042123947001556,0.0413599734354858,0.0002816267905736,0.0006696481099039,12.556282956138594,False
94,2,0.000105376657804,0.0094312354568013,14068.903410949526,3.0,4.644937502513265e-07,2.75e-06,0.0373493346802637,0.0423483202296755,0.0074655604453605,0.0001542890223217,7.77759931240475e-05,12.57248112940627,False
296,0,0.0005109693091075,0.2757620476218321,4855.281285229622,3.0,4.5585576580699486e-07,2.75e-06,0.0710647739835036,0.041826462120179,0.0419957497322113,0.0004830691328257,0.0006018418818252,12.596386788553923,False
285,0,0.0005741193881914,0.1762350561437755,6130.241798266154,3.0,4.838342459884408e-07,2.75e-06,0.0508147721032793,0.0423173819463194,0.0358538883360003,0.000453681272677,0.0004847084442339,12.62055157348225,False
117,2,0.0009450568040785,0.2714575349839207,4471.800016831123,1.0,4.722209030734969e-07,2.75e-06,0.0456227074787627,0.0424652519276316,0.0272053155230686,0.0002291333791685,0.0005353723832575,12.63979321203905,False
154,0,0.0032076122595661,0.2066696680030843,24666.34600369349,3.0,4.658727865966039e-07,2.75e-06,0.035641022514752,0.0427656026796788,0.0141324900135809,0.0001618670271367,0.0001576149917563,12.689089848243212,False
63,1,0.0002829422028617,0.0687366141569947,4052.665151911987,2.0,4.734386483353779e-07,2.75e-06,0.0376937439749624,0.0428719834740604,0.0306377747951732,0.0002180337188239,0.0005268139825376,12.72752529261623,False
32,4,0.0005037857767958,0.1079097126626582,3532.954819423238,1.0,4.783739854122701e-07,2.75e-06,0.036060639788694,0.0430582940668229,0.0331546505666479,0.0003070785572208,0.0005938351431377,12.776534829977674,False
382,3,0.0004129221105659,0.0143859605105973,6804.039171304387,1.0,4.705058314083107e-07,2.75e-06,0.0298741937260359,0.0433068508679577,0.0128448138374527,0.0002043640047569,0.0002127216189172,12.83031836214009,False
176,1,0.0001807302614263,0.005125819107574,24695.41688800444,3.0,4.525656026104196e-07,2.75e-06,0.0738207508052339,0.0425790426615039,0.004316582447349,0.000528871038992,4.41896521629453e-05,12.833237422734701,False
424,1,0.0019076592128828,0.2969936542528058,10936.473939485892,2.0,4.781483378250109e-07,2.75e-06,0.0264945133999785,0.0435378767436994,0.0215318919636996,0.0003635177735638,0.0003716766477718,12.889357142467889,False
153,3,0.0011092503631802,0.0692257432181469,9537.681650896657,2.0,4.488134929405873e-07,2.75e-06,0.0622587283729235,0.0431988102087095,0.0201993157009827,0.0003804026591175,0.0003306067510407,12.939081898632432,False
282,1,0.000121907736764,0.0149046538435117,6896.137672287059,2.0,4.7651108163153366e-07,2.75e-06,0.0232637701554548,0.0440116395215124,0.0122634431147551,0.0003968830182522,0.000174020380647,13.021417238949159,False
402,2,0.000751418383706,0.2022685224326908,5486.367294285862,2.0,4.678068447568528e-07,2.75e-06,0.0540303244153195,0.0436645952191242,0.033474097036687,0.0002910391247493,0.0005976045313419,13.030255507168242,False
320,1,5.4207696163356025e-05,0.0164470983368939,5063.153368369894,2.0,4.768486414447979e-07,2.75e-06,0.0211944861837511,0.0443419790748414,0.0059739513956312,0.0003369332265375,0.0001169641417915,13.114523573465883,False
413,2,0.0025981076797431,0.0654935044050013,8417.404970452873,1.0,4.636305031596226e-07,2.75e-06,0.0463488845354095,0.044678244731847,0.0113099640634961,0.0001976500383341,0.0002530130405754,13.291386395074746,False
411,2,0.0001073774948626,0.0932489129600357,2378.9267338303903,3.0,4.623292943395074e-07,2.75e-06,0.0709924230340937,0.044324860480554,0.03294604726485,0.0004609631772121,0.0006191176100354,13.320083652173752,False
360,1,3.8496227794206273e-05,0.0031270265550305,11146.05973317351,1.0,4.6102061793113844e-07,2.75e-06,0.039671041130814,0.0452466491491644,0.000347878281962,0.0001446750227608,2.8972420699849743e-05,13.432102490924633,False
334,1,0.0001627181877516,0.0022929580950052,14019.72075844207,1.0,4.609487981662561e-07,2.75e-06,0.0473157120968956,0.0454583655983292,0.0013720350257719,0.0001953247054686,3.798554700027199e-05,13.524132701065,False
270,2,0.0003647925819801,0.2674235228652672,2865.882339537145,2.0,4.651018846047252e-07,2.75e-06,0.0578581809844347,0.0455688009464373,0.0481619010748105,0.0002861337918036,0.0009049292679593,13.60599599919441,False
353,3,1.7924881483312663e-05,0.0060649873308511,17866.358411791283,3.0,4.691012309862759e-07,2.75e-06,0.0228035563833383,0.046188005958041,0.0005098005452317,0.00029533429855,2.9327407953433305e-05,13.661949352985332,False
451,3,0.0011996199975346,0.0807719761955552,6180.769191057909,1.0,4.6344975469503626e-07,2.75e-06,0.051746074527457,0.0459947224399074,0.0179041737123949,0.000234745680274,0.000376619432714,13.70078133038221,False
8,0,0.000114660691796,0.0708184983931872,2262.172498380888,2.0,4.748516668749537e-07,2.75e-06,0.0431712712556019,0.04617992559191,0.0359168393007514,0.0002090899888882,0.0006745322994775,13.719077450965186,False
374,2,0.0003507822185507,0.1294957377989401,4289.208479148505,3.0,4.7379237388922725e-07,2.75e-06,0.0500277634342009,0.0462634303015244,0.0428442133987934,0.0002048495041371,0.0006385915068466,13.771746571737902,False
106,0,0.0025723434023959,0.2566179452425912,18992.63486212953,3.0,4.554854554876994e-07,2.75e-06,0.057341022428354,0.0464903954167341,0.0186374749351437,0.000279612295069,0.0002242977607967,13.872588873240945,False
448,3,5.0823205495891046e-05,0.0190529718146008,4290.675781046504,2.0,4.696992645027622e-07,2.75e-06,0.0334602052811404,0.0468282004570523,0.0052271443253281,0.0001528597134378,0.0001288000768983,13.876896374039708,False
451,2,0.0020329210475877,0.1078984214058348,7259.135756595758,1.0,4.680943339238408e-07,2.75e-06,0.0508780025176953,0.046626205515036,0.014823526230134,0.0002252099479469,0.0003369983332134,13.88176394858993,False
109,2,0.0002142817208218,0.1387502875770318,2418.7276185033857,2.0,4.485823920395172e-07,2.75e-06,0.0920011539578854,0.0460080106309457,0.046567008067667,0.0006884799448006,0.000855845227869,13.958302788584291,False
86,1,0.0008120733846489,0.1470258094387261,7758.087651349108,3.0,4.786629078384525e-07,2.75e-06,0.0438469598253589,0.0471201669512458,0.0305952219515166,0.0002477201099816,0.0004425143569737,13.997629331088953,False
383,2,0.0001870047668773,0.0019040842096338,14818.103730595614,1.0,4.687411373215061e-07,2.75e-06,0.0330932211826368,0.0474597202814597,0.0009174016556958,0.000158050735602,3.558013366447577e-05,14.061675128463502,False
460,1,0.0001091913396024,0.0097888069578683,5093.364064108428,1.0,4.709434725227694e-07,2.75e-06,0.0325477627875172,0.0474706251373412,0.011069705317752,0.0001757155805994,0.0001834532555614,14.063341001709905,False
74,3,1.8559262830544065e-05,0.0228474835945085,3091.58996663132,2.0,4.586535340224685e-07,2.75e-06,0.0663275380990634,0.0472177240423116,0.0015188302352009,0.0003763130525555,0.0001116366175988,14.132912948282845,False
177,0,0.000942517086873,0.1343706048450478,6294.069126876306,2.0,4.6473768117384877e-07,2.75e-06,0.0543994604226804,0.0477619164586275,0.0294987726153308,0.0002607731724365,0.0005624800723654,14.230253073880354,False
235,3,0.0028066799222326,0.1800688201293697,14505.088791717186,2.0,4.608841322897621e-07,2.75e-06,0.0480581864204929,0.0482300501518966,0.0173270814150971,0.0002045153837519,0.0003178332315415,14.339827977284537,False
456,2,0.0007331126398012,0.2052012279938682,6161.094206287227,3.0,4.727207928684098e-07,2.75e-06,0.0505924088737381,0.0486825916765718,0.0389424069794546,0.0001957094754273,0.0005510764498644,14.483023043889974,False
324,1,0.0004372597999647,0.2061345287706828,2374.8188764047045,1.0,4.489583214114095e-07,2.75e-06,0.1026194118699892,0.0475408429765534,0.0496669499004191,0.000809990600178,0.0009264569952447,14.485971037608836,False
112,0,0.000917604436882,0.2860049738215501,3740.575708147415,1.0,4.5253182677568556e-07,2.75e-06,0.0774537151229841,0.0483687682037492,0.0332798097579846,0.0005015359545523,0.0006932396161133,14.535219446364385,False
326,0,0.0005824758065116,0.1517334733774439,2828.043201108765,1.0,4.6520372713795443e-07,2.75e-06,0.0561860828987658,0.0492268558260364,0.0410769491897198,0.0003189206249116,0.000803986489083,14.667267155146066,False
146,3,0.0106881523456817,0.2469190118385693,9566.378763444349,1.0,4.734798863027671e-07,2.75e-06,0.0295564776968377,0.049669867559135,0.007748732202104,0.0003265353705023,0.0002815993807545,14.70307815834906,False
484,4,0.0033483877870083,0.1229713500001334,16434.885075119357,2.0,4.634461994242482e-07,2.75e-06,0.0463952979386876,0.0499384045681191,0.0147252392325162,0.000199492684996,0.0003043307557728,14.834540395269888,False
449,4,0.0003537560624082,0.0173985073909041,7626.242199730947,2.0,4.7531183857181446e-07,2.75e-06,0.0353611317943278,0.0501881258957429,0.0182026981461189,0.0002148977299951,0.0002894463219966,14.871113064241182,False
314,3,5.796821346960209e-05,0.0327298319009762,3389.38482125665,3.0,4.456361041149966e-07,2.75e-06,0.0969941426667715,0.0490569826674868,0.0076236570351974,0.0007363696106137,0.0001812714244585,14.874550322524707,False
139,1,3.63803730581763e-05,0.0099920544887202,10152.050923237422,3.0,4.619272890827321e-07,2.75e-06,0.0583408300601242,0.0499222378213197,0.0007012950198726,0.0002524242505264,6.024776013611058e-05,14.880853888924607,False
104,2,0.0001180683214053,0.0232781233538401,6042.28941449544,3.0,4.480452879422392e-07,2.75e-06,0.0751804086066382,0.0498031431304938,0.0197946974149469,0.000442768371136,0.000257802749219,14.937551407731224,False
226,3,9.633719184393158e-05,0.0123093242170222,6757.48371589596,2.0,4.640920432832978e-07,2.75e-06,0.0518270278781739,0.0505983265886089,0.0103407606105398,0.000190764020968,0.0001579977384213,15.049771782035279,False
318,1,0.0003122834803173,0.1371798152155092,2689.8941518389506,2.0,4.570580675046128e-07,2.75e-06,0.0742341742058321,0.0513288706434334,0.0467377397567552,0.0004027071763872,0.0009258469534363,15.37573985630269,False
190,4,0.0020757394193898,0.2958061780704934,9826.2014679012,2.0,4.715237986137128e-07,2.75e-06,0.0430792924984218,0.0519373911425136,0.025126507756977,0.0002479829399228,0.000469730723841,15.409776002562017,False
47,2,0.0001737857816124,0.0025713867096707,21706.1839808804,2.0,4.594657986252326e-07,2.75e-06,0.056123991447346,0.0517663351961441,0.0020869925608332,0.000211961585017,4.014477461449037e-05,15.410499064500478,False
32,1,0.0007144665772453,0.249117727246398,2892.215869868423,1.0,4.5818743865120774e-07,2.75e-06,0.0758568159625723,0.051545573208286,0.0422446994185354,0.0004469701388115,0.0008927273964401,15.448383445028593,False
215,2,0.0004072336049386,0.2378183794632331,3423.216961137969,3.0,4.628764777660801e-07,2.75e-06,0.0639311822161832,0.0520234885721196,0.0561409299783401,0.0002319933646383,0.0009304177795296,15.522474295367903,False
157,3,0.0004888675263377,0.1929783244888954,3987.3829522379215,3.0,4.731322139953792e-07,2.75e-06,0.0537133638342612,0.0523169715550609,0.0496347766595434,0.0002300623885149,0.0007981321004181,15.56148547525855,False
464,3,1.6730390052062163e-05,0.0108337563382599,5895.846492992976,2.0,4.744804079643093e-07,2.75e-06,0.0302700447922768,0.0529965360882822,0.0005030114907326,0.0002259044641991,7.76503346160654e-05,15.684801357300168,False
17,0,0.0001513460627645,0.0584562360842484,3561.7082383997013,3.0,4.476824923682192e-07,2.75e-06,0.0945275031074512,0.0521298044574916,0.0391745969297444,0.0006379195365095,0.0006166183042768,15.741386741996351,False
436,4,0.0002172124609952,0.1882099761604889,2496.4827190133965,3.0,4.626142663849266e-07,2.75e-06,0.0713693169398299,0.0527844255562418,0.0608369224995493,0.0003188455334346,0.0011332139319193,15.783584405310496,False
497,1,9.14717117542596e-05,0.0092686523497542,8045.061747295631,2.0,4.6099183867383403e-07,2.75e-06,0.0571375496779104,0.0536154037896083,0.0083921053426231,0.0001995847930115,0.0001284836721509,15.956614576175129,False
257,0,0.0007651582933393,0.2287091418687273,5233.246983024974,3.0,4.714886828034023e-07,2.75e-06,0.0543544140794593,0.054421781815206,0.0436321088599495,0.0002162566416134,0.0006912620619064,16.181277427062565,False
477,2,0.0019209727377274,0.1152952655238376,14657.427401230278,3.0,4.6213566966545523e-07,2.75e-06,0.0629995650494314,0.054480278812192,0.0226002929863551,0.0002504990243425,0.000303854160301,16.236358945712162,False
292,2,0.0003007480855186,0.117766078676097,3487.4489788377587,3.0,4.712564065723858e-07,2.75e-06,0.0579346669805548,0.0545965368020961,0.0525901255314918,0.0002239920993275,0.0008493892844091,16.247535510412934,False
144,2,0.0014693801622553,0.2711836408028228,6555.337045158051,2.0,4.680904159341679e-07,2.75e-06,0.0590868024035845,0.0551557305481504,0.0313102461702764,0.000268640527591,0.000694918795425,16.41637463693689,False
137,3,0.0045932169962551,0.055058225449889,16553.99065782236,2.0,4.776351029746033e-07,2.75e-06,0.0330571589430133,0.0556427629108616,0.0134183883836226,0.0003299770176373,0.000325064238373,16.471020670838598,False
355,4,0.004753497856093,0.2193953394418532,16520.070942865575,2.0,4.673026078463088e-07,2.75e-06,0.0443683660194859,0.055877002382396,0.0141500004278416,0.0002347089855812,0.0003775215921754,16.572090048455955,False
333,0,0.0013141516780739,0.0060644338119365,9597.79246701676,1.0,4.6762686783950534e-07,2.75e-06,0.0340026275343688,0.0561367462896503,0.0047036923192703,0.0002704198402257,0.0001480190714204,16.61884856939366,False
445,0,4.272017613634212e-05,0.0031681258034175,8916.90070725088,1.0,4.663409630437789e-07,2.75e-06,0.0356974711598378,0.056410002449504,0.0005935619393146,0.0002028637786689,5.1411595095027495e-05,16.703622371669667,False
57,3,1.3796680522003596e-05,0.0069191031456094,12618.36162674695,3.0,4.745352184942484e-07,2.75e-06,0.0257904673691296,0.0566926651948176,0.0009943335362126,0.0003663133694856,5.498142571892095e-05,16.764845515884414,False
212,1,0.0004179497737487,0.2381446295158014,3140.924906873904,3.0,4.710413264540067e-07,2.75e-06,0.0675019975146828,0.0564817841553863,0.0620256706787238,0.000247342401112,0.0010514520480409,16.84331570191699,False
195,1,3.346844494287335e-05,0.003078866488638,9061.197557335505,1.0,4.530856624754917e-07,2.75e-06,0.0671286106594764,0.0569051676747855,0.0006435916125115,0.000272271137367,4.560710458173739e-05,16.965325986179288,False
331,1,0.000161353279784,0.036630184206073,4271.512939590686,3.0,4.57465252977831e-07,2.75e-06,0.0792565078006953,0.0569793633821958,0.0321378484958471,0.0003910954537002,0.0004874799836588,17.0502691262151,False
206,2,0.002880080822584,0.0744909412978366,18355.44855125981,3.0,4.736426950316642e-07,2.75e-06,0.0360934915589292,0.0583051468219829,0.0176694140137678,0.000319367682038,0.0002520666874566,17.262736539770916,False
455,2,0.0006559003187491,0.145216406505225,5185.427768419664,3.0,4.4097318379152843e-07,2.75e-06,0.1036039498766748,0.0578009741650242,0.0449635704059924,0.0006709656779327,0.0007157171039522,17.445141718880897,False
191,2,8.570183672066754e-05,0.0183916148302432,5609.337051724096,3.0,4.717320868131959e-07,2.75e-06,0.0434985626851727,0.0589896930546429,0.0148041498002359,0.0001826353723589,0.0002306633465669,17.4847936441924,False
159,2,0.0002150696225991,0.1159603503985515,2033.9561162708571,2.0,4.8986689507302e-07,2.75e-06,0.0622976610883606,0.0589735611093434,0.0583178470887472,0.0005613879448878,0.001177796596834,17.548891363563577,False
387,4,3.266093092173071e-05,0.0134543194488245,6040.823569720513,3.0,4.626593957228196e-07,2.75e-06,0.0564095900262039,0.0595216113159903,0.0004956061545031,0.0001569129886435,0.0001125306262449,17.68555158272076,False
18,4,0.0002167575860169,0.1727583740088973,2283.6483621071743,3.0,4.852322489716344e-07,2.75e-06,0.0747100969313425,0.0601470970003347,0.0693052008975365,0.000432517257548,0.0013152181927181,17.950346117519185,False
347,3,0.0007657726710001,0.0779347039863799,6756.815138289242,3.0,4.784911869961174e-07,2.75e-06,0.0500865532824386,0.0606899723743783,0.0336074363652558,0.0002610383448176,0.0005611765147599,18.00580488609007,False
224,2,0.000791190315827,0.108363337293835,6363.817217763774,3.0,4.644136274822106e-07,2.75e-06,0.0721559363423908,0.0607670283221176,0.0368856251442572,0.0002593152935383,0.0006250994195766,18.118945404332365,False
309,4,0.0012544633901396,0.2676759399553584,7881.394029850342,3.0,4.6682666964537213e-07,2.75e-06,0.0581738571901715,0.0618394700333996,0.03427567836025,0.0002404102171713,0.0006594250480869,18.372586683754008,False
151,1,0.001086390966775,0.2731744484167228,6871.264388334557,3.0,4.661869112240935e-07,2.75e-06,0.0647750770880938,0.0620670052699388,0.0397422435618328,0.0002101951998105,0.0007210120504179,18.46603239238471,False
490,2,0.000352037215634,0.0133519142523426,9881.839080825845,3.0,4.592173189667837e-07,2.75e-06,0.0742837646995532,0.0631344274641388,0.0181277437608905,0.0002720523310932,0.0002711245410221,18.821549912516165,False
299,1,0.0012755839153389,0.2260980808881008,5245.100172764533,2.0,4.610763883403608e-07,2.75e-06,0.084406598348376,0.0631125569154331,0.0374395472517065,0.0004052170723128,0.0009229869825658,18.866842390346324,False
274,0,0.0002948104180928,0.0487954857377269,4169.896341314079,3.0,4.503639284897346e-07,2.75e-06,0.0964791141265034,0.0633533887215924,0.0436339403721574,0.0005079805659953,0.0006965564468036,19.006874318796406,False
219,2,0.0001629027338632,0.0743353837128798,2680.855433027868,3.0,4.604282595496185e-07,2.75e-06,0.0875514200385985,0.0637426412056427,0.0558870991302555,0.0003783699087826,0.000968753702211,19.06785194554925,False
214,1,0.0036205657689394,0.2555288255594855,5847.896193578108,1.0,4.659490407474719e-07,2.75e-06,0.0712395100473363,0.0647413343966173,0.019766674681866,0.0002876741345676,0.0006068966565967,19.277734479095788,False
29,2,0.0003785835010125,0.2437460260302464,2001.4604023564427,2.0,4.6908362230842246e-07,2.75e-06,0.0755617879116651,0.0659525356542698,0.0709895001394403,0.0003337628044417,0.0015686420164272,19.65205466365805,False
223,3,0.0006574290051066,0.017230527426945,10836.732961819996,3.0,4.534237633174285e-07,2.75e-06,0.0754245505918707,0.066332706788474,0.0213678523269554,0.0002469241750821,0.0003285210655795,19.76267474942294,False
278,0,0.0013060759955124,0.1834022220840434,7961.051926588528,3.0,4.6589073358729015e-07,2.75e-06,0.0766602932194235,0.0664789828638939,0.0337379696996846,0.0002475304902002,0.0006424949823546,19.811238297825174,False
101,4,7.957477883504498e-05,0.0055583402867675,9717.840464669232,2.0,4.65937835516437e-07,2.75e-06,0.055772162632712,0.0676181906134843,0.0054428704972556,0.0001504475280048,0.0001126096573799,20.061194963797973,False
424,3,0.0004972366264541,0.1665303373299665,2637.7972874878333,2.0,4.721678630079394e-07,2.75e-06,0.072792635465048,0.0675171088525537,0.0587597760146908,0.0003120545717812,0.0013292372968061,20.0976044485442,False
91,3,0.0002853039680146,0.1965245585206352,2187.686239130041,3.0,4.703496720899594e-07,2.75e-06,0.0847865378750236,0.0677311430969386,0.0803988021151774,0.0003162179454531,0.0015350354748808,20.217058443326113,False
351,1,5.529364657797581e-05,0.0169818092585302,3160.115202389256,2.0,4.706333193944701e-07,2.75e-06,0.059488347883549,0.0686534361422065,0.0103562390919763,0.0001530659801807,0.0002585158802994,20.378225057939446,False
275,4,0.0002889898113647,0.0430112389471588,4132.923329003919,3.0,4.719834205625686e-07,2.75e-06,0.0590339918455836,0.0691479553050022,0.0448543293414379,0.0002416094452413,0.000739383984333,20.521909795404063,False
376,0,0.0007108794889005,0.2848860435876677,3732.85642635987,3.0,4.6069362709293074e-07,2.75e-06,0.0848708591696948,0.0689826579326683,0.0644401060490669,0.0002980518321719,0.001121978848148,20.58314856263581,False
93,2,0.0007746029186366,0.2618333837705969,3210.852915477907,2.0,4.802087070096464e-07,2.75e-06,0.0704769168053544,0.0694892182257316,0.0590546658364486,0.0003584777141072,0.0013767769999056,20.665698380899332,False
472,3,0.0014192574643877,0.1995949558404548,8104.361122862326,3.0,4.695980053798687e-07,2.75e-06,0.0711057695411966,0.0703975480612765,0.0348125687062228,0.0002102208688254,0.0006724183654538,20.9346239167252,False
329,4,0.0001588107167095,0.0757984064214054,2249.755154596726,3.0,4.7061332564312797e-07,2.75e-06,0.0763730587337567,0.0706626317076203,0.0601134679248295,0.0002599272581873,0.0011414481299851,21.034753862221482,False
158,3,0.0014319688534284,0.0582841482907919,10167.473188550544,3.0,4.7516719345323285e-07,2.75e-06,0.0516190669466571,0.0711925542675394,0.0290598424805513,0.0003894214793731,0.0004893558991982,21.099147284583044,False
213,1,0.0005090432045005,0.0276923968262773,7008.834854218851,3.0,4.727795180843972e-07,2.75e-06,0.0528314358485311,0.071215465696321,0.0313807739902449,0.0003003470239598,0.0004994916356079,21.109525323239026,False
310,3,0.0004091795711555,0.1115990590732196,2526.503392822362,2.0,4.636865978259166e-07,2.75e-06,0.0890554723115376,0.0716075784846179,0.0568940445143105,0.000342564627665,0.0013175305975171,21.371176755634217,False
242,3,0.0106317917847782,0.0534158471343043,20544.16352144521,3.0,4.629558793790011e-07,2.75e-06,0.0649667710611434,0.0720755787563136,0.0106670113355708,0.0001810097560298,0.0002452440086805,21.40308334763535,False
307,2,0.0011577120396247,0.0069416104876557,6867.3635101572,1.0,4.6969668692795204e-07,2.75e-06,0.0635296164070008,0.0731590937997267,0.0083824672344628,0.0001838003587547,0.0002745092007561,21.71611378995593,False
264,4,0.0003665183251254,0.0073959894321889,8909.940819459041,2.0,4.687559786063813e-07,2.75e-06,0.0507064334308293,0.0733244776900963,0.0131756995373028,0.0002581108759622,0.0002820432129822,21.72385458647839,False
247,1,0.0022989639850669,0.0613000180000652,9916.707759566749,2.0,4.663407708566352e-07,2.75e-06,0.0715366090692797,0.0733026428416557,0.0253668782159651,0.0002328773569682,0.0005685414400501,21.788394563170048,False
323,2,0.000258881007717,0.1447282565186361,2059.5470170388503,3.0,4.569436285275064e-07,2.75e-06,0.1172137438266879,0.0739511537680274,0.0817475905794029,0.0005348921357362,0.0015789142887025,22.215189985206607,False
6,1,0.0034004789743288,0.221764631904607,13914.837475983182,3.0,4.686085792442776e-07,2.75e-06,0.0598163953111149,0.0777276599212533,0.0251268464044553,0.0002908899959431,0.0004578138871254,23.046512178214833,False
156,4,0.0003720448273569,0.1907966454787427,2264.185050302872,3.0,4.466974060632969e-07,2.75e-06,0.1369918887298615,0.0768049088550674,0.0855675246792143,0.0007379001259192,0.001613398723065,23.17594415934337,False
344,2,0.0014328492859648,0.0143888555432942,9363.868022385805,2.0,4.589715418929192e-07,2.75e-06,0.0835202903578225,0.0783230441424816,0.0209821486645657,0.0002288408815747,0.0004625543265482,23.310143069949678,False
77,3,0.0020340625790463,0.1305724958235314,10375.965509189384,3.0,4.673552861749461e-07,2.75e-06,0.0731167336487879,0.0791652854737491,0.0347406050615685,0.0002265785966977,0.0005759315118151,23.514950055850704,False
45,2,0.00184871610345,0.002542022726731,16696.979833566344,2.0,4.741418836976193e-07,2.75e-06,0.0539674503148381,0.0794849254356928,0.0043904485525947,0.0002715764198371,0.0001445330041651,23.546209216433105,False
348,1,0.0006312507474003,0.2496748198294482,3140.319907758751,3.0,4.543010922953171e-07,2.75e-06,0.1220457564297498,0.0785071771253204,0.0768232890367034,0.0005566314079596,0.0013796210647405,23.568691604479024,False
115,3,0.0002731285568133,0.0071311850909193,10880.25141462134,3.0,4.622957915315737e-07,2.75e-06,0.077906809230633,0.0801164502295684,0.0137332454610454,0.0001692224509797,0.000238509955869,23.812612459605464,False
458,2,0.0042833875057535,0.2862504440640455,10855.737697272418,2.0,4.610557427466836e-07,2.75e-06,0.0908047824847481,0.0811611854615898,0.0223479590790019,0.0002917712170579,0.0007410904317546,24.173763745086834,False
243,3,3.485250817634933e-05,0.0106113636690163,5841.40622354458,3.0,4.617136225506454e-07,2.75e-06,0.0800833234501183,0.0827040589667552,0.0025145473032921,0.0001611141942224,0.0001703909015448,24.580369631507555,False
223,4,0.0059871009304905,0.005333077619009,19786.856828452037,3.0,4.786687423621606e-07,2.75e-06,0.048436158067584,0.0839197350338728,0.0068812089038744,0.0004172876963134,0.0002023163016069,24.837984950007225,False
331,2,0.0005978275771635,0.2076484231893834,2207.8361527871907,2.0,4.6773075718059225e-07,2.75e-06,0.1075588948624195,0.0842646883729352,0.0736129543018433,0.0004029436860735,0.001874356160616,25.162809291850873,False
448,1,0.005452624495553,0.2830154755923184,11476.112602703177,2.0,4.519117016577835e-07,2.75e-06,0.1143764458441477,0.0843551436268902,0.0209461318493564,0.00050498190883,0.0007663118318625,25.22561231835266,False
287,2,0.0002913031113747,0.0076828360755384,4187.891957607497,1.0,4.7026719623292827e-07,2.75e-06,0.0822971876540273,0.0851125709003868,0.0168690096650946,0.0001921359283105,0.0004514967628167,25.295733342088635,False
282,2,0.0013740951876278,0.0056013143589435,11568.678426622411,2.0,4.459312997650159e-07,2.75e-06,0.1082661374411096,0.0857475991947264,0.0117857959422634,0.0003963832679151,0.0003072100687979,25.59951835767948,False
360,4,0.0006377014255618,0.0342497685974471,4190.944364791193,2.0,4.700693625333449e-07,2.75e-06,0.1012597254951688,0.0861870763576518,0.0386042436836697,0.0003041980315423,0.0009498975380216,25.69326798450999,False
394,0,0.0115556844732744,0.0251079943320048,17162.767092154412,3.0,4.73513773879556e-07,2.75e-06,0.0658168342609149,0.0870810706660942,0.0109353118315363,0.0002847174385581,0.0003222143251412,25.81609440438644,False
217,2,0.0003001316096787,0.0885479253501212,2346.1438184613808,3.0,4.590376875693685e-07,2.75e-06,0.1266995357989571,0.0865184706827325,0.0808466196038779,0.0004976890253307,0.0015433274998369,25.926167458813755,False
250,3,0.0015939551099018,0.130031779488338,5327.254156958592,2.0,4.631710436835685e-07,2.75e-06,0.100620591773691,0.0881552642883282,0.043729554504013,0.0003101163784439,0.0010933981502562,26.26609853905731,False
75,1,0.0087931522978869,0.2810746504815768,16907.247655845553,3.0,4.807987625736042e-07,2.75e-06,0.0424659221159956,0.0905703210267428,0.0136102354167076,0.0006417026029936,0.0004057978205607,26.78535460982532,False
262,3,0.0002854498297101,0.0147292454771676,4353.965232563964,2.0,4.6628520393108476e-07,2.75e-06,0.0900169486694369,0.0902979756834168,0.0301450292539933,0.0002108725763401,0.0006759443355723,26.84768978216286,False
14,0,0.0010247242724199,0.2621283057174438,2185.079816185812,1.0,4.653363794964006e-07,2.75e-06,0.1141836901702912,0.0901106049608269,0.0603377711965168,0.0004330858467815,0.0017565778978157,26.904171761780066,False
59,1,0.0008534538388198,0.0412995089573035,4408.393648717722,2.0,4.6610374869576373e-07,2.75e-06,0.0989692911928668,0.0907475887902791,0.041009439024633,0.0002724796996317,0.0010324159241899,27.017543340536594,False
267,4,0.0002982195544867,0.0529596757253712,2749.250475203638,3.0,4.5607609380831174e-07,2.75e-06,0.1158181130807772,0.0910293748108033,0.0645925468682402,0.0003509711548583,0.0012423313899218,27.180911802752306,False
207,1,0.0005494375349593,0.0088423086692171,4264.665971128919,1.0,4.537860003580436e-07,2.75e-06,0.1126698851993059,0.0916581423622994,0.0177522302486103,0.0003537381544575,0.0005352632413184,27.34859818379839,False
252,1,0.0002450358659453,0.0402966573583209,2199.222637533272,2.0,4.758566791596678e-07,2.75e-06,0.1043026476714098,0.0924619064019889,0.0576806766570825,0.0002902418407836,0.0012792044625537,27.54357736213833,False
266,4,0.0020393610969519,0.2010162289954763,8102.067515493552,3.0,4.736899111710149e-07,2.75e-06,0.095332243525761,0.0929687795248694,0.0420082201539136,0.0002353322265733,0.0008375071372054,27.65271872036549,False
30,1,0.0010835823724526,0.1230070304875602,5133.38940643808,3.0,4.650897125053557e-07,2.75e-06,0.1082872888529667,0.0928001228448092,0.0477645791875629,0.0002868575845842,0.0011278728709138,27.66115240323987,False
419,0,0.0003632124308702,0.0107523322067216,7932.802402386898,3.0,4.594200528494567e-07,2.75e-06,0.0939802974031262,0.0932057754416668,0.0222218934709371,0.0001864742885841,0.0004239647616402,27.71659876157992,False
91,2,0.0014415428082136,0.0038024147812925,11704.311543353288,2.0,4.726968877400384e-07,2.75e-06,0.08218539497424,0.0949162119884365,0.0105086473524997,0.0001859021354006,0.0002791794313862,28.173526851565132,False
171,4,0.0116065356759977,0.1424745843215244,10342.083681269922,2.0,4.686461366617206e-07,2.75e-06,0.075999188574713,0.0986294903377042,0.0210433161126301,0.0004820732102444,0.0009678021714935,29.244282116050435,False
260,4,0.0001096658848119,0.0019138171994025,13514.979941119516,2.0,4.5940279913030637e-07,2.75e-06,0.1018936845189052,0.0990084229051511,0.0007629390027415,0.0001907639954067,0.0001121996503272,29.45069785905066,False
177,4,0.0005456573291206,0.0773154475866234,2341.1098232088866,2.0,4.7434778279022283e-07,2.75e-06,0.110611980496611,0.0990988909825496,0.0648992264605807,0.0003774511702472,0.0018103843881912,29.515296937952588,False
167,3,0.0027431468621074,0.1991744796216075,9438.771509531714,3.0,4.586220992505613e-07,2.75e-06,0.1077300216842635,0.1000769565277616,0.0400505719293924,0.0002474660084079,0.0007910577204459,29.788860497712747,False
151,4,0.0014758683602199,0.2640943873295742,2667.8889619465504,1.0,4.530020900227667e-07,2.75e-06,0.1376723180763535,0.1003358870105943,0.048698492559482,0.0005255038749011,0.0017476904168569,30.013504105968643,False
1,0,0.0011433161605854,0.0010343124452034,8953.649170532315,1.0,4.589501929417978e-07,2.75e-06,0.0985638435571569,0.1011292542766924,0.0017212135009289,0.0001577312208411,0.0001367553477567,30.05903195710002,False
288,0,0.0013836439891639,0.2447594017051124,2505.5116149703367,1.0,4.686493961346243e-07,2.75e-06,0.1220228421509586,0.1014440662695611,0.0530101865742634,0.0004122663303156,0.001780355136195,30.25525577633502,False
283,2,5.488959158598861e-05,0.0156214733543089,3203.879939091761,3.0,4.6999962775351116e-07,2.75e-06,0.1091232679646191,0.1051961908131806,0.009741078260165,0.0002013642815864,0.0003710925915102,31.294917728422575,False
303,4,0.0004173377105769,0.0956386925235474,2080.959367008493,3.0,4.704387171044313e-07,2.75e-06,0.1114209194747699,0.1052168306762494,0.0902974974156653,0.0003082859879296,0.0018975279748498,31.31078048657524,False
401,4,0.0016419341543796,0.112985682358403,4380.891021633205,2.0,4.683079238230719e-07,2.75e-06,0.1211986553569316,0.1073170879066819,0.0522211650975095,0.0003437464497497,0.0014559524766724,31.969439559346124,False
344,0,0.0004982813366861,0.0919463880739535,2424.098075509564,3.0,4.577769109514571e-07,2.75e-06,0.1531561966632619,0.1075174279242925,0.0884908256608227,0.0005325258084407,0.001797984999643,32.193614874482805,False
146,0,0.0036405426604333,0.0909461820608418,7996.165265422424,2.0,4.642460829024833e-07,2.75e-06,0.1179718844845883,0.1084736453520398,0.0313134740191685,0.0003186895208619,0.0011114402960069,32.293517122521095,False
241,0,0.0006756857059268,0.0505719969082643,2034.790841801229,1.0,4.823020856364915e-07,2.75e-06,0.0942998202998515,0.1117230501612139,0.0580278159609519,0.0005092516373919,0.0017619929859188,33.15370431485802,False
203,2,0.0018873005154488,0.0760052918251092,2910.780064724122,1.0,4.566152324072595e-07,2.75e-06,0.1456020528868906,0.114566794816653,0.0394954280050855,0.0004312804441396,0.0014696519697589,34.20822445006136,False
399,0,0.0009427733736447,0.0231882831166866,4483.212465231518,2.0,4.547165850104951e-07,2.75e-06,0.1437371887281956,0.1157734770176092,0.0427623338662511,0.0004120341475961,0.0011815329548049,34.55118430431135,False
339,4,0.0002959900524303,0.0246115502456291,2441.410740930716,2.0,4.545019662031378e-07,2.75e-06,0.1508456931214309,0.1207845817168505,0.0565658442658391,0.0004194133137821,0.0014424792931529,36.05117472913552,False
225,2,0.0064105355767872,0.2994358845112332,11477.852473252378,3.0,4.738839850050325e-07,2.75e-06,0.1095571702336712,0.1219348964655899,0.0235461042808881,0.0003207126916848,0.0007507605903667,36.20768304569363,False
175,3,0.0001732943089618,0.0036736641554068,10469.489535668392,3.0,4.682492297931177e-07,2.75e-06,0.1062235156326263,0.1235990422517993,0.0067413517385385,0.0002161817470078,0.0002627816382185,36.68450405509316,False
275,3,0.0016932399650989,0.1651719241989071,3552.821528697564,2.0,4.656601453132938e-07,2.75e-06,0.1582062556493263,0.1243342698448708,0.068251291543925,0.0004578791823469,0.0019497576699982,37.125656626830114,False
272,4,4.941208172674816e-05,0.004665638726514,8369.769673014318,3.0,4.610753451888856e-07,2.75e-06,0.1312390342510602,0.1249969698167189,0.0016903149386148,0.0002062693924605,0.0002374305594376,37.192173087545704,False
327,3,0.0004904360973557,0.0231382601639081,4038.018309671116,3.0,4.5727672997194105e-07,2.75e-06,0.1491576418474662,0.1248695703471238,0.0487218373678504,0.0003464775513987,0.0011862053691671,37.236729538706726,False
477,3,0.0143365490077106,0.2610244833902868,8164.16286600394,2.0,4.601724505244501e-07,2.75e-06,0.1432747634146454,0.1253887657275827,0.0277039287203132,0.0003736196858433,0.0014747651177125,37.36064458714373,False
178,1,0.0005253714654691,0.0149001052154533,3725.393414060479,2.0,4.526062864508919e-07,2.75e-06,0.1601602299155129,0.1281455391348407,0.0417397464751535,0.0004503973107,0.0011342909619213,38.24885328791319,False
437,3,0.0001552249242423,0.0042541454892303,9104.23133437799,3.0,4.553956197593394e-07,2.75e-06,0.1449931091028782,0.1286416231788026,0.0102912567744222,0.0003058057563051,0.0003051280590898,38.32063031525983,False
193,0,0.0012520767757957,0.120447485949642,4094.937340710645,3.0,4.552883926346691e-07,2.75e-06,0.172469211986744,0.1287174108515743,0.0677543805352258,0.0005105280348469,0.001713632580109,38.48048380175342,False
94,3,0.0002948860066057,0.0061099430157823,5303.769984492465,2.0,4.454561171821181e-07,2.75e-06,0.1713950656988871,0.1298911651055261,0.0229389281583243,0.0005778581179768,0.0006003801389966,38.817103978909,False
212,0,0.0001410607370008,0.0163090770594118,2230.169521238648,2.0,4.632194332588682e-07,2.75e-06,0.1417482093431334,0.1324933257456717,0.0427907465987575,0.0002539421780893,0.0010727335702018,39.43406744588512,False
203,4,0.0004457474202665,0.031979212538231,3032.166530280429,3.0,4.68464373318162e-07,2.75e-06,0.1462021048137951,0.1348114207161808,0.0722719274889957,0.0002757730048636,0.001514561778001,40.132664336721824,False
300,1,0.0002320686637267,0.0043141142780067,8700.700350062401,3.0,4.670167894027515e-07,2.75e-06,0.1248415638162587,0.1372361362702604,0.0107460567890744,0.0001952023321812,0.0003798801545393,40.756946650017476,False
284,1,9.086745946006876e-05,0.0011516982427488,17058.24760550989,3.0,4.806901372977248e-07,2.75e-06,0.0999679687119046,0.1385890207939905,0.0013290014428789,0.0004739880899238,0.0001719035114858,41.071726220551035,False
96,1,0.0043516849597678,0.0126870893723931,9510.591710956836,3.0,4.668489678295061e-07,2.75e-06,0.1433725268160206,0.1414332097414049,0.0231560582080405,0.0002145232657334,0.0007244279261997,42.06113898240446,False
265,0,0.0018073310489173,0.0374381440394194,2460.153142132408,1.0,4.666355563733256e-07,2.75e-06,0.1685504512312252,0.1484261064633772,0.0438386674135817,0.0003428391578356,0.0017905786651848,44.2199580387275,False
91,4,0.003649970591304,0.1407284654723277,7626.904187014304,3.0,4.876139593073848e-07,2.75e-06,0.1202144965595235,0.1500352370577202,0.0448357906376029,0.0006474889217419,0.0012744886821508,44.50121392957976,False
496,4,0.0050647065894547,0.1311456867165232,6031.12763512894,2.0,4.4905870454787646e-07,2.75e-06,0.2047305522071622,0.149958313300318,0.0405701112470125,0.0007004232411808,0.0019330993392794,44.85136404299863,False
473,2,4.921892050621486e-05,0.0049433575070531,4429.0768281775945,2.0,4.707019712000472e-07,2.75e-06,0.139925722864104,0.151835215618544,0.0059204839616875,0.0001776446704406,0.0003845946375198,45.09938247754256,False
354,2,0.0002710481506788,0.0083730384510076,3542.3842130786866,2.0,4.786736722815988e-07,2.75e-06,0.1448909809943197,0.1537258537583229,0.0346796261215238,0.0002771221048496,0.0010043609867706,45.67321644686856,False
286,1,2.669438100289978e-05,0.0037260126938699,7947.79856034102,3.0,4.767150578056033e-07,2.75e-06,0.1147573528787358,0.1560072664474264,0.0025645575811536,0.0005336449638571,0.0002902164416366,46.240363948668325,False
475,3,0.0021320681914007,0.0777636960030818,2112.171757734325,1.0,4.730426132677128e-07,2.75e-06,0.1753799624142479,0.1563564400985155,0.054987596487292,0.0004663404076574,0.0024005691479722,46.57261223863247,False
488,3,0.0001101002271897,0.0013906110059673,14040.488664735029,3.0,4.555289642097413e-07,2.75e-06,0.1779545482844759,0.1563548352265699,0.0016713199775777,0.0003188956160982,0.0002296416900535,46.583982768327644,False
101,0,0.0057990242237004,0.009542267943429,5944.998093177371,2.0,4.704734247869793e-07,2.75e-06,0.1530100640588358,0.1588030225670801,0.0314422285732238,0.0003715341132921,0.0012964154919798,47.19464910272663,False
140,0,4.962121450541448e-05,0.0012954329241114,8820.956103271023,2.0,4.6735854748288294e-07,2.75e-06,0.1636749829512852,0.1708484691374774,0.0032521080238982,0.0001590496881118,0.0002685587170199,50.770744595232415,False
183,4,0.0007543908235317,0.0081772975930398,4059.96236864992,2.0,4.7656770194173066e-07,2.75e-06,0.1673561230653815,0.1748624403315732,0.0375752834330835,0.0003631045115322,0.0013232883919202,51.96292758906641,False
401,1,0.0022257142940622,0.2211885685813273,3901.982344985,3.0,4.634623035193062e-07,2.75e-06,0.2356610492444491,0.1903235245575862,0.0988277069539204,0.0004161815873171,0.0026318227332705,56.79655001067143,False
369,3,0.0046379758981404,0.0588187138914414,4417.477321444081,2.0,4.620014484088025e-07,2.75e-06,0.2521189269150554,0.1987196420307543,0.0583629122627259,0.0005376991444032,0.0028739872171417,59.33299193769288,False
38,4,0.0010685872460495,0.0055271053119283,6238.4100406359,3.0,4.590740948332162e-07,2.75e-06,0.2357182192425455,0.2038791264762398,0.032480010755047,0.0003225390302509,0.0010428708490257,60.76040582028327,False
413,4,0.0002680685934333,0.0033851308969037,4620.058621548705,2.0,4.640290937450264e-07,2.75e-06,0.2245224598507611,0.2059774102999043,0.0164569867829945,0.0002043657920225,0.0007807738646345,61.323466160315306,False
458,4,0.0005893969709767,0.0036855392031394,4691.881881016187,2.0,4.675944548963562e-07,2.75e-06,0.2197303699952851,0.2093334963667923,0.0236985605469222,0.0002171907468346,0.0009962526457001,62.285808104323415,False
11,1,0.001564474298782,0.1907002041470488,2471.1230941983517,3.0,4.564376129942533e-07,2.75e-06,0.3060817530689627,0.2184017786509775,0.1343995712101423,0.000663388629539,0.0039061449003461,65.36660934690492,False
227,3,0.010431923081393,0.0863032012802856,3526.586970226412,2.0,4.70627121431914e-07,2.75e-06,0.327617775222919,0.2629270778601063,0.0678708839267869,0.0006294526728642,0.0047121515008422,78.47336616291972,False
470,3,0.0043982039091033,0.0854348835989364,4375.374685391103,3.0,4.734852119630733e-07,2.75e-06,0.2912247017505109,0.2715686442964303,0.0748859382961331,0.0007044695826882,0.0029611090675316,80.83013297609303,False
451,4,8.787716274997376e-05,0.0035833193378769,3422.3603136200863,3.0,4.676831582003681e-07,2.75e-06,0.3555266373395778,0.3149616768387671,0.018625219117202,0.0001974746473849,0.0011471763001002,93.82533451809373,False
483,1,0.0001775343473869,0.0034726785302036,3336.16075050204,3.0,4.531922774266355e-07,2.75e-06,0.4262307492070911,0.3333517974573832,0.0228761628789273,0.0004290071309853,0.0013954959139342,99.5480501427475,False
488,0,0.0026437553030504,0.0534904959961119,2558.7659308429884,3.0,4.454124088182639e-07,2.75e-06,0.4988232220357311,0.3484546516826919,0.1711197957450798,0.0007510643957581,0.0048345061333544,104.35091992119852,False
437,1,2.8967523869857456e-05,0.0016995054478194,2964.976144041296,3.0,4.457520809690088e-07,2.75e-06,0.7043076521649372,0.4878035477049996,0.020268021061121,0.0004586922223887,0.0017311605501409,146.11635122835835,False
