job_id,iteration,m,total_migration,pop,numClusters,mutation_rate,recombination_rate,pi_loss,fst_loss,ibd_loss,dxy_loss,genrel_loss
0,0,0.0014098642539448114,0.18182901282149316,14532.313208928628,2.0,4.6833317944085964e-07,2.75e-06,0.026131437795461013,0.027679249924027278,0.014124154775295661,0.00017440072356541777,0.00017915577365320982
0,1,0.0009777699537842975,0.1160324556477333,20209.675875901285,3.0,4.7172565388936e-07,2.75e-06,0.02909635562722926,0.023637131714805557,0.012035956152514753,0.0002815476640519827,0.00010136183695591452
0,2,0.00020677648291107106,0.2620036444740457,24508.221871353573,1.0,4.700126597174747e-07,2.75e-06,0.041013243023642176,0.0064735114762438034,0.003586748485961582,0.0002448004353404324,3.20898371151022e-05
0,3,0.0008398059461740957,0.04400598622271392,23727.38509214043,3.0,4.502967845213014e-07,2.75e-06,0.039472805260389134,0.024670885209112873,0.010139160397703368,0.0003314069818958693,7.766596821754587e-05
0,4,5.498117896104564e-05,0.04590246015510495,7113.391929786516,2.0,4.569769215217211e-07,2.75e-06,0.02837798205931444,0.012480759337405159,0.0019971983912627513,0.000356871010635633,2.9428626427729588e-05
1,0,0.0011433161605854346,0.001034312445203466,8953.649170532315,1.0,4.589501929417978e-07,2.75e-06,0.0985638435571569,0.10112925427669246,0.001721213500928964,0.00015773122084110052,0.0001367553477567618
1,1,8.359486546922644e-06,0.1583644478718614,12199.416556929804,1.0,4.783864980398098e-07,2.75e-06,0.050555577129761185,0.006015588634380147,0.0005111543837146299,0.00033049046907183635,3.171204054821743e-05
1,2,0.0003776297767134041,0.028840242592221375,13917.508625663448,1.0,4.7050889193105443e-07,2.75e-06,0.023039478273355566,0.015762744008045157,0.0070608566403990046,0.00015946686177390572,5.5539914683418056e-05
1,3,8.711335812460602e-05,0.043636040642487085,20016.23287198238,1.0,4.730466168394574e-07,2.75e-06,0.03609094096519448,0.005719815735323746,0.0019592182906573072,0.00020091895617092774,3.070965149711292e-05
1,4,0.0001106901512011679,0.02608690136410786,23087.810694183754,1.0,4.550460860375611e-07,2.75e-06,0.02081999375079688,0.006868025242336952,0.002889857364080216,0.0002493235687705533,3.0336931352816106e-05
2,0,5.3518822522639413e-05,0.16589874336361274,12012.415030220369,1.0,4.640774627117105e-07,2.75e-06,0.021220224202412024,0.005914294013529582,0.0005317210902995711,0.00019101007350815998,3.152814900506917e-05
2,1,5.0090511692852034e-05,0.19082131918028106,20819.214591162414,3.0,4.5218537140687145e-07,2.75e-06,0.02274696422080839,0.005834955129172779,0.0005009201555086767,0.00035993631283338484,3.1431220291163516e-05
2,2,1.6239961335620427e-05,0.29188972174803784,8831.422213476819,2.0,4.613800470225176e-07,2.75e-06,0.02097188001827951,0.005956527060147917,0.0005052120882886077,0.00023357523990027852,3.0500243511713624e-05
2,3,0.00020873458683654846,0.11124141058715406,12779.492435823042,2.0,4.703444849126295e-07,2.75e-06,0.022822049785171095,0.010760646368971867,0.00849649464124791,0.00014511860277328752,6.969000819864636e-05
2,4,0.00021229057991681397,0.29036532402677656,13500.192306914985,1.0,4.568214189030418e-07,2.75e-06,0.020961265423606518,0.008327382250001148,0.006342837823765615,0.00025038087607763435,5.026659787098966e-05
3,0,0.001462807621000638,0.0882714216738833,13749.03491954625,2.0,4.686738062222244e-07,2.75e-06,0.025358277377369887,0.0353970421699348,0.015947482627220604,0.00023689393460546578,0.00020999078616463826
3,1,9.351145910307219e-05,0.13324295309519094,2687.15285020704,3.0,4.5255057518954896e-07,2.75e-06,0.0665120018275039,0.024982468099512368,0.01690545816993522,0.0006745580285820547,0.0003082085848019524
3,2,0.0005754735525653818,0.09290818896846006,15492.25928731587,1.0,4.4496899728412646e-07,2.75e-06,0.03217651215722962,0.012356760120187833,0.007267565601760297,0.0004186142157869862,5.255382276757466e-05
3,3,6.577856925811927e-05,0.11739137726669463,23536.8239467899,1.0,4.607108557224996e-07,2.75e-06,0.02283126715167144,0.005964182368845554,0.0005622320944529511,0.00015950348051235418,3.208181961302387e-05
3,4,0.00014798914715302561,0.16835222871653527,10315.989550439297,2.0,4.58190425963499e-07,2.75e-06,0.022739786977195097,0.010225841890317576,0.008710965696479568,0.0002466862236765132,8.119877529776317e-05
4,0,0.00010787927164319207,0.2928053079894653,18440.767854510388,3.0,4.69268850871171e-07,2.75e-06,0.03655893869580348,0.005727968340167158,0.0022638579030818838,0.0001922296336353459,3.1473665168073516e-05
4,1,0.00015359611386080995,0.13143745972133372,19925.807201256306,3.0,4.471713805492173e-07,2.75e-06,0.033171859936269456,0.008861988186141777,0.006869277945042042,0.00048124391918902824,5.0366117295932094e-05
4,2,0.0002529456692271233,0.23689179578051828,21924.653867379064,3.0,4.6378314439880965e-07,2.75e-06,0.021448343131038466,0.009078472106064179,0.0074817348443864465,0.00016975844992436228,5.0821584240683244e-05
4,3,8.643335799812701e-05,0.1593726470253761,23564.146430871664,2.0,4.581116130024382e-07,2.75e-06,0.02350697110640308,0.005597791827636009,0.0010957817029032318,0.00014888963090032797,3.156512701284258e-05
4,4,1.807801392303119e-05,0.18817483406446692,19650.314243072848,3.0,4.80253734181825e-07,2.75e-06,0.05531094608508516,0.005853667585506354,0.0005083579080737379,0.0003959920770084887,3.140388359659715e-05
5,0,0.00019383580143373438,0.06301574660182792,23128.050882572195,1.0,4.615357045696674e-07,2.75e-06,0.0257359267018666,0.006615987998147675,0.0038436006633062367,0.000138296253423631,3.1647214918398694e-05
5,1,3.0425164937729203e-05,0.05731636859837549,3857.049181592122,1.0,4.59443675934301e-07,2.75e-06,0.021971870440970088,0.00911051868178815,0.0005372487579679994,0.00024913159294213293,1.9882594845044763e-05
5,2,8.231657500349338e-06,0.189636372663845,15336.269634359536,3.0,4.581392785776263e-07,2.75e-06,0.02093932761621244,0.005774174768631427,0.0005098155347046709,0.000239120599484126,3.080343588355719e-05
5,3,0.00023043601121002142,0.21095308423796724,19928.835467777186,1.0,4.463832486031737e-07,2.75e-06,0.023172962866019595,0.0071131855468669,0.004728348337089972,0.0003442860316512349,3.5477508627295954e-05
5,4,0.00040283643436804045,0.06092962179202499,18023.293376348367,3.0,4.761365011228111e-07,2.75e-06,0.031821674946466934,0.016834672886939045,0.010289862310754135,0.000280649824213219,7.330568336292369e-05
6,0,6.26456769492425e-05,0.24736873691734954,2959.0223916807477,1.0,4.7142352736279793e-07,2.75e-06,0.02110603324505127,0.005442466260650193,0.0010241054936559156,0.00017934456224557812,2.854935672362216e-05
6,1,0.0034004789743288448,0.22176463190460707,13914.837475983182,3.0,4.686085792442776e-07,2.75e-06,0.05981639531111497,0.0777276599212533,0.025126846404455384,0.00029088999594316373,0.00045781388712548495
6,2,0.0003727887289001418,0.22192199314343167,18310.030267966846,1.0,4.7053544159052375e-07,2.75e-06,0.04187443713355865,0.007887056704396605,0.005780176904742341,0.00028686631017509285,4.138426215916473e-05
6,3,0.00012488993930759282,0.21618275393599581,24866.771083704563,3.0,4.7364025267939805e-07,2.75e-06,0.03964554167406106,0.006284105796909092,0.003512728511477818,0.0002348251554218703,3.2463108739115054e-05
6,4,4.148163280520171e-05,0.2249532151554955,18653.623050468832,2.0,4.51032660554045e-07,2.75e-06,0.02316704312877302,0.006068704581164316,0.00048806198365477886,0.00037989670990439065,3.182804555010621e-05
7,0,0.0012626383530108885,0.29439685359898077,14385.405019439975,1.0,4.6029062014925814e-07,2.75e-06,0.024898394032550356,0.018410785487260148,0.008778616850774737,0.0001844115011915014,8.725842028171485e-05
7,1,2.9503396575388812e-05,0.24212171083131262,10761.646062416383,3.0,4.7599042727871294e-07,2.75e-06,0.05046590044472374,0.005758252987682402,0.0005003728734124352,0.00033773863766934547,2.9789234865464095e-05
7,2,2.8676842793745113e-05,0.2563883758864616,6003.213574106008,3.0,4.7258403838450113e-07,2.75e-06,0.033066908814045066,0.0056870902676039005,0.0004896620435878442,0.00016342692025701059,2.557630035500874e-05
7,3,0.00012604934902133417,0.14579107072375538,16115.17980370557,1.0,4.44153456636138e-07,2.75e-06,0.028525492971453213,0.00616389101305017,0.003254425573130328,0.0004687012337958377,3.259720986938972e-05
7,4,8.402731250587858e-06,0.1368528797639201,10118.502416721078,2.0,4.6960194365444643e-07,2.75e-06,0.039418293815855314,0.005683750817900864,0.0005140362890709299,0.00021795221261797758,2.932124468133764e-05
8,0,0.00011466069179604047,0.07081849839318721,2262.1724983808876,2.0,4.748516668749537e-07,2.75e-06,0.04317127125560196,0.04617992559191001,0.03591683930075143,0.00020908998888824468,0.000674532299477588
8,1,0.0008330214631135844,0.1640158052627621,19500.598238867366,3.0,4.621362727495654e-07,2.75e-06,0.0257048114887999,0.019562342769342028,0.012112494318531918,0.0001557571802076786,9.00094852557041e-05
8,2,5.66919559577368e-05,0.02228285342505962,7169.708596265044,3.0,4.5730223356949164e-07,2.75e-06,0.03703286038055652,0.03362467262834042,0.004026177220440112,0.00021419818934246808,6.588423355386091e-05
8,3,0.00012727555918018964,0.17210346577501326,17182.776336315947,3.0,4.5827659088580336e-07,2.75e-06,0.021358933982642183,0.007824714550659096,0.00562552509604368,0.0002526796796802514,4.6483497938891104e-05
8,4,0.00012744626809988179,0.23967236752869298,2736.1875977933264,3.0,4.58389904490321e-07,2.75e-06,0.04392712321519026,0.029886046492873002,0.032694728089856774,0.00027449886357536457,0.0006114409784114028
9,0,0.00010016642153401711,0.1497319879402438,5078.079166063361,2.0,4.61917331512811e-07,2.75e-06,0.020911247434130642,0.011351772033543275,0.00853458879296682,0.00015454556589731988,0.00011753734874145273
9,1,2.348441941103389e-06,0.29137122435668267,18135.614269774225,3.0,4.673649662176305e-07,2.75e-06,0.026656664806356842,0.0061092579779629405,0.0005095674337930296,0.00013589316403928863,3.1683735984295435e-05
9,2,0.0019164194702649402,0.23050551869092373,10629.814933881271,1.0,4.7318070834463916e-07,2.75e-06,0.02943723303832561,0.031022202371942236,0.01154032869379036,0.0002770454978580051,0.00019325487185807487
9,3,0.00010491047437206826,0.2951831652496941,17401.504059073777,3.0,4.578816060247617e-07,2.75e-06,0.020934870713759685,0.005697574096921989,0.002179219318189198,0.00018205783941486618,3.139374666809774e-05
9,4,2.0603721032808223e-05,0.27067689813019696,24510.548936644558,2.0,4.67156876653882e-07,2.75e-06,0.03518849150627531,0.006292051241790934,0.0005047462519659119,0.000163615457789055,3.222640800890956e-05
10,0,0.0007369720313755732,0.15055210369077712,7170.322847209496,2.0,4.712941398425541e-07,2.75e-06,0.03206146785524385,0.03489922197299237,0.024305285178530252,0.0002125249307641779,0.0003869585282597311
10,1,0.0003901793561959644,0.2459805505662,9729.646442684694,1.0,4.686411533506832e-07,2.75e-06,0.0236722777734828,0.012232455963632127,0.011153254808273491,0.0001532514344397833,9.726430887922406e-05
10,2,0.0001699759734108545,0.04365101428045809,10586.837481183791,3.0,4.8147332945496e-07,2.75e-06,0.03895098723849362,0.02262302791397794,0.013751149875792602,0.00043029696666289875,0.0001304684739702388
10,3,5.260539041150738e-05,0.017933256241021187,19605.483818949262,3.0,4.729813573619096e-07,2.75e-06,0.03139572966778848,0.015816020529723394,0.001403037759296492,0.00029177238391492636,2.1001621308158284e-05
10,4,3.26507570107442e-05,0.25691289709559745,12119.711476598713,1.0,4.631469021640183e-07,2.75e-06,0.02342973905536512,0.0062451165030610505,0.0004964646252511441,0.000155542368852871,3.196039144951148e-05
11,0,0.0013793288205875493,0.12706108137631822,13164.823257858996,2.0,4.6194939959622773e-07,2.75e-06,0.032651904509384024,0.03233783817110731,0.01557797022992359,0.00018262246090280986,0.00021692092307519086
11,1,0.0015644742987820843,0.19070020414704883,2471.1230941983513,3.0,4.5643761299425325e-07,2.75e-06,0.30608175306896274,0.21840177865097757,0.13439957121014237,0.0006633886295390323,0.0039061449003461968
11,2,3.438019182620125e-05,0.026185942996617115,18392.696520843387,1.0,4.615241038029655e-07,2.75e-06,0.02122290118810903,0.006153703434518112,0.000491487508217327,0.00016767004839813703,3.0050005534972222e-05
11,3,4.652841042824441e-05,0.021727842045688204,13647.783918897472,1.0,4.6304768202677145e-07,2.75e-06,0.02117217324420464,0.0077214372248278285,0.0007844678100924829,0.00014970997881102367,2.7424284167894565e-05
11,4,3.980863970808769e-05,0.096810312115273,3618.7996874600085,1.0,4.62806910884246e-07,2.75e-06,0.021176390489652797,0.00663487672139294,0.0005709902210544129,0.0001673560974707887,2.258320214591769e-05
12,0,0.00020329313113533608,0.0799945045555404,14276.006047746849,1.0,4.5831114197326493e-07,2.75e-06,0.021028178836845875,0.00847538378483532,0.006070320150457775,0.00023555453572936093,4.568961333658068e-05
12,1,8.746438327004504e-05,0.1128503383185603,17547.944388835975,1.0,4.6464764325267013e-07,2.75e-06,0.026818708359287142,0.005590545697343176,0.001197088768931347,0.0001359427236390553,3.146851536362352e-05
12,2,9.203746577460877e-05,0.16994234125497143,20429.10379253204,2.0,4.699842500266743e-07,2.75e-06,0.04465714895463716,0.005540623381609937,0.0015543615792003931,0.00027326168947074825,3.1250957761555646e-05
12,3,3.471059743873147e-05,0.18980937015172863,5318.870796724388,1.0,4.551314217194315e-07,2.75e-06,0.02136970179312796,0.005733292791000822,0.000489066888504099,0.00029184053129855005,2.9127731224923176e-05
12,4,0.00012049895772685091,0.12751733037376792,15989.935302842612,2.0,4.55084618701981e-07,2.75e-06,0.021963008807025657,0.00703481630285776,0.0045640004026922055,0.0002978587510295206,3.9803681159255124e-05
13,0,3.4349387690733764e-05,0.24828355979841055,24212.231554988994,1.0,4.7165705726385176e-07,2.75e-06,0.03479579773431579,0.0063940894101937,0.0005029722021220051,0.00015990603880177757,3.2400901612271314e-05
13,1,0.0003414015414763574,0.21760546885508414,2805.840054333058,1.0,4.6711911493752257e-07,2.75e-06,0.04316266560081292,0.033290714301117054,0.036174432621689644,0.0002686037854566915,0.0006075746652556344
13,2,0.00013821182586604746,0.1853362302146862,6147.05518505846,3.0,4.6472428426136146e-07,2.75e-06,0.030723524378969563,0.01811669951505082,0.01796032366467051,0.0001626041011128611,0.00022788608512871862
13,3,2.020772973034467e-05,0.2079334416758172,8641.618759168006,2.0,4.657844092316635e-07,2.75e-06,0.02101137021295139,0.005732486959184252,0.000494039623044143,0.0002104503863931086,2.966066513954701e-05
13,4,0.0003461322551434652,0.09837461493601393,8370.916196827618,2.0,4.5552005072972827e-07,2.75e-06,0.03242760474363462,0.02138744291122067,0.015951792778308372,0.0002611405897488936,0.00018296766610351926
14,0,0.0010247242724199161,0.2621283057174438,2185.079816185812,1.0,4.653363794964006e-07,2.75e-06,0.11418369017029129,0.0901106049608269,0.060337771196516864,0.0004330858467815756,0.0017565778978157166
14,1,3.716166910427294e-05,0.06737648272832797,20549.07123225821,2.0,4.607413622244986e-07,2.75e-06,0.027190147017317118,0.005666159188631392,0.0004969964838748075,0.00013628895799597195,3.061966291371792e-05
14,2,0.00021298609980677,0.0340333534769805,8902.115549057027,2.0,4.679383017519333e-07,2.75e-06,0.02411960992399538,0.02468951708149751,0.01265484939437445,0.00015961952635086825,0.00013725053920719908
14,3,0.0003505420402766751,0.216539478485427,5919.250901142965,2.0,4.663023376710742e-07,2.75e-06,0.032032627095342554,0.02343522023447872,0.02197191619228185,0.0001735490158653293,0.00028848282522966
14,4,0.00014280802688564203,0.2079941955480068,24618.397149199296,2.0,4.599278308672692e-07,2.75e-06,0.020113432422664744,0.00624812048917148,0.0034107721237870725,0.0002078443907540234,3.204409801803938e-05
15,0,6.25945030578358e-05,0.017308964291929428,10315.384260029128,2.0,4.677633541271185e-07,2.75e-06,0.020909880172086646,0.022940608049446077,0.0037438704982837266,0.00013637821378494273,4.131596165190267e-05
15,1,0.0002811496334329768,0.2163321062420668,21911.445786373544,2.0,4.75869917770824e-07,2.75e-06,0.03906937912215928,0.007639106623355142,0.005523839844166489,0.00025182439583007693,3.9639561885697595e-05
15,2,0.000731681989063368,0.14304233280494835,13723.452033806057,3.0,4.5861856557526766e-07,2.75e-06,0.032305676592299715,0.024861080450105877,0.01658141175761595,0.00019941527751924187,0.00015123627321431845
15,3,9.76280216960166e-06,0.09069959695007364,14368.140046633229,2.0,4.6737818929043324e-07,2.75e-06,0.03175287363037748,0.005707278450822068,0.0005004543979787885,0.0001556200641627249,3.0018317387906585e-05
15,4,8.259681905226887e-06,0.12285685674174746,3832.3204239676497,1.0,4.5115775107315635e-07,2.75e-06,0.027479207493890833,0.005939267876846986,0.0004912039366009247,0.00045205220788813345,2.4745790128287116e-05
16,0,0.00012115773209139585,0.1662104369743543,3048.8448530545456,1.0,4.506123119848386e-07,2.75e-06,0.05176537221426584,0.014241793906534647,0.013043569722254277,0.000650261692688113,0.00021108924094616387
16,1,2.084326815528993e-05,0.20665649322498153,5933.514191164253,3.0,4.5762018864081625e-07,2.75e-06,0.021056894114885927,0.00583082554389595,0.00046532866073946253,0.00017561089518940628,2.3928620698765652e-05
16,2,3.4292591606962946e-05,0.09344444246625806,18262.47671082773,2.0,4.6237319821441637e-07,2.75e-06,0.02593182605765566,0.005645440481805209,0.0004837343321263461,0.00013628020834340315,3.083550906003132e-05
16,3,0.00033606024118654307,0.1639807131613954,19645.379791438114,1.0,4.3694815805541247e-07,2.75e-06,0.05280070126449827,0.007354310603638964,0.005057991555173298,0.0007720804820246168,3.6648075895766626e-05
16,4,1.2157288270679594e-05,0.19931780042948785,17869.232534312076,3.0,4.420592738401317e-07,2.75e-06,0.02895941650575698,0.005863001005963452,0.0005156735804492811,0.0005037010968161553,3.1256291340514736e-05
17,0,0.00015134606276455978,0.05845623608424846,3561.7082383997013,3.0,4.476824923682192e-07,2.75e-06,0.09452750310745127,0.052129804457491685,0.03917459692974443,0.0006379195365095019,0.0006166183042768861
17,1,7.40728374045624e-05,0.10834408134506468,23750.713296823375,3.0,4.484277135200582e-07,2.75e-06,0.03919904455159127,0.005435248044808628,0.0009637955062342915,0.0006348404931435931,3.0752394894432e-05
17,2,2.281216557353094e-05,0.16945267159790833,11109.09102908161,1.0,4.5488112039486664e-07,2.75e-06,0.02101641545911372,0.006008682442019656,0.0005070799499615941,0.0002517345920829476,3.15694221504482e-05
17,3,7.99508019483553e-06,0.08869520635124156,6571.79906060789,3.0,4.69181762936235e-07,2.75e-06,0.02219881671544203,0.008795008493885806,0.0005355093079823335,0.00013772031954237775,1.7784793761566463e-05
17,4,3.2211889790125776e-05,0.13449881983602063,22423.59598561558,1.0,4.678626360799738e-07,2.75e-06,0.04485419638182253,0.0061582996090253595,0.0005008864423094863,0.0002575821660285942,3.222248922173858e-05
18,0,0.00011265306241150203,0.26458044127646557,6182.325183545292,3.0,4.85403676526765e-07,2.75e-06,0.04818455352919654,0.009651234034194144,0.007869659796741792,0.00039722720289886204,0.00010327281934926585
18,1,6.330381834769095e-06,0.17929680894495645,8638.089571646393,2.0,4.7444286242703257e-07,2.75e-06,0.04792547726588823,0.00565400495884539,0.0005119733730363949,0.0003115764646679429,2.9297607809825736e-05
18,2,0.00037764597133536947,0.1572967355324936,23591.20384397434,3.0,4.6571825880082423e-07,2.75e-06,0.024670130164124764,0.010064743146279979,0.007927050791862567,0.00014193421720718534,5.129977024170328e-05
18,3,0.0002642710261108737,0.14718076753546175,19810.111796561832,1.0,4.728826267447343e-07,2.75e-06,0.03717865787798139,0.007156468622338063,0.0048479168446727726,0.0002235157447720684,3.550861270373416e-05
18,4,0.00021675758601692193,0.17275837400889738,2283.6483621071743,3.0,4.852322489716344e-07,2.75e-06,0.07471009693134252,0.06014709700033479,0.06930520089753651,0.00043251725754807243,0.0013152181927181383
19,0,0.0001393062963944149,0.07508139194989812,5177.02881195535,3.0,4.614471456845448e-07,2.75e-06,0.03789198936800907,0.031737567367047116,0.025736594106707183,0.00019395057635297926,0.0003486100518710087
19,1,4.106526876969139e-05,0.18197323153001796,21527.340752092234,2.0,4.6074088026877456e-07,2.75e-06,0.026076765743837157,0.00601409405844574,0.00048360027829428805,0.0001375680945121681,3.188016588915424e-05
19,2,1.3593316541379461e-05,0.15793233320026207,16780.608480883246,2.0,4.6342234778180463e-07,2.75e-06,0.034072375438318266,0.005856154226501261,0.0005065649902390557,0.0001616859850006406,3.1412994421599695e-05
19,3,0.0007487480113583619,0.22604684458096796,8597.101256663525,2.0,4.7055444743963564e-07,2.75e-06,0.030050924043540025,0.026809712426263854,0.020096565756726446,0.0001818928122784599,0.00027631464139939974
19,4,1.0365971553751663e-05,0.10383344623096816,9689.165159969218,1.0,4.5482294001201147e-07,2.75e-06,0.021795095739362697,0.005723682434154824,0.0005128602613513988,0.0003089594551395314,3.063995757836981e-05
20,0,0.000376534567176064,0.2684592188424124,20764.26197807673,3.0,4.6642354714389186e-07,2.75e-06,0.029942292912942814,0.010292687442785319,0.008846305546954534,0.00017726395694158496,6.022467314689335e-05
20,1,0.0009520178142682711,0.23575342330024968,18911.148808964215,1.0,4.6851604232446926e-07,2.75e-06,0.029158820624440047,0.012570271982268686,0.006649582321880314,0.00019555403211292125,4.8846917521531394e-05
20,2,2.7252384519432028e-05,0.0826153798795317,8173.1704834469965,2.0,4.890870716473625e-07,2.75e-06,0.0852405729592195,0.006688471169453508,0.00049509422644919,0.0008460597551151382,2.4746443270734757e-05
20,3,6.18281499810223e-06,0.15038202199219156,17626.45570372477,3.0,4.590578102959548e-07,2.75e-06,0.021059459301581502,0.005708610089825328,0.0005066313575630087,0.00018952952870782342,3.0833214361682e-05
20,4,0.00012130860036975463,0.08008864859801702,9141.76565106484,3.0,4.457854782709577e-07,2.75e-06,0.04849642662305816,0.01630272686651264,0.012189266560272657,0.0005718650285974755,0.0001250151077664487
21,0,9.250140297769543e-05,0.21728990404936896,2497.1737480668453,1.0,4.6356791436394646e-07,2.75e-06,0.021230384726569948,0.0078076149646786564,0.004957469181356831,0.00026635220720729866,9.50784910170816e-05
21,1,0.00020604035744734662,0.1760773828655796,3600.131956089813,3.0,4.664432378508079e-07,2.75e-06,0.05101815542848792,0.040284200668694294,0.04510140862458171,0.00022022235711062618,0.0007244504916955464
21,2,3.985985813188143e-05,0.12361549883311976,18407.289841343012,2.0,4.7754127230469e-07,2.75e-06,0.058102682150292885,0.0057140342299357,0.00047861210139150246,0.00043706722588178585,3.123188732883191e-05
21,3,3.1708185880118686e-05,0.08618291350919015,9525.889262207813,1.0,4.615130499036885e-07,2.75e-06,0.020914022976151834,0.0056531687662349575,0.0004845474905538183,0.0002085012010310339,3.0015380719665693e-05
21,4,4.985616242426278e-05,0.18544741334453038,17013.389683461748,3.0,4.711235398442614e-07,2.75e-06,0.03743046658612508,0.005713110255094051,0.0005074557635344762,0.00019054661755458528,3.088511652729763e-05
22,0,8.711641313135566e-05,0.1271614105943124,21761.185965990917,1.0,4.511995971219971e-07,2.75e-06,0.02354353247348818,0.005751115782962897,0.0008941709742125216,0.00038951402074964667,3.18781760557865e-05
22,1,7.790627793362462e-05,0.22453008881765069,6349.561170992926,3.0,4.6123321771825687e-07,2.75e-06,0.021254244413173598,0.0057443246445695,0.001833695789633733,0.00016310309623361182,3.2238791959770955e-05
22,2,6.968617836397536e-05,0.28726663188314844,19121.12137850529,2.0,4.731914982531936e-07,2.75e-06,0.04052795775937361,0.006051146365263283,0.0005834599499456272,0.00021252721841879673,3.185967024157181e-05
22,3,8.12265594094806e-05,0.2196094391739761,6401.889382770582,1.0,4.6385807435228145e-07,2.75e-06,0.028445384679452138,0.00553492140306179,0.0012874862123655598,0.00013884035728416817,3.0338976623237664e-05
22,4,8.885019322665899e-05,0.06026755274960174,19977.3232230193,1.0,4.5462528809794665e-07,2.75e-06,0.020740065013263066,0.005525668293843569,0.0016731645869990117,0.00022355155442225325,3.108697777156651e-05
23,0,0.00027195925859998594,0.23063792781907205,8495.104411243592,1.0,4.6483991707392797e-07,2.75e-06,0.022651568574217195,0.012109455306087388,0.011369965160678628,0.0001785480024440269,0.00010626734713589549
23,1,6.972075782650995e-05,0.1245790284576238,2056.692267620382,2.0,4.6401748359797686e-07,2.75e-06,0.02386440390378158,0.016575078878006508,0.006202761491064621,0.00022230858070817182,0.00013454415164135638
23,2,0.00035801223649854796,0.18885491138807384,4540.987420014497,1.0,4.59433184879484e-07,2.75e-06,0.04199583507950267,0.023401622012612432,0.02390976733837889,0.0003836984237228333,0.00030789648411942754
23,3,0.00017374754312893853,0.2619355253191544,11857.841684102586,3.0,4.742478418919639e-07,2.75e-06,0.0399789195385764,0.012550154339304708,0.012131208165914507,0.000287807980786959,0.00010635838501371594
23,4,1.5664199552091995e-05,0.165392587627902,15535.17390237388,3.0,4.633915230290825e-07,2.75e-06,0.020972606876646618,0.005705599099265688,0.0005062983232534036,0.0002299803439279986,3.059990643862792e-05
24,0,0.0007343519759637333,0.29993671752672907,9275.980489183992,2.0,4.5749966446076397e-07,2.75e-06,0.03953814807523315,0.023514010295124843,0.01847635174076837,0.00034764485976671136,0.0002381471022685067
24,1,7.330396255253156e-05,0.16951873219394129,14478.877164318725,2.0,4.459097379284444e-07,2.75e-06,0.03425044844831123,0.005517411933239954,0.0008919053700255815,0.0005754285285118227,3.073513474804569e-05
24,2,0.00019634642087891472,0.2770860874702606,23928.893120116707,3.0,4.631490102039309e-07,2.75e-06,0.026134593431344524,0.008380305854294822,0.006452200888586376,0.00014135400297060066,4.386996542166705e-05
24,3,9.70095596730051e-06,0.022137040312136813,14288.75458607501,2.0,4.6790565141388826e-07,2.75e-06,0.024705141947380705,0.011714983731748821,0.0004951411874753312,0.00015812407234596997,2.186576626554587e-05
24,4,3.10640548250482e-05,0.20630246076613323,12803.910133146403,1.0,4.7276104768496393e-07,2.75e-06,0.04097305366650039,0.0061619550014378015,0.0004962598333165432,0.00021569652281155233,3.190165841203827e-05
25,0,0.00014083370828259822,0.08465168221032073,6275.958338074122,1.0,4.7424052343410585e-07,2.75e-06,0.04028087841923479,0.013256020473841357,0.011188137535888695,0.00034991849420079325,0.00012023462225851934
25,1,3.6768077346637115e-05,0.11112409648579717,11254.411762726666,1.0,4.648334959428787e-07,2.75e-06,0.031007983470952977,0.005740923948423402,0.000498410237515837,0.00014584306168388084,3.102372900409952e-05
25,2,0.000607030262978671,0.1109183646748851,21236.61369011927,2.0,4.5494566247466574e-07,2.75e-06,0.026400350195925404,0.012629406267083467,0.0077958807144363805,0.0003111989290933905,5.605665032555617e-05
25,3,5.605635786836682e-05,0.2169790079102004,11683.081594966574,1.0,4.6061989159039756e-07,2.75e-06,0.022526079919937995,0.006050321376509064,0.0005257684130733932,0.00016542584403659902,3.167867206486295e-05
25,4,0.00032137473257092284,0.2700327675907697,16184.354298203914,2.0,4.785659854531635e-07,2.75e-06,0.04856911770858336,0.009472989356988933,0.007754747499711887,0.00039937672298609965,5.8459369875066295e-05
26,0,0.00013417702410083916,0.23148929846139202,20152.076931929776,3.0,4.469077030096942e-07,2.75e-06,0.03535476338761895,0.007199025129520032,0.004882016144714181,0.000551933822737847,3.940667389190269e-05
26,1,5.9218843465996965e-05,0.059485597492492166,6134.140674695976,3.0,4.736419317802015e-07,2.75e-06,0.029745480022495146,0.015331023089102969,0.0021899575238980727,0.00025732801621083473,3.4920805156324775e-05
26,2,0.00019346934852024314,0.12463689512751115,16918.241880103906,1.0,4.714171264885532e-07,2.75e-06,0.02509124878183604,0.00738061266865797,0.005131962326587519,0.00013982929319621902,3.837612836032852e-05
26,3,0.00015075059811969026,0.276697225519945,16163.727430637344,2.0,4.52155587980588e-07,2.75e-06,0.020071248360659818,0.0075343180308828014,0.005337421226076027,0.00020141162903328293,4.412440724202891e-05
26,4,5.3990676195723265e-05,0.281770730734777,16446.36869914754,2.0,4.584268255649251e-07,2.75e-06,0.0209412481647301,0.006102722947071151,0.0005162794447265419,0.00021392943031174781,3.1745325212093056e-05
27,0,0.0006878551712272515,0.22161918705990388,21964.07359723392,2.0,4.6178792679849177e-07,2.75e-06,0.022178996228857665,0.011491558079018796,0.007779434832655074,0.0001605946201713175,5.672658849346051e-05
27,1,4.77311066049487e-05,0.19994299573892285,22396.433614314552,3.0,4.5941504401512906e-07,2.75e-06,0.02096661556186837,0.005903922379778169,0.0004874531498921302,0.00020993845088919873,3.161597756847014e-05
27,2,0.0019914438931489167,0.07201128183544686,24811.340802628823,3.0,4.746565578110154e-07,2.75e-06,0.027363395675751644,0.03448551833285791,0.013004956338491193,0.00037561655139718117,0.00011350186406605823
27,3,0.0014047396896965032,0.2558304844928569,23364.535044313125,2.0,4.6607726692995846e-07,2.75e-06,0.021685817482437992,0.016380406627763435,0.00847520416454463,0.00015065600171913554,7.611915303292595e-05
27,4,0.0001561707859137704,0.15510354083572753,8856.064426254321,2.0,4.624963643532794e-07,2.75e-06,0.022989486243184087,0.01156934680709463,0.010113620272599669,0.0002068697860865362,0.0001003465800449132
28,0,0.00019532576468136152,0.03849012760277228,11144.624480102695,1.0,4.803712398656941e-07,2.75e-06,0.03697235790634485,0.012311064286435655,0.007552736805866697,0.0003026164444639603,5.9218787506515654e-05
28,1,9.676925557172314e-05,0.2922385304110651,7400.592155833187,2.0,4.744900415296871e-07,2.75e-06,0.04452295702823587,0.006062136675693017,0.0032293826675630494,0.0002917852076107406,4.4386847533225396e-05
28,2,0.0001462667459360176,0.09341116854721887,11880.083172614566,1.0,4.420764100775998e-07,2.75e-06,0.038326320490779504,0.008260034458331794,0.00602415294630894,0.0005675872716873672,4.993893670653448e-05
28,3,0.0011128462277830667,0.02830243791610435,19798.125847543623,2.0,4.7386113254275776e-07,2.75e-06,0.024044926424271265,0.028206069588935474,0.00985656323013319,0.0002910998563387394,9.510473157371705e-05
28,4,0.0003020989074132974,0.20352356358352594,5029.150277665905,2.0,4.7109231523197554e-07,2.75e-06,0.03452359230705107,0.025245174601058348,0.024776074162022155,0.00018458962056491988,0.00033619402011336356
29,0,5.34607102646816e-05,0.022976916425120807,19554.455699596554,2.0,4.7120698791105606e-07,2.75e-06,0.02622485064580443,0.009509287550291038,0.0012347016194218167,0.00015428880869225586,2.6144753638294873e-05
29,1,1.623550707558846e-05,0.07359592741116552,18567.09992875899,1.0,4.6475326702292116e-07,2.75e-06,0.02953478140863353,0.005803202013604058,0.0005071340646235939,0.0001392130269794983,3.173535907914291e-05
29,2,0.0003785835010125999,0.2437460260302464,2001.4604023564427,2.0,4.6908362230842235e-07,2.75e-06,0.07556178791166514,0.06595253565426988,0.07098950013944037,0.00033376280444170057,0.0015686420164272993
29,3,7.847506417673211e-05,0.22114199727700376,12720.578920633086,1.0,4.6925049506914107e-07,2.75e-06,0.04872714765063226,0.005908034058972905,0.0006479762733880696,0.00030865173421349215,3.1626250399641063e-05
29,4,8.394395004581772e-05,0.22759436245728604,11841.07901276833,1.0,4.84611665491662e-07,2.75e-06,0.063761000365479,0.00581281720960982,0.0008136828688328772,0.0005049106427294081,3.1451760599461534e-05
30,0,1.5015622946055863e-05,0.19991437160070058,5763.966700363327,2.0,4.790164443322248e-07,2.75e-06,0.05021950149659014,0.0056912448848813685,0.0004945974623969836,0.00034809395115574976,2.654991283540954e-05
30,1,0.0010835823724526937,0.1230070304875602,5133.38940643808,3.0,4.650897125053557e-07,2.75e-06,0.10828728885296673,0.09280012284480928,0.047764579187562904,0.0002868575845842949,0.0011278728709138003
30,2,0.00016476575923241374,0.28039935301753705,24133.154598308094,2.0,4.463807846208333e-07,2.75e-06,0.029021719625094703,0.0066475427543730954,0.003999992746231679,0.00047400088022449944,3.3147875646735994e-05
30,3,0.0008352285244054528,0.14271373762758394,10881.49803450749,2.0,4.5843860288643393e-07,2.75e-06,0.031182315489436434,0.02586362792662385,0.016217832376543104,0.00021519277429542182,0.00021107573089457126
30,4,3.5563723873602354e-05,0.11316822361525837,15181.035656007489,1.0,4.567433715945925e-07,2.75e-06,0.020977920541461997,0.005897902442156915,0.0004911732295944663,0.00020869004105827615,3.169210599309508e-05
31,0,5.367967104713793e-05,0.27351214068697005,3578.6859134737665,3.0,4.6151264205190524e-07,2.75e-06,0.021501947947093366,0.005920610145689664,0.0006740096083548412,0.00027176861862807767,2.113675416795501e-05
31,1,0.0006104802114622567,0.05928579662470618,12273.168131373728,3.0,4.6728319463083597e-07,2.75e-06,0.03220887671292937,0.03281683913961254,0.017657009045739285,0.00016083089946864132,0.00018733969864481509
31,2,9.52584314758481e-06,0.2379222073319749,11106.088279368954,2.0,4.664301570968155e-07,2.75e-06,0.028040800710039504,0.005922457270925471,0.0005047128811853706,0.00013608956855247202,3.0929479282418184e-05
31,3,2.0005582784681657e-05,0.19598482514708623,21990.54561095225,3.0,4.57528792542222e-07,2.75e-06,0.02122531359653836,0.00593429559208494,0.0005050764777523075,0.00019524605552806643,3.166355633293322e-05
31,4,0.0002885266971856142,0.07971899399924336,16156.156739539188,3.0,4.7182469568609154e-07,2.75e-06,0.025653933950348918,0.014459035993933651,0.01080254040079344,0.00016708623267683602,8.051543319901354e-05
32,0,5.925371683878278e-05,0.167538633399579,23980.100626810658,1.0,4.7383108101003263e-07,2.75e-06,0.047764231124251315,0.006192679488982725,0.0005110476209835513,0.00029142171505335977,3.225001775640878e-05
32,1,0.0007144665772453009,0.24911772724639802,2892.215869868423,1.0,4.5818743865120774e-07,2.75e-06,0.07585681596257232,0.051545573208286045,0.04224469941853546,0.0004469701388115899,0.000892727396440164
32,2,0.00011123595567012407,0.11049643053045526,24899.200632802334,2.0,4.538683227617699e-07,2.75e-06,0.02138468486956688,0.005797014657764926,0.002678506660628859,0.0003080699487366255,3.1292639611049405e-05
32,3,6.475967305390798e-06,0.03737287801643626,18182.284605859706,3.0,4.6496832425026586e-07,2.75e-06,0.024153289666792144,0.0085374273185516,0.000546897429931925,0.00013678787156891042,2.5592987177586222e-05
32,4,0.0005037857767958552,0.10790971266265827,3532.954819423238,1.0,4.783739854122701e-07,2.75e-06,0.03606063978869408,0.0430582940668229,0.033154650566647965,0.0003070785572208642,0.0005938351431377582
33,0,6.198484553579068e-05,0.12428224089896223,7986.892890398697,3.0,4.499413357297482e-07,2.75e-06,0.025392476550190612,0.006583232502484375,0.001045369299169671,0.00038853172035371733,2.4720297184689452e-05
33,1,0.0008281552618937169,0.14697643796515836,24195.616856916942,1.0,4.642014429160637e-07,2.75e-06,0.021325407534181412,0.009993189878761423,0.004947455855005215,0.00016696051486054438,3.364637605675001e-05
33,2,9.758665284640116e-05,0.12128777233554354,12379.703649201554,3.0,4.744048902449514e-07,2.75e-06,0.035274825275727416,0.007483094596098193,0.0042026827916382264,0.00021596926565452807,4.3805720353524184e-05
33,3,0.0002624402044966548,0.0253653188346074,23929.862780609896,1.0,4.6692874029622875e-07,2.75e-06,0.02784386421607596,0.008690631625702175,0.0038507763920503425,0.00016279555263363902,3.0286938325388862e-05
33,4,0.0001517614549607956,0.014394596604325526,12993.704667583335,3.0,4.837259867409824e-07,2.75e-06,0.02518590101414432,0.03608749832211778,0.010173761501511691,0.00043522000960542306,9.964336133775985e-05
34,0,0.00014415986204898874,0.005167254496065608,23531.646329953237,2.0,4.577075562526972e-07,2.75e-06,0.03577329082606096,0.030628173065011154,0.0034769232006555593,0.00023439651936526713,2.916563831918978e-05
34,1,7.435364100471347e-06,0.19554183544695714,21995.481156827787,1.0,4.508485177838056e-07,2.75e-06,0.022702115481526414,0.006312550605724512,0.0005091249894873543,0.00036924588294836913,3.23406908955817e-05
34,2,3.469314025755999e-05,0.21541608216953567,12868.341973526709,2.0,4.6067392665911817e-07,2.75e-06,0.020888296235169922,0.005888408659644111,0.0004890819646140135,0.00024898927604923086,3.1110868109281534e-05
34,3,7.045740878626573e-06,0.04808032759544521,12215.392190803786,1.0,4.684478539125762e-07,2.75e-06,0.03753900475311167,0.005875555209609361,0.0005117190772601956,0.0002086637000490965,2.985174004475879e-05
34,4,0.0001250939519150196,0.2481472097956869,24647.483783071286,2.0,4.700031723531955e-07,2.75e-06,0.03607533080308186,0.005891470545258743,0.002518376196249159,0.00018810175947334604,3.1629849647937894e-05
35,0,5.874172040700593e-06,0.07044611351066868,8380.764690390895,2.0,4.60772752468481e-07,2.75e-06,0.020905714044905575,0.007164884979206047,0.0004892837707299479,0.0002086617862991948,2.445786899027914e-05
35,1,0.00179270157506224,0.20469123517322288,20324.500627518086,1.0,4.6746971318061263e-07,2.75e-06,0.02834173775612688,0.016832260783574457,0.0060266557887371985,0.00021635545066816075,5.564439002981697e-05
35,2,3.0028780165478757e-05,0.04537117249891943,13863.176327563584,1.0,4.7136199851500805e-07,2.75e-06,0.032403146912350654,0.005767900289351098,0.0004981192314844083,0.0001626989916834124,3.016842178821065e-05
35,3,0.0005945691880406771,0.26341663913684743,14272.669376458125,3.0,4.6477269578383924e-07,2.75e-06,0.02899182985287571,0.017187641752506363,0.014673687172630132,0.00021856056916459338,0.00011656206256390669
35,4,4.260837590666853e-05,0.2704272210796406,3850.72278819815,3.0,4.639036720843588e-07,2.75e-06,0.021238480245264826,0.005790111605707006,0.0005439437452422501,0.00017060580719263643,1.996281233585136e-05
36,0,0.00027583147588804174,0.2866542002218041,5292.989297583701,2.0,4.789512434640983e-07,2.75e-06,0.039519578716504904,0.021807532234907095,0.023297748244668987,0.0002780414992595895,0.00030246419780522306
36,1,5.9974082835015816e-05,0.27229547308546187,14652.993579302143,3.0,4.6266405298937733e-07,2.75e-06,0.0222024768949096,0.0058365482515897625,0.000547543528162346,0.00016596255173072436,3.0947371059792966e-05
36,2,9.098249162950758e-06,0.1390379738973696,6839.360504183776,2.0,4.6184467815852194e-07,2.75e-06,0.020923013445303274,0.005848138019587266,0.00048237916670465595,0.00022184812095140936,2.644935933550907e-05
36,3,1.1189611364606537e-05,0.06568540945975594,5948.751177453738,2.0,4.6968729934894635e-07,2.75e-06,0.02432343443596467,0.009311548807864776,0.00046026339879714893,0.00014093584722302003,1.8173541118486374e-05
36,4,0.00018728564583118823,0.20540014783456823,24030.963794240677,3.0,4.835356600279863e-07,2.75e-06,0.05728122830971438,0.008173896567361364,0.006218710382363358,0.00048646823841623174,4.273173498067865e-05
37,0,9.215526038231686e-05,0.05883850868714728,15383.582168239815,3.0,4.7090811104634504e-07,2.75e-06,0.03431813790894867,0.009663267365254255,0.004596700733893267,0.0002363990685054153,4.289962525356279e-05
37,1,3.947929124663163e-05,0.2388116888712148,16430.213714425274,3.0,4.57769800875029e-07,2.75e-06,0.023432736681177874,0.0059083601730789415,0.0004898206437862319,0.00015273691910740777,3.120017656289505e-05
37,2,4.523699127007862e-05,0.25877026664546543,6650.245408629397,3.0,4.7079008230897494e-07,2.75e-06,0.03477837878619059,0.00558716594292651,0.0005270366887282621,0.00017476414087182508,2.6337302195590924e-05
37,3,4.48818457177244e-06,0.1827768771920961,15374.601881286366,1.0,4.6007544045702415e-07,2.75e-06,0.021599902599465943,0.006185526483283195,0.0005131844179590927,0.00018307125421226456,3.2090284759278196e-05
37,4,5.8005358362083034e-05,0.01352790168713982,23759.819681303103,3.0,4.680423718793981e-07,2.75e-06,0.02098984897410428,0.01776297289402301,0.001785616823460077,0.0001470210258017335,2.255129290328064e-05
38,0,0.000454059686818454,0.284259890742226,18164.972553046777,2.0,4.6160721860381917e-07,2.75e-06,0.022788539988450398,0.010139926671746404,0.007862569447074273,0.00014862779563018218,5.678606087433086e-05
38,1,0.00019587054842827226,0.08528709240333723,12083.985476359145,2.0,4.743593176014258e-07,2.75e-06,0.03280577397326049,0.012003549036239139,0.008958468878494564,0.0002362218713571111,7.537512707226324e-05
38,2,0.0007252669044300364,0.2891101461959758,21737.317490447906,3.0,4.647834222776694e-07,2.75e-06,0.025901154632342785,0.01381915325428671,0.010662231125820194,0.00024401860653253137,6.733227615798592e-05
38,3,0.00026468667859314547,0.16615840752799876,9947.67145087829,2.0,4.4665279513999725e-07,2.75e-06,0.03786385377149818,0.01338461450703182,0.011729098309684506,0.00047363957246132903,0.00010822593306867288
38,4,0.001068587246049552,0.005527105311928392,6238.4100406359,3.0,4.590740948332162e-07,2.75e-06,0.23571821924254555,0.20387912647623985,0.032480010755047056,0.00032253903025094194,0.0010428708490257156
39,0,0.0008225666682854828,0.24712056396951437,4807.146937094626,1.0,4.66659206698365e-07,2.75e-06,0.037056769355507065,0.037634424050751375,0.02698131750248543,0.0002284076011418906,0.00046207152242700627
39,1,0.001310503334619045,0.27869916414179907,20756.567062260165,2.0,4.629538204375969e-07,2.75e-06,0.02166912352360308,0.017269516047726082,0.009786219539695844,0.00015642564179137617,9.142446404584579e-05
39,2,1.3049571588781201e-05,0.17870527084751262,21789.28765467681,2.0,4.711663271752304e-07,2.75e-06,0.036693163358668957,0.006042210339339805,0.0005102497990143127,0.00017780826763536345,3.195313489555331e-05
39,3,7.062186634353726e-05,0.25428264940233597,15857.296312341214,3.0,4.6131092106300813e-07,2.75e-06,0.02163472282245636,0.005726729281164372,0.0006208067760571411,0.00017547681527056299,3.096352608322575e-05
39,4,0.0022093633043522537,0.20240425789060779,20835.74015531965,3.0,4.700301042744739e-07,2.75e-06,0.030715120802880354,0.040043364115767525,0.016427658961925332,0.0002987827869387859,0.0001761296484853901
40,0,4.019926211753245e-05,0.23756046324602578,8608.019250154954,1.0,4.634294175869772e-07,2.75e-06,0.022395971666608384,0.006059460127668133,0.0004900087018243361,0.000167220189692743,3.131742951563564e-05
40,1,0.00014439750671905335,0.15102029533894104,14051.311141392365,1.0,4.7009859689475907e-07,2.75e-06,0.027704706366221226,0.007091716984708056,0.00472663430789843,0.0001471069094107301,3.96693833189023e-05
40,2,6.264603540803102e-05,0.197144901474894,15194.407369235752,3.0,4.7670606433549276e-07,2.75e-06,0.05567839921790829,0.005604645872079594,0.0005897179497859631,0.000407700890671409,3.0489623287370852e-05
40,3,0.0001248442443589755,0.16104978933242464,8526.416915154496,2.0,4.648575680427575e-07,2.75e-06,0.022022116648501497,0.010033534354105813,0.008272746520019381,0.0002159494331441321,8.518702276867466e-05
40,4,0.00010730481681014695,0.07653562873610452,18333.996562980574,3.0,4.5688007000288e-07,2.75e-06,0.020774471327728018,0.008305980872955296,0.004897193033781355,0.000232087274798463,4.1700570784658725e-05
41,0,6.662645370014498e-05,0.03592711094995938,15888.910845822702,1.0,4.655752702993911e-07,2.75e-06,0.02895853127298201,0.00598071848805741,0.0013911513016716572,0.00014930814018410314,2.976255150793855e-05
41,1,0.00045568598824304653,0.08591009055151799,6284.492150159162,1.0,4.5749419042604255e-07,2.75e-06,0.03616503020908166,0.024207716443172423,0.01733734629104711,0.0002955424777105914,0.00021046029294903026
41,2,0.000981312373011584,0.1530002746473025,17725.77462122168,1.0,4.580617624286518e-07,2.75e-06,0.027398673120205302,0.014384498148845066,0.0068835892845471825,0.0003073958869229502,5.324105535024569e-05
41,3,4.401433903338998e-05,0.2108144771904454,23794.67468001763,3.0,4.750704421669132e-07,2.75e-06,0.055141880068174415,0.005983113221540812,0.0004921018639952523,0.0003896873623725309,3.1773977948012314e-05
41,4,0.001011242302032224,0.1784961968170576,19670.216932686486,3.0,4.6308291711057336e-07,2.75e-06,0.032941368784331154,0.022607366930271548,0.012513878594740959,0.00024813889770851496,0.00010578279309968578
42,0,0.0002106591481130207,0.22059818254342153,15769.145136531843,3.0,4.6331702283049145e-07,2.75e-06,0.024187907268524916,0.010989118840626678,0.009958301424815493,0.0001568864717086609,7.618586804746121e-05
42,1,8.300903153727623e-05,0.007175348288740734,24307.92659972587,2.0,4.5923371232654177e-07,2.75e-06,0.02656973439554147,0.022365825832993774,0.002429214391615034,0.00021203797335459548,2.32756603691201e-05
42,2,2.576705032160629e-06,0.014999698964084627,24396.37693335356,3.0,4.702411484057604e-07,2.75e-06,0.032133664503636174,0.014364804640057875,0.0005288337126834485,0.00028109292239321914,2.1920263510045514e-05
42,3,7.127215621698784e-05,0.014935123815999318,15973.531593733082,1.0,4.618817183471294e-07,2.75e-06,0.02051328075474904,0.010186422684487743,0.002298859870099434,0.00017745921974802534,2.755246834597462e-05
42,4,4.061803383476613e-05,0.20626990795364705,12123.50735601083,3.0,4.6189747244571934e-07,2.75e-06,0.02680398902253937,0.005673427361262606,0.00048798427452714793,0.00013564845925019992,2.981915424146981e-05
43,0,0.00014712316218846134,0.04101728925579649,7533.561259203022,2.0,4.5623461860447704e-07,2.75e-06,0.04258733752979677,0.022926052587821488,0.013076208262914871,0.0004022694148010276,0.00013819790559532793
43,1,4.7602657412038194e-05,0.24161413558859995,7851.685894777224,3.0,4.652694184053946e-07,2.75e-06,0.02301705221709018,0.0055959225662138845,0.0005180593409639657,0.00015116975674143564,2.764535733628891e-05
43,2,0.00020946076826480945,0.13472750825191565,17403.666989601577,1.0,4.634463147026849e-07,2.75e-06,0.019975428021160684,0.0074234471752110676,0.005192720387003208,0.0001955085898158075,3.837389301015585e-05
43,3,0.00024798508189826534,0.13444641508667846,20969.65672550048,2.0,4.651061744172214e-07,2.75e-06,0.02032088094426875,0.007886433753083703,0.005602111564498466,0.00020283023484049927,4.02411000096208e-05
43,4,8.686401459533976e-05,0.18369937486688181,8083.808038101145,3.0,4.535617694354487e-07,2.75e-06,0.025165531255382057,0.006435829135001525,0.0030204514544877343,0.0003816446526516911,4.1592525194602215e-05
44,0,3.2435325111881905e-05,0.10879325134242158,16012.48275421749,3.0,4.769940260618404e-07,2.75e-06,0.04395962416615811,0.00571427007073361,0.0005180613023779831,0.0002744123085641304,2.965063063020291e-05
44,1,7.087424632096239e-05,0.1292954563184827,4609.6651257593185,1.0,4.69828585313e-07,2.75e-06,0.024205091388583077,0.005849203369768252,0.0018840311660544777,0.00013756726973422327,3.456310868074448e-05
44,2,0.00023940242952337013,0.04274387559547105,12550.193617023338,3.0,4.534265071348936e-07,2.75e-06,0.03653452024271347,0.022129757972950605,0.013509468378656268,0.0003294145537546769,0.00011794923419031329
44,3,5.1077985450263755e-05,0.16988498744769195,5660.571067702397,3.0,4.637439703827682e-07,2.75e-06,0.0207886935813246,0.006352658194279752,0.0005996531185445218,0.00018902629316945485,2.2215291199624052e-05
44,4,0.00015708430782674268,0.018669676411623225,18355.200782669657,3.0,4.4331170528424706e-07,2.75e-06,0.06629136091351683,0.022266609962448645,0.007847313128192193,0.0007135346623291841,5.850966380233996e-05
45,0,0.00010403551645972414,0.08543419058651885,3777.660019820972,1.0,4.670252171377836e-07,2.75e-06,0.021763849608317776,0.014219883071702846,0.010433934746672821,0.00015788767387325093,0.00015004395816581108
45,1,9.444882474108673e-05,0.06660548884313264,9288.476995768811,1.0,4.6445428055425365e-07,2.75e-06,0.025816795443316398,0.007363184497522289,0.004043098507969654,0.00014171901500756998,4.233561976958646e-05
45,2,0.0018487161034500934,0.002542022726731007,16696.979833566344,2.0,4.741418836976193e-07,2.75e-06,0.05396745031483812,0.07948492543569281,0.004390448552594747,0.00027157641983718963,0.0001445330041651783
45,3,5.678130506021503e-05,0.0060861876134725365,24250.140538174197,2.0,4.588039113737822e-07,2.75e-06,0.027248448160434213,0.024611202670181177,0.0014781971372388786,0.00020205054435091477,1.9832368402025766e-05
45,4,0.00023582055807009627,0.07093941491268432,21938.417738637734,1.0,4.6530525436074e-07,2.75e-06,0.02214683105246817,0.006948033007959059,0.004212707731327296,0.00014693339448317442,3.233680823268647e-05
46,0,0.00024044321413273448,0.07571292745472466,19435.744886945806,2.0,4.761822862096496e-07,2.75e-06,0.04449940894597484,0.009269135439246906,0.006151177118958399,0.00035681493471184596,4.384129021020827e-05
46,1,3.121706990602514e-05,0.23550141122866375,8672.097251947896,1.0,4.6856980911533906e-07,2.75e-06,0.02858234843966639,0.006081901856537223,0.000497303149283548,0.000136124503370203,3.1354657916533995e-05
46,2,7.518543938825674e-05,0.11266332334183755,8035.5495178485335,1.0,4.6381912778289756e-07,2.75e-06,0.021350802099703057,0.005502518618576248,0.0014271107572129682,0.00016536165541634204,2.9841202026078742e-05
46,3,3.0587453066376585e-06,0.18570216192324993,21839.43129394696,2.0,4.7429700538372323e-07,2.75e-06,0.048038628344634036,0.00606500576045623,0.000506386581724647,0.0002977014770433954,3.197807554925681e-05
46,4,3.4342495901813914e-05,0.059538189023461315,4450.807575077008,2.0,4.597308025827813e-07,2.75e-06,0.024689120713128884,0.013508156357628462,0.0006586325622981604,0.0002718781151613112,2.141339423031574e-05
47,0,2.8026653618527018e-05,0.2132815414777243,20390.90583818124,2.0,4.768943355065812e-07,2.75e-06,0.04812207392156017,0.006106136400620226,0.0005008493711145688,0.0002977299412712596,3.195171150546029e-05
47,1,2.7490695957931617e-05,0.12087811796082394,10152.07266740529,2.0,4.518283175104089e-07,2.75e-06,0.02486234862252223,0.00571149508385646,0.0004748336291744487,0.00040444696945236396,2.885280097882168e-05
47,2,0.0001737857816124368,0.002571386709670786,21706.1839808804,2.0,4.594657986252326e-07,2.75e-06,0.056123991447346,0.05176633519614412,0.002086992560833265,0.00021196158501708869,4.014477461449037e-05
47,3,0.00011405303629240636,0.2726494939330067,2656.7716467667146,1.0,4.676481908933483e-07,2.75e-06,0.020824886013384534,0.010636703361102562,0.009210328225628886,0.00016529285292418935,0.0001657465820374682
47,4,0.0001885765914125912,0.16506549131840548,7949.417451623426,2.0,4.444903039221582e-07,2.75e-06,0.046743049024554145,0.014259883575635271,0.013506264559505677,0.0005830832094784415,0.00014009372651012454
48,0,2.252719410044162e-05,0.2386102781966288,9462.823741999262,1.0,4.5482321465338454e-07,2.75e-06,0.021366693742239484,0.006138078387415781,0.0005041972802030351,0.0003009177983180297,3.158771688116797e-05
48,1,8.129194320694128e-05,0.22102079064762384,9573.605066802687,3.0,4.867023568108541e-07,2.75e-06,0.06505000349647931,0.005477373937632364,0.0016499241949073046,0.0005487294567665742,2.9949374488521733e-05
48,2,2.1597600435944356e-05,0.01213309449545159,3885.7201072755543,1.0,4.6225337334065776e-07,2.75e-06,0.03847040270802729,0.03850151486284212,0.0004838634784817602,0.0001807573627826853,6.091021737852206e-05
48,3,0.00024422834196531867,0.2814196336431185,3410.4226025770286,3.0,4.566923642131576e-07,2.75e-06,0.0574624682675352,0.04077717569020287,0.04948028099629425,0.0002819380390600536,0.0008155615938849726
48,4,4.500379796498931e-05,0.035528049048064725,24150.792098518785,2.0,4.675476342936193e-07,2.75e-06,0.03172364280159475,0.006286131802323472,0.0005812288979968404,0.0001681086809056498,2.9731369776277205e-05
49,0,2.0914267230379948e-05,0.2789005405177527,22506.87908038857,2.0,4.5703487756816923e-07,2.75e-06,0.024357868064578524,0.006283465192115981,0.0005035653908174747,0.00014731361949710955,3.217212250193987e-05
49,1,9.324162542734283e-05,0.26986903028709197,18597.960501017347,2.0,4.561738261094015e-07,2.75e-06,0.022154621896700994,0.0057341288913853984,0.0012072312543366017,0.00034839076196947137,3.1511547450816854e-05
49,2,2.2013153255665453e-05,0.21157188025629856,18275.003807251625,2.0,4.5422731577034726e-07,2.75e-06,0.02391695760383253,0.006062018935202858,0.0005002298243604159,0.00040065419835092625,3.182916760698895e-05
49,3,9.868439371096434e-05,0.0765787007499827,8967.170089948886,2.0,4.6782543393979304e-07,2.75e-06,0.02984490367791223,0.010512649102688643,0.006251431765261995,0.0001925712983786747,6.599213987645853e-05
49,4,0.0001156685368743984,0.20501930716889835,2170.8476641208244,3.0,4.6865034007295534e-07,2.75e-06,0.0417333824381059,0.031275416936219,0.030932280673220555,0.00023302143149710763,0.0006408393877310759
50,0,9.627677496687799e-06,0.0776421771271634,11115.587923623869,2.0,4.6431224525724994e-07,2.75e-06,0.024157354362501934,0.006154303369487881,0.0004996693984000163,0.00013767936588119525,2.786126589611415e-05
50,1,0.00030002445624564535,0.10652944524896872,5345.737699411565,1.0,4.622063078693022e-07,2.75e-06,0.026221919838758767,0.020154385320714667,0.018031664263813873,0.00018187165554460344,0.00021194646545061646
50,2,0.00036646208962083367,0.23778105665170435,10381.644832670847,1.0,4.536817498762243e-07,2.75e-06,0.027929646945017584,0.01116166465839484,0.009898804846109726,0.00036126930853235174,8.409282769959347e-05
50,3,0.0003236682905155701,0.2605220979597293,14160.574699166886,3.0,4.6589833720999886e-07,2.75e-06,0.024459096684011705,0.012769892559392844,0.012122578206376798,0.0001707884496075223,9.681654430892461e-05
50,4,0.0012400218815445101,0.19597476042671866,15771.599109243989,1.0,4.5670142004189057e-07,2.75e-06,0.027547269256486998,0.017771914370092134,0.007766336221118753,0.0002512503068386189,7.366954533242802e-05
51,0,6.467763218979501e-05,0.10399110176277769,16812.453721456113,3.0,4.6564306294227235e-07,2.75e-06,0.031966733439735044,0.0056038203221764026,0.0008172847721319205,0.00016165362074365046,2.9366759218108737e-05
51,1,0.00023993609814802186,0.14733873739385217,6009.897878554789,3.0,4.6943409280892987e-07,2.75e-06,0.04110285766067127,0.02777026863129324,0.028121602637591114,0.0002185635897097918,0.000352797206503247
51,2,1.68468759178435e-05,0.1346231508800541,3386.320529456329,2.0,4.5532538808019326e-07,2.75e-06,0.02683533630178016,0.007723808815972482,0.0004466877364423184,0.00039878240320385646,1.7182327452736315e-05
51,3,8.8960069439846e-05,0.21195974176048946,17067.909412073215,3.0,4.5234843025314365e-07,2.75e-06,0.02352270784214848,0.0054801069608138575,0.0014298323586577246,0.0003834585743151906,3.0678186235656284e-05
51,4,3.899965271375476e-05,0.2092990710671818,19430.477316970926,2.0,4.6672251471042146e-07,2.75e-06,0.024450817450646405,0.006048116478361347,0.00048550392036877704,0.00014546835650062576,3.184789920950784e-05
52,0,0.0002179757780839584,0.03048533960106975,16263.020127167752,3.0,4.529590901662619e-07,2.75e-06,0.029183760721087262,0.020026674909100345,0.010060200744296274,0.00024492286843852445,7.688117663374048e-05
52,1,0.00016823523881795486,0.15306077196182002,13249.685851735176,1.0,4.666187162616299e-07,2.75e-06,0.022280709780215322,0.00777997323188914,0.005661184340849568,0.0001474407596335645,4.5794801661696324e-05
52,2,6.565300163585427e-05,0.12553365584274737,19072.300823558744,2.0,4.5860954250047464e-07,2.75e-06,0.020707532961129354,0.005544445619165276,0.0006568068736505723,0.0002152504589329488,3.114169137365283e-05
52,3,4.4298226262269935e-05,0.2830436584863652,20076.23911085488,3.0,4.6192943832929484e-07,2.75e-06,0.021219727745689875,0.0061042001227360025,0.0004889499535990334,0.0001944915246239626,3.174506723338732e-05
52,4,0.0010743226397522709,0.11906849491035947,18451.727130194948,2.0,4.461442834714676e-07,2.75e-06,0.05892039949534048,0.01974713560772947,0.010219880453458388,0.0006606669557203492,9.58341039082277e-05
53,0,0.0001361786308816531,0.13746262072172585,10100.023014915121,1.0,4.755690345509584e-07,2.75e-06,0.03727496421370068,0.007884405875550365,0.005719954368431058,0.0002345591851111886,5.2506564746844404e-05
53,1,1.1605023733412092e-06,0.04134349669269211,7979.47905789036,3.0,4.6473246198449325e-07,2.75e-06,0.023627906266186632,0.015144822154882803,0.0005554336451915554,0.00021173126958940247,1.4749440193346301e-05
53,2,0.001347907792953368,0.17132472404743934,15029.9336883459,1.0,4.548888972842603e-07,2.75e-06,0.03292694729078911,0.019470550937566704,0.007994213952858684,0.0003165006218097145,8.168758816064529e-05
53,3,1.9914851876901207e-05,0.2596102304816874,22630.651419455753,3.0,4.6153051389253305e-07,2.75e-06,0.02480967788772861,0.00612516487615247,0.0005087580062844475,0.00014319263670273068,3.190284714799414e-05
53,4,0.00022626321426907252,0.09228273089071733,5429.321430856489,3.0,4.7271444457169174e-07,2.75e-06,0.03899801722138054,0.03510868773758379,0.03173952917259045,0.00018360525284199735,0.0004135097616664342
54,0,6.214306097359015e-06,0.05646300632843552,13920.502747851953,2.0,4.546631615502515e-07,2.75e-06,0.02114675114660082,0.006388603473655899,0.0005132987235905688,0.0002603395975217873,2.8240346181085467e-05
54,1,0.0005643854043056606,0.06762151930398717,22906.917405452055,3.0,4.6897895283106925e-07,2.75e-06,0.02251942472366598,0.016323872554789686,0.009067052298409447,0.0001497098601763345,5.7389373450053036e-05
54,2,5.502055885272404e-05,0.05014797764460727,15455.330659718069,1.0,4.6087518551548883e-07,2.75e-06,0.02663567961869361,0.0055898049674914406,0.0006374690373248712,0.000136251830776522,3.054465632384109e-05
54,3,0.00038265698606026387,0.2989771238645677,6497.796953639612,3.0,4.5690060513318825e-07,2.75e-06,0.039002209917680795,0.026117755219647543,0.027733535327997366,0.00024112868231458706,0.0003369315880226828
54,4,4.08166625841044e-05,0.06611864541197028,5696.456089974165,1.0,4.602200384948697e-07,2.75e-06,0.02094483778484175,0.006616655161532227,0.0005371661215478286,0.0001917004314328859,2.4917188748398356e-05
55,0,8.7545495519485e-06,0.16033714894217593,8567.517415690372,3.0,4.636551856967655e-07,2.75e-06,0.0221046766526098,0.005810665433536705,0.000491931069793869,0.0001551127499693478,2.671882192616128e-05
55,1,3.541377137111638e-05,0.23371496159318014,2210.1956801889824,2.0,4.6510195011037626e-07,2.75e-06,0.02329649599888542,0.006653690931074382,0.0006164240919509157,0.000330742269138511,1.8980908195297044e-05
55,2,0.0003843403755203559,0.12006452371713167,16804.116041064073,1.0,4.612567447680534e-07,2.75e-06,0.020144881247106772,0.008906712972373382,0.006360380829897558,0.0001793441144889155,4.420210116537812e-05
55,3,1.3321081516542263e-05,0.121767137065531,22883.88311195018,2.0,4.69399898571429e-07,2.75e-06,0.02230700732230803,0.005845344970382065,0.0005083849219031492,0.00016540293450639318,3.176240347495737e-05
55,4,1.2578840609182193e-05,0.2767185976543848,7828.129388252735,1.0,4.554599227312814e-07,2.75e-06,0.022150065824450726,0.006158406379317955,0.0005085170348132807,0.0003394801532570775,3.140977769919987e-05
56,0,2.1088026663982107e-05,0.10733393939230708,20707.416923187393,1.0,4.701491493848738e-07,2.75e-06,0.03650267296900573,0.006028619556673728,0.0005038402609837707,0.00017661715250183167,3.209136632805303e-05
56,1,0.00015120457722370267,0.02986348148260912,16893.536888237446,3.0,4.539582340688422e-07,2.75e-06,0.027146131489782007,0.017456068557858553,0.008269332229268518,0.00024472776478538105,6.40760816274224e-05
56,2,0.00028082526027755787,0.22471511413761866,18780.06141985769,3.0,4.4744557271990736e-07,2.75e-06,0.03519242104038389,0.010471799971914768,0.009232228425707404,0.0004875548484951188,6.550343885311879e-05
56,3,1.4281836760116772e-05,0.1059317312032036,23420.353463007905,2.0,4.704978687403875e-07,2.75e-06,0.03945636879361856,0.005788469692131588,0.0005052927332551835,0.0002089634171395567,3.166935157011362e-05
56,4,4.433649186632329e-05,0.22430126918888318,7962.836557391064,3.0,4.689270485595969e-07,2.75e-06,0.025261763406193082,0.00563082193552052,0.0004919925176436062,0.00013648425670541008,2.744407191458188e-05
57,0,8.215370549911673e-05,0.12431832119167381,9148.002066882,1.0,4.6273933226917086e-07,2.75e-06,0.024431012132247392,0.005513962181530861,0.001582307133572252,0.00013856609701871003,3.0420555977011398e-05
57,1,3.044698733477976e-05,0.2705586550537653,11671.817999266064,2.0,4.7096648231898746e-07,2.75e-06,0.03602311572750536,0.006015261846091313,0.0004967025141918817,0.00017268163009819624,3.117878817826725e-05
57,2,3.490165923934779e-05,0.00675791131647323,18590.225378198076,2.0,4.631097467283201e-07,2.75e-06,0.0263403728757373,0.028595874478624748,0.0005805428425860159,0.0001601857882177162,1.7772949139755752e-05
57,3,1.3796680522003596e-05,0.006919103145609461,12618.36162674695,3.0,4.7453521849424836e-07,2.75e-06,0.0257904673691296,0.05669266519481766,0.000994333536212638,0.00036631336948562786,5.4981425718920946e-05
57,4,1.305032294095617e-05,0.0319764106818764,5132.70207153143,3.0,4.4052786379719773e-07,2.75e-06,0.07729888611596662,0.030791224631037836,0.0004401047837290276,0.0007341022509582137,4.613577658162241e-05
58,0,3.197297346510544e-05,0.14981810463033685,3739.3075316881495,2.0,4.454767870291794e-07,2.75e-06,0.035857882658592556,0.006822182166314974,0.0004868848412854676,0.0005542955383864308,1.8698861766133025e-05
58,1,0.00013190819475475385,0.2916504081121939,20144.268040782812,3.0,4.7035556492229425e-07,2.75e-06,0.0504567404411699,0.006808661701051876,0.0042731603817376266,0.00037114767078916,3.691098887569255e-05
58,2,4.914599594687772e-05,0.17335235482788044,14739.375000851016,3.0,4.577401145220839e-07,2.75e-06,0.02129202782558579,0.005627957430271478,0.0005106096816786278,0.00026584696005833006,3.0256004691265036e-05
58,3,5.1481762797417926e-05,0.1526714015734198,10541.77473273652,2.0,4.5305719940779783e-07,2.75e-06,0.022714226415745192,0.005559423576676252,0.0005741971838879037,0.0003524146515510199,2.958434124547974e-05
58,4,4.829177532866807e-05,0.025828494699392666,17141.762138613907,2.0,4.7184607135031924e-07,2.75e-06,0.028145779720154872,0.00941668340072208,0.0009943491022473547,0.00016933205532491792,2.5541065208782006e-05
59,0,8.176342339840674e-06,0.07788416734300165,14971.54947504121,2.0,4.6986300346738917e-07,2.75e-06,0.04000477713675272,0.005783557461350131,0.0004988907491834642,0.00023213362744636083,2.9778876594294746e-05
59,1,0.0008534538388198028,0.04129950895730352,4408.393648717722,2.0,4.6610374869576373e-07,2.75e-06,0.09896929119286689,0.09074758879027915,0.041009439024633,0.00027247969963175374,0.00103241592418992
59,2,0.00012131378333702664,0.24341190254477166,9712.581022655286,2.0,4.6393365610717595e-07,2.75e-06,0.02433374250988639,0.007969112864982817,0.005922741901712576,0.00014263151795454367,6.11801338911747e-05
59,3,0.00035471264217676725,0.1930684175596949,23001.290712398237,1.0,4.762333343095392e-07,2.75e-06,0.05603938252091547,0.006916835494164673,0.004506647926042807,0.00045024443204814794,3.356263140579616e-05
59,4,0.00020263171379586957,0.13695842727024066,10951.826539199883,2.0,4.6594200270887823e-07,2.75e-06,0.023266708221794333,0.011712026036005954,0.010072803750712686,0.00015124183665559925,8.870589262298516e-05
60,0,2.509111240963392e-05,0.09795480309046584,17312.24011663111,2.0,4.59183755006855e-07,2.75e-06,0.020998543673157944,0.005663432029692848,0.00048607221297910456,0.00023113871187705053,3.080107213629087e-05
60,1,0.0011907461109068194,0.038018011204031206,17925.229357293978,3.0,4.687585898389612e-07,2.75e-06,0.03372817043105556,0.040982510671210025,0.015410620586382012,0.000185405602351991,0.0001673781334914662
60,2,2.4293514468985828e-05,0.1516256639913878,16629.43841377106,3.0,4.5795430655344375e-07,2.75e-06,0.021573592795661924,0.005693514062990384,0.0004991747043441322,0.00030137998747402486,3.0629021908252774e-05
60,3,0.00011220289394029464,0.29737892831145807,14585.393931438419,1.0,4.5741476275833127e-07,2.75e-06,0.020977326056883586,0.005848051773049721,0.0014970728606972271,0.0002791682098131742,3.159629701853581e-05
60,4,9.579188980403622e-05,0.19658119349422667,18360.276745452993,2.0,4.621580652558351e-07,2.75e-06,0.025715537180571065,0.0056165031901201125,0.0018445907484389021,0.0001374991070157163,3.1227627019748586e-05
61,0,5.234868714818365e-05,0.26419803046211576,13489.680068972702,3.0,4.687006685263185e-07,2.75e-06,0.023703778958727478,0.005825807046020076,0.0005144612510024879,0.00015062975973404932,3.074066158232266e-05
61,1,0.00016147553802928525,0.10327752461999029,5236.909156422382,1.0,4.731911299576952e-07,2.75e-06,0.030668224315570276,0.01591263194385317,0.014744426605301392,0.00021882167132301008,0.00017348977868168695
61,2,3.660577113808618e-06,0.1807668944951884,18667.793468962347,1.0,4.5937748017297317e-07,2.75e-06,0.023905434772137454,0.006242064256889389,0.0005111538899619494,0.00015120530119376718,3.22350801092961e-05
61,3,0.00014538072352220788,0.2547791905781973,15322.69131042158,1.0,4.588870287577422e-07,2.75e-06,0.02037666774631037,0.006545195705142781,0.0037474857031469934,0.00024846130798538265,3.4461263181226176e-05
61,4,0.00012354416966821823,0.08870418070711196,6440.700472116581,3.0,4.6681989721613596e-07,2.75e-06,0.02906932738000285,0.0221206130510218,0.01760473432298657,0.00017136190410707076,0.00021308956419210893
62,0,9.8168171780239e-05,0.2548255291842649,11462.245995624811,2.0,4.597234900339627e-07,2.75e-06,0.021337250616832646,0.005712971126521229,0.0024630149056510202,0.0001693786608325129,3.297650689780076e-05
62,1,0.00024784731842514334,0.009120492054098303,23249.603542765337,3.0,4.586718192437578e-07,2.75e-06,0.026017179351828512,0.031382061104553605,0.0065041848956991595,0.00014134412856517883,5.179160211991579e-05
62,2,0.00011817453713431315,0.1219269690870129,5609.065989362237,2.0,4.648367888756393e-07,2.75e-06,0.024198478569026943,0.015184487006134144,0.012869394694728494,0.00018734994515990448,0.0001613016991214374
62,3,0.0001148592465648735,0.11419829769995786,23065.042368010523,1.0,4.663012214677713e-07,2.75e-06,0.022941019753909043,0.0056966213293439495,0.001978149593976838,0.00015038793853719393,3.160936893659231e-05
62,4,0.00011729915954311955,0.05396997692651234,12932.123160919617,3.0,4.6326225199405827e-07,2.75e-06,0.024963480645973483,0.014535863936943035,0.008984927429874019,0.00015091293145876763,7.939894550687557e-05
63,0,4.04184877838959e-06,0.015438031774023007,14090.468905135613,3.0,4.750490420272693e-07,2.75e-06,0.033004639452355565,0.023554924532410693,0.0006634929964187065,0.0004267641606633302,1.5464318715919135e-05
63,1,0.00028294220286170714,0.06873661415699477,4052.665151911987,2.0,4.734386483353779e-07,2.75e-06,0.037693743974962494,0.04287198347406046,0.030637774795173222,0.00021803371882393252,0.0005268139825376361
63,2,9.17236079126784e-05,0.2633572655814923,15291.224954114306,1.0,4.646751210421149e-07,2.75e-06,0.02301154323166277,0.005946715352059544,0.0007923544591944302,0.00015767215378491913,3.184073884987735e-05
63,3,0.000828137125478406,0.28697693970071625,9549.712249414039,3.0,4.6413361448693224e-07,2.75e-06,0.0360215548882779,0.03315790441117175,0.026176819382282685,0.00017973218914876953,0.0002929884415711888
63,4,5.880865266804993e-06,0.1634310713476872,8741.129872222635,1.0,4.638359661485781e-07,2.75e-06,0.026973323938461507,0.005882445045279225,0.0005183955199183844,0.00013584265409990448,3.10567296663523e-05
64,0,0.0005209502745289631,0.17967775379713655,12346.75467367541,2.0,4.4653789681697674e-07,2.75e-06,0.04784689765242826,0.016236852525353895,0.012187768550842434,0.0005704678548931453,0.00011837367323919345
64,1,0.00016025645075305715,0.11986660647982567,18531.258560254068,3.0,4.5508013479196e-07,2.75e-06,0.023747192400469647,0.009542718974192885,0.007594805477538518,0.000275969233559784,5.6188939954605454e-05
64,2,0.0002264032484270947,0.0921272653899562,21131.106877688453,3.0,4.750467210713111e-07,2.75e-06,0.04093495617510184,0.010210903637720743,0.007759391197418259,0.0003122357357835548,5.4081475038845845e-05
64,3,0.0002232450574949092,0.009858371288108833,12331.104038208892,1.0,4.546108990854121e-07,2.75e-06,0.040714604809841036,0.024082462515013725,0.005877502324146952,0.0003720556066196037,5.674852806243006e-05
64,4,4.485264839345493e-05,0.24220473255950836,22190.696639900132,3.0,4.538259271244219e-07,2.75e-06,0.02255896855215418,0.006047876918288053,0.0004902246374150529,0.0001630177239261653,3.1769782694514324e-05
65,0,2.8636237214594337e-05,0.09201291426352311,5747.855117663032,2.0,4.595898230631469e-07,2.75e-06,0.02105861669482355,0.007526099623410737,0.0004196395418201114,0.00023412330748663374,2.0890223999551602e-05
65,1,6.957646628197722e-05,0.08967409262508198,5594.831076505641,1.0,4.57957842068226e-07,2.75e-06,0.02136056763000123,0.006212611595984525,0.00174189785429909,0.0002726277426973606,3.1291611061157704e-05
65,2,0.0015021947599614376,0.2148715396242434,23082.531545177404,1.0,4.5828729908726764e-07,2.75e-06,0.02517125165193623,0.014064791793931206,0.00540632574230587,0.0002645444364434283,4.1548368107583026e-05
65,3,6.95199849886541e-05,0.1660811937419323,2688.559406074491,1.0,4.654468854195197e-07,2.75e-06,0.02135949332716065,0.006352746046463905,0.0021028101640452024,0.00026368080399667514,4.43336416878035e-05
65,4,0.00025856187724402545,0.09218875488894865,11448.18274852882,1.0,4.629198613509872e-07,2.75e-06,0.022957128657835852,0.010540043494156784,0.008322130496299094,0.00024832219167161314,6.478734972704599e-05
66,0,0.0008359691680523906,0.059335017200160295,7777.838820200851,1.0,4.546241766965347e-07,2.75e-06,0.04283316892894268,0.03312856619274907,0.014509319364845952,0.0002707552982368057,0.00022110953807521453
66,1,1.8855772322486687e-05,0.2720467098904615,13832.377254633335,3.0,4.810131880225176e-07,2.75e-06,0.059364121728286236,0.005941802113214007,0.0005094060585186499,0.00044599241357535895,3.097531291797339e-05
66,2,9.294093177658463e-05,0.2833699189986997,6979.782972461851,1.0,4.587587880906487e-07,2.75e-06,0.022037350083688362,0.005655072719875195,0.0015195589678805926,0.0001629160774706803,3.1175517425424405e-05
66,3,3.461566976161342e-05,0.28440133054567757,2881.900872859268,3.0,4.496376748435477e-07,2.75e-06,0.050853089939592006,0.006185873096313782,0.0004761385143314844,0.0007606263953726407,1.66291058194541e-05
66,4,4.817767576232047e-05,0.27333285337354024,14727.61769544917,3.0,4.619807438252833e-07,2.75e-06,0.0346629092521572,0.005922220804888201,0.0004959721377858688,0.0001633556744988965,3.104507660231129e-05
67,0,0.0005434585367476904,0.20676777596997373,9626.611883308986,3.0,4.6594176850181854e-07,2.75e-06,0.03314076755990352,0.025033600918540216,0.022092232968665967,0.00017319539816575157,0.00022399886964951776
67,1,4.6388207182593175e-05,0.15546795185203294,6281.16271356492,2.0,4.569630901259535e-07,2.75e-06,0.02176130266532555,0.005736819800048427,0.0005767687179177119,0.00029022660894009923,2.5833923071706018e-05
67,2,9.597712140572013e-05,0.12467633545779028,2993.3417306179367,3.0,4.6322664853506226e-07,2.75e-06,0.031604461135468054,0.02422285892819807,0.016851477240232036,0.0002180232620898752,0.0003017373193781589
67,3,5.399495136012553e-05,0.16659335176802628,18294.939467201104,1.0,4.601391484683324e-07,2.75e-06,0.021893854256149686,0.006107358762392912,0.0005125891102097251,0.0001760548303883485,3.206670436894702e-05
67,4,0.00018334516149038542,0.28992466480941265,6218.0959356977755,1.0,4.4787585215065307e-07,2.75e-06,0.03451991930230631,0.012943685191031729,0.012696674330929733,0.0004459607269720367,0.00014076658101211392
68,0,2.425094630310568e-05,0.18423303474914512,8816.923040801721,3.0,4.6646159576448384e-07,2.75e-06,0.02936630074342561,0.005693117008840269,0.0005137706057389215,0.00014233781095243525,2.755818606935821e-05
68,1,1.9232446378312824e-05,0.11515215799098452,8328.595432117487,2.0,4.703491322544577e-07,2.75e-06,0.034734365468055715,0.005894482938216042,0.0005115866575842164,0.00018338298615004408,2.7135459235523758e-05
68,2,4.268917326575757e-05,0.1721321083373353,11634.943896442364,3.0,4.544162674246882e-07,2.75e-06,0.029398711547305823,0.005620491247117193,0.0005089571673220924,0.0004992617968648809,2.9221143841926865e-05
68,3,0.0004570161765279605,0.07004356825825306,13628.023875058121,3.0,4.777276874218836e-07,2.75e-06,0.03135758969077799,0.02275194195955654,0.014947861482028715,0.0002938590255862544,0.00012689754035373938
68,4,2.819328643466947e-06,0.1940734973094837,19743.887520970005,2.0,4.6165735564436015e-07,2.75e-06,0.021457419017186275,0.006046022763303074,0.0005039593985056083,0.00018651946929517152,3.189040787495114e-05
69,0,0.00039482034308795593,0.10607575756702343,20156.41289791053,3.0,4.5902559952077907e-07,2.75e-06,0.023965419270642673,0.012674767371272417,0.009323130387596091,0.00022578435024198486,6.252569976170906e-05
69,1,3.4017603588957966e-05,0.21034889710051302,18854.01373688804,1.0,4.6706204373908903e-07,2.75e-06,0.031076138098452787,0.006286327731751729,0.0005015387223109854,0.00014163779866652648,3.2249449221821724e-05
69,2,6.475778098973167e-05,0.14341899164835023,3401.6635834986014,3.0,4.820346016448551e-07,2.75e-06,0.04889848174847635,0.0109903393415488,0.002423625323724672,0.00044903006740864724,4.746313060896204e-05
69,3,0.00010986235047739015,0.16027431138524623,17650.03162572532,2.0,4.7198597061441766e-07,2.75e-06,0.038709302160265566,0.006062493474697196,0.003205233020175224,0.00022581228942878393,3.281193722402208e-05
69,4,3.7005529714547836e-05,0.138315008814518,20533.23690021459,1.0,4.6205984193414605e-07,2.75e-06,0.020982642171200622,0.0061294818439587345,0.0004948756936756759,0.00021767433896629563,3.216153544269834e-05
70,0,0.00035840595570420247,0.09604977135722184,5404.186321385025,1.0,4.662546382166616e-07,2.75e-06,0.0276573519080459,0.02296467651737612,0.018936462756954802,0.0001708922361807494,0.0002281336317226867
70,1,9.149192359727695e-06,0.0796854001855681,15600.55254567018,2.0,4.6097959733053715e-07,2.75e-06,0.020907962296029915,0.005764122685085513,0.0005104849538395663,0.00018924378876300095,3.002742120766207e-05
70,2,4.088832940705484e-05,0.09311939849943998,23485.473220519907,1.0,4.68092855534778e-07,2.75e-06,0.03847749512247903,0.005972988090857054,0.0004912086664898072,0.00019464933160377298,3.2087926586203015e-05
70,3,7.424891721785941e-05,0.13859580923363124,6961.945167217618,3.0,4.5958956798169733e-07,2.75e-06,0.020567398522491617,0.007233074709777997,0.002387598172868284,0.00018617407574571222,3.598907045072295e-05
70,4,1.082832587309087e-05,0.1518954965304017,22720.382520030627,1.0,4.5475066163329676e-07,2.75e-06,0.02141532825127712,0.00623271875407543,0.0005082746389204601,0.00019060053940151713,3.229468092305079e-05
71,0,5.241880816612207e-05,0.25056885959115094,6570.04132791729,2.0,4.536374263618263e-07,2.75e-06,0.023065331747011173,0.005585489699692205,0.0005939288687618493,0.00036445200533702604,2.8356500080256526e-05
71,1,0.00025257460561743764,0.07111797706663771,9415.531932057773,1.0,4.625812049215295e-07,2.75e-06,0.02467668729088778,0.012901528519952327,0.009945208647542234,0.0001523418406174618,8.470634747490266e-05
71,2,3.43359821371957e-05,0.17182212714648457,8613.910126110673,1.0,4.521133840595522e-07,2.75e-06,0.02107190062814902,0.005871082956570309,0.0004920453850250344,0.0001977786679771541,3.091574889225816e-05
71,3,0.000249448247576372,0.22026004868822543,9044.131570826628,1.0,4.5553126885522513e-07,2.75e-06,0.022759108604274925,0.011319395739930788,0.010378367917546576,0.0002193862689521677,9.431790617030847e-05
71,4,6.694406149160729e-05,0.27330571652158026,21555.683076269477,1.0,4.7294512696208364e-07,2.75e-06,0.050141013781280275,0.0063107734575864665,0.0005195269398504217,0.0003188565921205606,3.228356845889963e-05
72,0,0.00016125523730943928,0.16148878521732615,10491.302765249196,3.0,4.583282505427679e-07,2.75e-06,0.029260587890582918,0.014029108214321927,0.013325785896575133,0.0003023614774959992,0.00012460642953445678
72,1,0.0010092138450070614,0.19127772519517422,15426.555381902916,2.0,4.78937522483474e-07,2.75e-06,0.03883094984129259,0.019742924635518088,0.01208455841259763,0.00043158640419800734,0.0001279552449985176
72,2,3.611849019618546e-06,0.09406970533425564,10907.630790753925,1.0,4.6438944961912434e-07,2.75e-06,0.029314146789046463,0.005713089937683646,0.0005152924523756447,0.0001393300563764775,3.0881150270928064e-05
72,3,4.004293759695093e-05,0.08355426880216539,7851.783812204966,2.0,4.609663891415983e-07,2.75e-06,0.02139875718990744,0.006816350438348078,0.0005437487210026417,0.00025688524531935385,2.4460548308157724e-05
72,4,0.00017620545115576826,0.1817731794636551,3923.0998889882853,2.0,4.6791190890192195e-07,2.75e-06,0.03542593106373934,0.02564676819209276,0.027127099031814015,0.00019195530813700102,0.0004077618557785747
73,0,0.0002375527639863633,0.15456939473758902,16035.916223598915,3.0,4.848303307690861e-07,2.75e-06,0.05449432094423944,0.011886524095089335,0.010666157313464765,0.0005123622581794011,8.062096913584523e-05
73,1,6.829355446359954e-05,0.09418838556944371,11293.91301102897,3.0,4.676859440682655e-07,2.75e-06,0.0280075518883261,0.006626913128642493,0.001393103603699944,0.00014857989329463287,2.702184544052752e-05
73,2,4.9850173220825486e-05,0.10224910248038434,6446.727019695686,2.0,4.6489742518421804e-07,2.75e-06,0.021425857467101305,0.006716084659782674,0.0008035540776173447,0.00015664676403754211,2.4082368045612156e-05
73,3,7.243404545762095e-05,0.017629434973672208,17850.699642839405,1.0,4.744119133069591e-07,2.75e-06,0.03598770568723018,0.00847140671163339,0.002175056394062835,0.0002457691116011683,2.8506564827237256e-05
73,4,0.00020705672158793185,0.05035796722739059,3261.1739174745053,1.0,4.844812585343913e-07,2.75e-06,0.04536595007268829,0.03556734579075518,0.02741588710343752,0.0005527500256768182,0.00042382399684866653
74,0,0.0002490586539356302,0.25916117177110937,9522.959624872998,3.0,4.587215367331513e-07,2.75e-06,0.03027824367140311,0.016322554692894637,0.016947989105014077,0.00015584635643568084,0.00016904040458163997
74,1,0.0001994355311793869,0.2873634322657555,18732.090845389957,3.0,4.6180568926439626e-07,2.75e-06,0.0224128877508766,0.009813669435146145,0.008426700924223473,0.00021362992758158585,5.9534342950510285e-05
74,2,0.0005528366512743124,0.07590572663815882,12205.70430050433,3.0,4.68170958600916e-07,2.75e-06,0.029366744135921472,0.02799823191726712,0.017719693212385493,0.00015974822312437542,0.0001695153379241569
74,3,1.8559262830544065e-05,0.022847483594508576,3091.58996663132,2.0,4.586535340224685e-07,2.75e-06,0.06632753809906343,0.047217724042311615,0.0015188302352009944,0.0003763130525555821,0.00011163661759886146
74,4,9.940529829933582e-05,0.017176684655873454,16253.510617154514,2.0,4.612968326152504e-07,2.75e-06,0.023632425727916278,0.016829000506828392,0.004705886436472566,0.0002182521197598802,3.817849298659913e-05
75,0,3.449853933496152e-05,0.2674332009700771,23382.138075003586,3.0,4.6564833374107186e-07,2.75e-06,0.03899014767730717,0.006141791243114779,0.0005068254660001272,0.0001968805722246895,3.192913429434518e-05
75,1,0.008793152297886917,0.28107465048157687,16907.247655845553,3.0,4.807987625736042e-07,2.75e-06,0.0424659221159956,0.09057032102674288,0.01361023541670766,0.0006417026029936725,0.0004057978205607531
75,2,0.00024028045198336065,0.30067919073921073,5292.912650496533,3.0,4.570337804097649e-07,2.75e-06,0.05310747394972334,0.02702736321625306,0.03129697303994799,0.00046251154202725037,0.0004159170710130015
75,3,1.3969067315338484e-05,0.20954284827326541,23814.46366271724,1.0,4.6794962142555153e-07,2.75e-06,0.02800736305533107,0.006353952575900354,0.0005076313813796007,0.00013542586856108286,3.238340503821996e-05
75,4,6.289393312205042e-05,0.28041007744208446,11374.149770880525,2.0,4.694184683499559e-07,2.75e-06,0.045008466863457774,0.005838890634292738,0.0005926684659544338,0.0002649326636875136,3.090911327570521e-05
76,0,0.0004097807055382461,0.10142578737145753,6455.410929491482,3.0,4.594472843836281e-07,2.75e-06,0.04139371475151756,0.03727359027177091,0.029675506768596444,0.00017742108048643954,0.0003804003033288852
76,1,0.0005289091873439864,0.22922166641859798,21784.445328327703,2.0,4.6614171312145657e-07,2.75e-06,0.02410635973217976,0.009955815834416978,0.007050835794017275,0.0001425049174052491,4.895625296229937e-05
76,2,0.0001494282763720116,0.22276718467412618,14939.317603152682,1.0,4.643084459743018e-07,2.75e-06,0.023898832400645862,0.00675357898365508,0.004151029071900305,0.00013989984229723218,3.6446857018182586e-05
76,3,4.132635659317229e-05,0.2628885410804429,15611.943569097106,2.0,4.691542877808131e-07,2.75e-06,0.03956815207489315,0.006097830664303486,0.0004912356866004819,0.00020262353145287834,3.1677724651724784e-05
76,4,0.00038847090159881137,0.16828291334381848,2826.115316673958,1.0,4.674799183457622e-07,2.75e-06,0.040033403589484165,0.03761188367998231,0.03762937947214972,0.0002704473070472073,0.0006412877912657799
77,0,0.00014002730847195296,0.227113668918753,5204.235066362906,1.0,4.707877943888106e-07,2.75e-06,0.022995755412468465,0.011452268141046058,0.010536274772451441,0.0001585621338951506,0.00012937851607474512
77,1,6.231007471634486e-05,0.16462687767277145,11212.753584637452,3.0,4.7033235706175514e-07,2.75e-06,0.03389921190954525,0.005525600484110846,0.0007043899135768383,0.00017264143032311304,2.847284358119224e-05
77,2,3.834384417848524e-05,0.018194795574161846,19181.628054263798,2.0,4.806432951979168e-07,2.75e-06,0.04286159617871068,0.01108162952183872,0.0006308238875322486,0.00037238794716245357,2.447113092576189e-05
77,3,0.002034062579046328,0.13057249582353142,10375.965509189384,3.0,4.673552861749461e-07,2.75e-06,0.07311673364878797,0.07916528547374911,0.03474060506156857,0.00022657859669779392,0.0005759315118151723
77,4,3.130820941928863e-05,0.19431092641327521,4473.444812459629,2.0,4.5969909845973823e-07,2.75e-06,0.020904020265904613,0.005858551303998215,0.0004879876924439133,0.00019550202410683083,2.3141982107861532e-05
78,0,0.00012008975143226267,0.2406088203711405,20402.497608131296,1.0,4.617771682873389e-07,2.75e-06,0.02157364593015555,0.00584385107336767,0.00166039459820657,0.00017267110820301472,3.1777823874701626e-05
78,1,0.0001856132600071887,0.22262020804702115,7690.707675774471,3.0,4.7395643545648583e-07,2.75e-06,0.048837036214190575,0.018726709604722266,0.019957499508375373,0.0003918629209289361,0.0002224113722765932
78,2,7.811960746892462e-05,0.04620373804345599,9402.018621812847,1.0,4.7065728986085427e-07,2.75e-06,0.025658346953417385,0.007513130603029358,0.002980232014129561,0.00014252995205143285,3.447361166353234e-05
78,3,0.0002425178274838032,0.29026976414353534,11461.873602472197,2.0,4.649801684356332e-07,2.75e-06,0.028393263377848355,0.011006468122977469,0.01004972277914464,0.00016028534426991856,8.814710364971028e-05
78,4,2.504155997765232e-05,0.10714701102547461,21944.64394829742,3.0,4.5149881260987004e-07,2.75e-06,0.021122872945218668,0.005663859168640775,0.0005090317998398641,0.00026691436016387316,3.0876614976713624e-05
79,0,6.911709814931746e-07,0.1512347576926697,5431.097805398487,2.0,4.652452035751573e-07,2.75e-06,0.025335221180112135,0.006016650956915088,0.0004705708321328587,0.00013505485813668566,2.425915531746126e-05
79,1,0.00013833533052197148,0.06927391850978888,18369.826234574924,1.0,4.6874940941797215e-07,2.75e-06,0.029969598781647174,0.006644220624764175,0.003922762543449085,0.00015853850929211863,3.293289881344622e-05
79,2,2.692257011114868e-05,0.10330169072174353,8125.114695319563,1.0,4.5908239198053894e-07,2.75e-06,0.02124564980111651,0.005674047799936845,0.0004920643589494961,0.00026363025595367703,2.9796764366062138e-05
79,3,0.00023154068059116824,0.25914228355304075,20170.570808338678,1.0,4.797044912906218e-07,2.75e-06,0.051223380739160884,0.007038488928410976,0.004567419171801263,0.0003820015204643501,3.473591899036234e-05
79,4,3.0124482736598266e-05,0.20853057808991307,6493.107497598008,2.0,4.747354068663731e-07,2.75e-06,0.04690843492839684,0.005655442068003946,0.00047301650030725454,0.0003012379971028473,2.772080904499196e-05
80,0,0.0017283968649487844,0.08196069132188508,17513.08311784682,2.0,4.665442538760757e-07,2.75e-06,0.031319141888728315,0.03222673972137194,0.013111402486440943,0.00017550183618369173,0.00014880797608235783
80,1,0.00018973863378286246,0.025131906811538207,8545.794242869168,3.0,4.531061500761044e-07,2.75e-06,0.060895966506518,0.03888957492573133,0.01756030532744689,0.0004155673180580637,0.0001971525802520717
80,2,1.5806985758416664e-05,0.09781594160389191,11607.328043332534,3.0,4.7385966142445824e-07,2.75e-06,0.05759355486771688,0.006274345088541937,0.0005343954017319846,0.00046952797027087755,2.6786868831790198e-05
80,3,0.00017496790115948142,0.15546426664991927,12236.364453184455,2.0,4.83209892047833e-07,2.75e-06,0.05489264591274704,0.00991420732005509,0.008277333375268307,0.0004925446743222853,7.071223539940343e-05
80,4,0.000784282885002691,0.04352955311751496,10180.358035609905,2.0,4.775284378482548e-07,2.75e-06,0.02780560432975397,0.037228265804447595,0.017231956523557475,0.00023693841719041122,0.00024275919421384604
81,0,1.30048149890576e-05,0.280931932684471,23017.84126983561,2.0,4.532613013975704e-07,2.75e-06,0.023681468683504906,0.0062949744655445075,0.0005070058701429923,0.00015373831127443588,3.21942053785574e-05
81,1,9.34261589256561e-05,0.13380861614068465,19671.28827224558,2.0,4.5014922144831656e-07,2.75e-06,0.021538329089723068,0.005556061510484061,0.0020190074328348168,0.00031031262884348584,3.100414733303311e-05
81,2,1.6368861642612582e-05,0.2691826325210208,9489.6356429521,2.0,4.819975085716169e-07,2.75e-06,0.05945061645596694,0.005933595683648968,0.0005054789218026614,0.00044695889491403357,3.0621291588719584e-05
81,3,7.397457491374485e-05,0.10030167187869497,8168.480862423296,3.0,4.79974096753484e-07,2.75e-06,0.061646933534538095,0.00835969364970744,0.0026992838064560133,0.0005722434230776581,3.812838222849688e-05
81,4,4.1302287135686896e-05,0.21547884618888627,8657.92415490968,1.0,4.62386411007546e-07,2.75e-06,0.021359505307172944,0.005989749429956708,0.0004992473968450626,0.0001885227300222856,3.120972673399135e-05
82,0,0.00035288625814425896,0.18816976370061395,19894.973068254567,3.0,4.5215899517549443e-07,2.75e-06,0.02606219024328638,0.010677932718022516,0.008965715247720064,0.0002941763865623674,6.190682820291644e-05
82,1,0.00011911934693715027,0.16983524639827097,15914.522959515089,2.0,4.69950763439639e-07,2.75e-06,0.04050452663877653,0.006628042435027383,0.004086546331942575,0.0002541072941459489,3.772229341308022e-05
82,2,9.218517462937263e-06,0.0869492786966481,24300.280759282185,1.0,4.713013933745745e-07,2.75e-06,0.03737825024992498,0.006001128075542703,0.00051111807412456,0.00018455150902105133,3.215126012988823e-05
82,3,8.820549747030155e-05,0.09563649203806913,20404.911530436053,1.0,4.5836869502935003e-07,2.75e-06,0.020694509920531963,0.005582195346309462,0.0011988114343459044,0.0002240388956785449,3.158752607776587e-05
82,4,0.0015754232835622668,0.037543734957711246,23572.535574819263,1.0,4.677925352607379e-07,2.75e-06,0.026616411241686167,0.01624895047237802,0.004082511432862648,0.00019723829560190564,3.485101863214886e-05
83,0,0.00035750148466823895,0.20009252727073468,19873.999992727197,1.0,4.542836923901387e-07,2.75e-06,0.020036239372385346,0.007453804436731308,0.005224343597523838,0.00020291652889468592,3.7560131689512505e-05
83,1,3.455543487542469e-05,0.08922297756443916,15201.79103972362,2.0,4.7510143505700815e-07,2.75e-06,0.04342842528014638,0.0056845220872716274,0.0004730187099831319,0.0002661815200604729,3.0058814924071257e-05
83,2,1.6517551391768796e-05,0.12786931770115842,17979.45711993638,1.0,4.715962370429902e-07,2.75e-06,0.03279762847336837,0.006066602413349877,0.0005066282540013606,0.00015116479412498785,3.205490472703689e-05
83,3,0.00040087352273861335,0.0070380788255698925,23791.983008214607,1.0,4.536582613239673e-07,2.75e-06,0.03654081853956861,0.01778162947214072,0.0027004547516805994,0.0004002751304603438,2.6900172936171697e-05
83,4,0.0010244373699246105,0.22435127334491736,10793.907740731418,2.0,4.806659281089171e-07,2.75e-06,0.030871359379546586,0.027363751119716145,0.01788388556868006,0.0003484708603733359,0.00024030783011786774
84,0,8.208471986721122e-05,0.07369548024742141,16455.040116025455,1.0,4.603411656663793e-07,2.75e-06,0.022148763031355254,0.005512624509033378,0.0014590434872162655,0.00015778128936144159,3.092200853663609e-05
84,1,0.00041707364871916027,0.04030566798186792,8680.35288468785,1.0,4.613071293862389e-07,2.75e-06,0.02539012247652943,0.022421543021278578,0.012028569558606502,0.00017428008457016258,0.0001287645224916284
84,2,1.7341640223383553e-05,0.023253117802242762,24906.45301254504,2.0,4.684390942351736e-07,2.75e-06,0.03319968314798911,0.00758205094701114,0.0004752582000715899,0.0001998676308307296,2.8644511888147395e-05
84,3,0.0007502769222512031,0.042523409085447696,14724.131525943176,1.0,4.544678886888507e-07,2.75e-06,0.027020539472594574,0.01897493608814796,0.007417987799243159,0.00022412835708514962,6.650150034672996e-05
84,4,0.00013602707129151798,0.20797118385473398,3935.805807750924,1.0,4.6223097043821366e-07,2.75e-06,0.026274545740996313,0.013218609849069583,0.012736046498674755,0.00028961739023315004,0.0001806066770131374
85,0,0.00013037908787905141,0.0904734525276186,17037.370385029702,2.0,4.872278620302367e-07,2.75e-06,0.07266480116547451,0.0077430271066423854,0.005130939683681634,0.0006956364102397341,4.185309855442366e-05
85,1,0.00043949668243735245,0.1955916626935898,23293.324886112892,3.0,4.5750116131933284e-07,2.75e-06,0.022545646439846467,0.010481836245835633,0.00840425715100964,0.00019782613470876718,5.398619889449997e-05
85,2,5.6410921563690556e-05,0.10227141605524506,2269.957090464232,3.0,4.4849966755290534e-07,2.75e-06,0.06247832566683281,0.021879999904612684,0.0027060993359986404,0.0006726861110385556,9.259848856817302e-05
85,3,6.808902908565862e-05,0.15249695690514076,10452.320590966317,2.0,4.6000023606584373e-07,2.75e-06,0.020920786449145395,0.005455999416606271,0.0010448679739540263,0.0002583976923726602,2.937480518749014e-05
85,4,0.00010553672045541802,0.2548834943348301,16585.55899195622,3.0,4.5877668603570686e-07,2.75e-06,0.020615600583882933,0.0057842022259006615,0.002582866882676361,0.00019047298666167856,3.201728788551939e-05
86,0,4.0884115255032904e-05,0.046791322990073776,19355.63466508703,2.0,4.5900837321253354e-07,2.75e-06,0.021322630224363013,0.006115968788142227,0.0005096377865897945,0.0001686351815743903,2.9467559298516498e-05
86,1,0.0008120733846489875,0.14702580943872612,7758.087651349108,3.0,4.786629078384525e-07,2.75e-06,0.043846959825358967,0.04712016695124586,0.03059522195151662,0.0002477201099816708,0.000442514356973719
86,2,2.5185716592859026e-05,0.12037768177158917,22454.858813316296,2.0,4.5949601500121894e-07,2.75e-06,0.021484836746478272,0.005820118647237526,0.0005063241398231495,0.0001836900361291138,3.1680734925182954e-05
86,3,3.207172432536403e-05,0.04938120932831692,18979.704994850144,3.0,4.6429185811050524e-07,2.75e-06,0.020800174236570153,0.006982402608658404,0.00047165522882060745,0.00021020960858747354,2.7699038509127477e-05
86,4,7.532986923578477e-05,0.09022914008473737,24937.551198368088,3.0,4.545214177887587e-07,2.75e-06,0.020664743410671243,0.0054813106828404705,0.001075289974145157,0.00021103980501380938,3.057848780770709e-05
87,0,0.0001748159082311508,0.2922628104981449,4250.140078253906,1.0,4.657901129307503e-07,2.75e-06,0.026496662744608285,0.0162160606800219,0.017159526161552124,0.0001772944191476199,0.0002349368069956273
87,1,0.00013228068249836048,0.08409211209459683,6611.222711799609,3.0,4.601280387034782e-07,2.75e-06,0.034619528407125864,0.022707320685268605,0.018242369654599175,0.000256784441734979,0.00022033268359822434
87,2,2.700195441679113e-05,0.06662659828867658,16058.095079972061,3.0,4.7507426021160045e-07,2.75e-06,0.02944795313911971,0.006510421766530875,0.0005254147495154862,0.00015334562101593926,2.779760584450773e-05
87,3,6.864444870461626e-05,0.09195776048177297,19679.64254070983,2.0,4.617746700062479e-07,2.75e-06,0.021852914244437856,0.005472067472280517,0.0008999025914658631,0.00016161574726867062,3.0727791243185486e-05
87,4,2.9853704008354106e-05,0.19236775976168125,2734.805442353348,1.0,4.7152680110135467e-07,2.75e-06,0.03417299311086644,0.005763523020712972,0.0004934074429357874,0.00017458117559296515,2.3461911402225474e-05
88,0,0.00011738940334633456,0.1595024140456718,22614.55969222742,2.0,4.855552712267805e-07,2.75e-06,0.046144409982527036,0.005922843449704577,0.0028895649063662814,0.0003053898624499667,3.162140141180677e-05
88,1,5.898332698030176e-05,0.13805244650142431,23360.983925386932,3.0,4.745682954360693e-07,2.75e-06,0.056625244193786145,0.005634786557726251,0.0005491381741008179,0.0004196032068051984,3.122184752713774e-05
88,2,3.303831330871895e-05,0.23499024675614988,18383.29430563927,2.0,4.6576730363834074e-07,2.75e-06,0.025883289583087235,0.006112053004029912,0.0004890649013473465,0.00013876706559064582,3.186897592105535e-05
88,3,5.683903741388112e-05,0.12269443376100682,15257.985766145945,1.0,4.67183575829595e-07,2.75e-06,0.0315401426352914,0.0058276568230999,0.0005529665291222057,0.00014663388268187544,3.1645659439590315e-05
88,4,8.509773206491614e-05,0.16445026171013635,15934.470386599884,3.0,4.71028622002997e-07,2.75e-06,0.0337116884695777,0.005448653363462618,0.0014656540284865485,0.00017113583823673162,3.014288247552913e-05
89,0,7.881948510172682e-06,0.07843018929657235,4229.199317100774,1.0,4.645802889923075e-07,2.75e-06,0.021012580741163953,0.006891371153939882,0.0005499709291755812,0.00018737763611657897,2.237907891638055e-05
89,1,1.7256230225862126e-05,0.12608916769824832,23013.968709654793,2.0,4.6204132723066557e-07,2.75e-06,0.02102594733904305,0.00586808092622891,0.0005016110225566154,0.0002479181797467437,3.1788381993959706e-05
89,2,5.8627584303885054e-05,0.14892547700524258,10569.508705431264,1.0,4.782378208946012e-07,2.75e-06,0.05479498448775347,0.005739590258208937,0.0005730264655246282,0.0003911493012222443,3.107946398908321e-05
89,3,7.276487802323861e-05,0.10458506165084701,14298.93886191549,3.0,4.6567664611276664e-07,2.75e-06,0.02530299533225901,0.005830417984254457,0.001378036090440062,0.00013515891648338747,2.864914083279237e-05
89,4,1.16896261949904e-05,0.29881119371247294,9302.869853703876,1.0,4.667089401522279e-07,2.75e-06,0.02566176579660963,0.006256735561686909,0.0005105449844627088,0.0001403354246351362,3.176666675700068e-05
90,0,7.141016196721013e-05,0.29664733425494577,22803.447808521756,2.0,4.6249065046887137e-07,2.75e-06,0.030801451512843758,0.0061359960562816914,0.0005678049070088038,0.00014140693470274064,3.204120528201943e-05
90,1,0.00024401102870969294,0.19156191621638477,15335.348913350574,3.0,4.5406872126813173e-07,2.75e-06,0.02855212655304824,0.011663315178632274,0.010625022641072327,0.0003303374997960169,8.246346251027738e-05
90,2,0.00010210312246851643,0.2072679630518782,19469.62492561908,3.0,4.76929225014822e-07,2.75e-06,0.06262961776490221,0.005644899682722421,0.0022961152332736227,0.0005128011758871887,3.124084711508551e-05
90,3,0.00010837827865321905,0.24693937265246566,17867.271178680043,2.0,4.801726501008071e-07,2.75e-06,0.06999582047117296,0.005755290834658793,0.002292553328524049,0.0006036945769937555,3.153241124991595e-05
90,4,1.2612067616937229e-05,0.1477645085010336,3294.2432583045347,3.0,4.7273442607880576e-07,2.75e-06,0.027144702540166193,0.009548187891476267,0.0005557157998670471,0.0001629590772755504,1.6845354508344872e-05
91,0,4.0285381426501974e-05,0.08994990661032164,4146.674375057661,1.0,4.5485469907774754e-07,2.75e-06,0.023190782386138992,0.006556072082322985,0.0005865008232725444,0.000323918391292963,2.3448763670496455e-05
91,1,3.94904346766072e-06,0.18922047351582616,24822.585839941887,1.0,4.560024959346272e-07,2.75e-06,0.020976726361535917,0.006333552854938537,0.0005088565419454302,0.00022556715198819818,3.238579543955448e-05
91,2,0.0014415428082136218,0.003802414781292517,11704.311543353288,2.0,4.726968877400384e-07,2.75e-06,0.08218539497424003,0.09491621198843651,0.010508647352499775,0.00018590213540060454,0.0002791794313862511
91,3,0.0002853039680146697,0.19652455852063527,2187.686239130041,3.0,4.703496720899594e-07,2.75e-06,0.0847865378750236,0.06773114309693862,0.0803988021151774,0.00031621794545316046,0.001535035474880871
91,4,0.0036499705913040285,0.1407284654723277,7626.904187014304,3.0,4.876139593073848e-07,2.75e-06,0.12021449655952354,0.15003523705772023,0.044835790637602936,0.0006474889217419599,0.0012744886821508211
92,0,0.0001412623851501406,0.12841843944253226,13014.001877485356,3.0,4.6747027851277585e-07,2.75e-06,0.026273924669125284,0.011139682082410488,0.009316393528994356,0.00015226803666268762,8.101446137004501e-05
92,1,5.489049831673788e-05,0.282574163479761,18506.614366636266,3.0,4.72334889445685e-07,2.75e-06,0.03731974039195718,0.006032748881061682,0.0005052673028564237,0.0001829877448352197,3.1562415525035306e-05
92,2,4.460905410345647e-05,0.1622454087646097,13464.7016824733,1.0,4.469165786827959e-07,2.75e-06,0.027142605623258088,0.00600934338265137,0.0005003807193638342,0.00047695762102461505,3.17498705402829e-05
92,3,0.00012451481549099038,0.3008892277908601,4465.993394986988,1.0,4.540740246262167e-07,2.75e-06,0.027308157019084973,0.00873315189693276,0.006944404387817823,0.00039808403392435236,9.75818097143174e-05
92,4,0.000679828188347684,0.1236375576978888,13256.531835146488,2.0,4.6257253819137316e-07,2.75e-06,0.025097620642739498,0.019339879350980662,0.012420539099200191,0.0001669779417061149,0.0001266657953598735
93,0,0.0011533976070694073,0.09317230280307097,24126.080158469373,2.0,4.749414523437172e-07,2.75e-06,0.02827893041345055,0.0166918543909061,0.007856627203124234,0.0002384427588226881,5.996232342348328e-05
93,1,1.8816432865347367e-05,0.22465163604968316,7418.758477709129,2.0,4.843559508617513e-07,2.75e-06,0.0618284405927913,0.005726013874052063,0.0005002626444606752,0.00048681759319460174,2.9058808206003365e-05
93,2,0.0007746029186366344,0.26183338377059695,3210.852915477907,2.0,4.802087070096464e-07,2.75e-06,0.07047691680535446,0.06948921822573169,0.059054665836448646,0.00035847771410728763,0.0013767769999056222
93,3,4.9616715187031065e-06,0.028760588078416603,24061.125544193917,1.0,4.6182516171430365e-07,2.75e-06,0.02713949126634087,0.005765558424657716,0.0005231748171947915,0.00013486405504252905,3.1281360563192267e-05
93,4,1.7664602337685713e-05,0.2170687744426175,20676.843008828255,2.0,4.636588031170677e-07,2.75e-06,0.023676002800051454,0.006129302008559497,0.0005095888406029177,0.00015354766846249304,3.1996073729699385e-05
94,0,0.0003050116611813853,0.2079584843736291,11738.958514712305,2.0,4.789520497724996e-07,2.75e-06,0.041899461597857714,0.012237336682653347,0.010725763000935579,0.0003485276776472996,9.142883412693218e-05
94,1,6.657052279942474e-05,0.14944383110076703,23933.140063631035,3.0,4.5961297953278285e-07,2.75e-06,0.023101216250422885,0.0056439302727867855,0.000589768250892977,0.00015329776361720502,3.135088199119553e-05
94,2,0.00010537665780401124,0.009431235456801332,14068.903410949526,3.0,4.644937502513265e-07,2.75e-06,0.03734933468026377,0.042348320229675517,0.007465560445360543,0.00015428902232172913,7.77759931240475e-05
94,3,0.0002948860066057406,0.006109943015782392,5303.769984492465,2.0,4.454561171821181e-07,2.75e-06,0.1713950656988871,0.12989116510552615,0.022938928158324313,0.0005778581179768518,0.0006003801389966631
94,4,9.012830228709015e-05,0.06167698348516229,8207.150380377632,3.0,4.5396086778624445e-07,2.75e-06,0.030759433122157325,0.01575662422073948,0.007815832963047963,0.0003361491371336234,8.585409891015941e-05
95,0,3.6919388130823336e-05,0.2669079012947196,18535.29559855635,3.0,4.5921945157769545e-07,2.75e-06,0.022847269933682645,0.00605594721799631,0.000498288298228815,0.00016141213570713609,3.15904398390836e-05
95,1,0.00026620624824182955,0.13864285633348022,7708.2123536266445,3.0,4.674618380143848e-07,2.75e-06,0.033563037569360375,0.023145060579370835,0.022230815195181955,0.0001609162231250138,0.0002434172320109455
95,2,0.0005838327716146133,0.11664614399826413,7329.3048201280635,3.0,4.614024171687832e-07,2.75e-06,0.05943880452596398,0.03935947530578216,0.0289961868821402,0.000384883536116246,0.0003640483238605146
95,3,1.317321038021565e-05,0.06510113044245085,12111.63119051636,1.0,4.692738475899771e-07,2.75e-06,0.035000470670277235,0.005698783697890476,0.0005150444054208777,0.00017639974193212318,3.05083543708451e-05
95,4,5.222475783161544e-05,0.27694170257496903,8420.366175162686,1.0,4.569896027695579e-07,2.75e-06,0.021345636248279187,0.006088840890451907,0.0005218116657582479,0.00019150628085106328,3.1340011818391306e-05
96,0,0.00011104570220348575,0.24617061194903705,22789.25091890747,3.0,4.64148023607675e-07,2.75e-06,0.026305377422959936,0.005768060305545094,0.002382014572128756,0.00013669307157153452,3.142937255684173e-05
96,1,0.004351684959767869,0.012687089372393143,9510.591710956836,3.0,4.668489678295061e-07,2.75e-06,0.14337252681602067,0.14143320974140494,0.023156058208040578,0.0002145232657334291,0.0007244279261997164
96,2,8.64345169153634e-05,0.22505260980477182,21664.25819851267,1.0,4.604630047338343e-07,2.75e-06,0.028751491939877413,0.006069284878421857,0.0006293590941055143,0.00013645726636927677,3.212857675640118e-05
96,3,0.00011893166176216697,0.2709820366502352,3643.4041945564304,1.0,4.886464849385309e-07,2.75e-06,0.05790426057378343,0.009777489491498618,0.008251047707297262,0.000522694178967701,0.00012812639665368795
96,4,5.544834868035073e-05,0.11849972764409958,22393.552671125337,1.0,4.6236428149909816e-07,2.75e-06,0.020918003406331594,0.006009861075402761,0.0005251355140610311,0.00023136662223583503,3.2097671736383593e-05
97,0,7.231081131243096e-06,0.23236497640292622,8875.703541422885,2.0,4.606252719124202e-07,2.75e-06,0.021108689127398893,0.005800652214595108,0.0004962997546185578,0.00019265024612073932,3.0066281114190485e-05
97,1,3.953370014148062e-05,0.17297905362168353,16084.132160847637,1.0,4.492029740788045e-07,2.75e-06,0.027295612608622805,0.00613767675743192,0.0004917325412217662,0.0004811457438377333,3.2037623425098036e-05
97,2,0.0010262903454201463,0.2232560085887906,11331.159672833308,3.0,4.748175288483559e-07,2.75e-06,0.03592456265979112,0.036837772074451325,0.02231618112106724,0.000212289150565023,0.0002818302690528094
97,3,1.7513648429588896e-05,0.23181785459455598,12106.1349355888,3.0,4.731885154699693e-07,2.75e-06,0.042257644205474565,0.0057801888500957285,0.0005177326912399946,0.00023805539892052374,3.0257591391716734e-05
97,4,0.00047781959143861985,0.056873744444572445,17281.8034419579,1.0,4.623945726415112e-07,2.75e-06,0.02419656127473761,0.011781765145470852,0.0063001353700609915,0.00027707806579868084,4.283127724738059e-05
98,0,0.00020351624055933923,0.09136716701499788,19953.407285986446,3.0,4.800685418052211e-07,2.75e-06,0.05167585110971137,0.010489362200253073,0.008112957721694044,0.0004623675443208215,5.746088276139646e-05
98,1,2.5093589637423108e-05,0.2610632563945601,24871.7088952996,1.0,4.571721020474819e-07,2.75e-06,0.02090756926020382,0.006418362574081918,0.0005065374059845842,0.00022696601836013535,3.2423132081970894e-05
98,2,0.0015762908317153953,0.09014555601619433,24492.206889180306,2.0,4.590443857819917e-07,2.75e-06,0.029352633009928575,0.021578789246391224,0.008943956738488352,0.0002547264759249083,7.113640495315917e-05
98,3,0.00010267624889017527,0.25850481650469853,16955.69525606566,1.0,4.55283987803503e-07,2.75e-06,0.021963922602396376,0.00587681735978856,0.0010985917674210843,0.0003394602407668951,3.1811363699137055e-05
98,4,0.0014600736176609923,0.24114539599427076,24648.61913150992,2.0,4.4027636122559415e-07,2.75e-06,0.05143613353693919,0.016458970876316027,0.008433249004348583,0.0006144568360726891,7.093363469307726e-05
99,0,8.077212528704821e-05,0.2486485522107689,2723.266915404857,2.0,4.841144061310313e-07,2.75e-06,0.0320752209988045,0.0080599718904163,0.004456963473972342,0.00019452982916803743,8.4598338786787e-05
99,1,0.005534196959559423,0.1931804332228875,13353.160540501709,1.0,4.6305036676718644e-07,2.75e-06,0.031509896387273646,0.0313239363233817,0.006782305566984395,0.00016518767842874216,0.00011969931249384054
99,2,4.4293786448601444e-05,0.1673037353772056,8722.189667060717,1.0,4.701142730733078e-07,2.75e-06,0.02591858334053305,0.005815989455490382,0.000509398156958587,0.00013672500837991463,3.087293965845739e-05
99,3,7.392577969195596e-05,0.1865861636181144,8642.43689412067,2.0,4.566236424514967e-07,2.75e-06,0.021206547548020455,0.005442179080482615,0.0014439094010792594,0.000274796635638058,2.9669015728734575e-05
99,4,2.6834706155391896e-05,0.09462693810856011,6483.38499719029,2.0,4.785065355314071e-07,2.75e-06,0.04004291996404693,0.00691027841750054,0.0005064999845553732,0.00026198171111223973,2.2893391762563446e-05
100,0,7.246524512962609e-06,0.1283552772247399,21429.851043357783,3.0,4.677951228608745e-07,2.75e-06,0.03257019299986892,0.005693346306479645,0.0005058971799102677,0.00015545969037651492,3.114414884348521e-05
100,1,5.502128657251019e-05,0.173527998828175,22500.404949182073,1.0,4.899835562358601e-07,2.75e-06,0.07585062460005125,0.006205559415578837,0.0005043002948330624,0.0006551331494703516,3.223998935323837e-05
100,2,5.030626931127764e-05,0.24586742461775196,8303.696181959082,2.0,4.686611862964261e-07,2.75e-06,0.035532092528735994,0.005675799556023841,0.0005466482419127101,0.0001740360655573519,2.9611504954159393e-05
100,3,0.00020572829868255744,0.07672790603345213,20300.237694885607,3.0,4.5849217312538684e-07,2.75e-06,0.027476353952464297,0.010634527076507137,0.0077100460372828555,0.000345796970731908,5.429095323000443e-05
100,4,0.0010493627602751305,0.1900551809426128,15382.370425171892,3.0,4.6924138426142394e-07,2.75e-06,0.030459810791701635,0.02899759052462512,0.01577213496138203,0.00025528082187768595,0.00017377793613870614
101,0,0.005799024223700423,0.009542267943429081,5944.998093177371,2.0,4.7047342478697925e-07,2.75e-06,0.15301006405883588,0.15880302256708012,0.03144222857322385,0.00037153411329210977,0.001296415491979818
101,1,0.00037557971735880486,0.2686191647817811,3740.683645747861,1.0,4.695398113298197e-07,2.75e-06,0.03473123807689656,0.026389544220690796,0.028577289045832333,0.0002682394982547988,0.0004166121431548794
101,2,0.0009652003164777257,0.08387164854917883,17762.045561944098,1.0,4.709943221953803e-07,2.75e-06,0.02564287522998462,0.01569171924363019,0.006539070583687763,0.00017252211294650668,5.286603292260314e-05
101,3,7.744167794836018e-05,0.13350576049421517,13316.369179376366,1.0,4.490144643097047e-07,2.75e-06,0.024247019879099097,0.005620589478237646,0.000874062500912994,0.0004033624317682583,3.124560853074831e-05
101,4,7.957477883504498e-05,0.005558340286767548,9717.840464669232,2.0,4.65937835516437e-07,2.75e-06,0.05577216263271203,0.06761819061348434,0.0054428704972556,0.0001504475280048122,0.00011260965737999088
102,0,0.0012208133903608104,0.09078452230291055,18807.02616190779,2.0,4.7328325482084784e-07,2.75e-06,0.028673101069683463,0.02264818349024958,0.010630886463391692,0.0003148173550820944,0.00010068530108137922
102,1,1.4453567623454088e-05,0.1485241897213618,13274.559510499961,1.0,4.538482175716748e-07,2.75e-06,0.022015414644738423,0.006019759028286146,0.0005088247708549043,0.00033442253123673344,3.1785292937718856e-05
102,2,0.00016805955416143947,0.11462490288030439,10183.913229881433,1.0,4.685274953866464e-07,2.75e-06,0.03253752159986947,0.009545294566964596,0.007759474351224447,0.00020171829437363664,6.656035668013871e-05
102,3,3.903356376184973e-05,0.12135959246785837,13902.26424553019,2.0,4.570711768628308e-07,2.75e-06,0.021003466079014405,0.005627052354102144,0.0004923219226418393,0.00020464056197037252,3.0348245137774908e-05
102,4,6.076429075276873e-06,0.27442451830216535,20604.366770071236,2.0,4.782078636943704e-07,2.75e-06,0.048459409363309704,0.006253905208118302,0.0005055324591746467,0.00029910792408864996,3.2112056233989274e-05
103,0,1.5352105955017737e-05,0.05228310558325061,21035.541695274747,2.0,4.621872870047122e-07,2.75e-06,0.025096228392114034,0.0058681521510511175,0.0005136556237587841,0.00013634142992418873,3.031176991140262e-05
103,1,9.407179788501984e-05,0.06126831272645058,11274.346530861972,3.0,4.5749014048940074e-07,2.75e-06,0.03146121464173902,0.012508125908395104,0.006461163169624401,0.00039366795636669726,6.30870895588549e-05
103,2,1.6481745062316615e-05,0.1468179962385436,22200.495626283933,1.0,4.519852033691162e-07,2.75e-06,0.026262407415742445,0.00620448915414309,0.0005069488173181056,0.0004615057798643991,3.226802259938602e-05
103,3,9.72863264786768e-06,0.17984393545958774,4127.031545845173,2.0,4.599159642368497e-07,2.75e-06,0.02099219725870602,0.006114095516061623,0.000492562821313529,0.00020759249680418694,2.173352605806059e-05
103,4,0.00015425177936162151,0.00888761665265082,19732.44376077702,3.0,4.789425284699716e-07,2.75e-06,0.025383694218620512,0.035170611500555365,0.006515064114061761,0.0004593080222620438,5.5381674976141396e-05
104,0,5.3402114310814755e-05,0.24324800861511298,8864.915237421912,1.0,4.595915443928619e-07,2.75e-06,0.021223160358317356,0.006014602364311983,0.0005237539627382966,0.0002845046089582685,3.131317627861272e-05
104,1,0.0009738703050202243,0.07806878184182574,11672.456241147063,2.0,4.505682758263815e-07,2.75e-06,0.055853018357321906,0.03119631428356849,0.01552061968158574,0.0004614223494834029,0.00020401223106764825
104,2,0.00011806832140537402,0.023278123353840108,6042.28941449544,3.0,4.480452879422392e-07,2.75e-06,0.0751804086066382,0.04980314313049385,0.01979469741494696,0.00044276837113600595,0.0002578027492190042
104,3,0.0002805248689275347,0.031090842871659717,14051.959685420248,3.0,4.557121327828737e-07,2.75e-06,0.03741324220258336,0.02498418139601515,0.012240153314264875,0.00030914630690160764,0.00010314200691841659
104,4,0.0007061875544910006,0.07920198821342264,8848.195524122326,2.0,4.6869249507340334e-07,2.75e-06,0.02947221672258116,0.03279763820070069,0.018804391227994977,0.00023259955463550216,0.00027522690115598794
105,0,6.921251406961606e-05,0.2588067235265941,4430.7972123389445,1.0,4.5893554549954487e-07,2.75e-06,0.02077973168065703,0.005552976856149343,0.0009591456007655387,0.0002178914992955353,2.9047477926585777e-05
105,1,0.0006879277457281242,0.26608588189862786,15272.324805115622,2.0,4.5946859577960426e-07,2.75e-06,0.02406628125738171,0.015093086152293015,0.011136370820026392,0.0001508129178579859,0.00010310234098457395
105,2,0.00026646179016193584,0.16858817964134168,24132.506700832368,1.0,4.4944176344342627e-07,2.75e-06,0.022688866183315906,0.006639076500631985,0.004086178426302752,0.0003393239903834026,3.2414269491824674e-05
105,3,5.797526717724881e-05,0.16553111265131623,7551.517412328228,3.0,4.6364283472316136e-07,2.75e-06,0.026420950311777987,0.005872868407487137,0.0006836308515897395,0.0001363227638819616,2.5250192417393393e-05
105,4,0.000722192159453889,0.2344371180901747,17332.890822884096,2.0,4.6831970825667867e-07,2.75e-06,0.024014512994533072,0.014332189004716814,0.010037593935688439,0.00014972934648815875,8.609432831145051e-05
106,0,0.0025723434023959724,0.2566179452425912,18992.634862129526,3.0,4.554854554876994e-07,2.75e-06,0.05734102242835402,0.046490395416734186,0.01863747493514374,0.00027961229506907615,0.0002242977607967064
106,1,2.265881067205935e-05,0.25083367930592515,17548.63781602151,2.0,4.6554270158930594e-07,2.75e-06,0.04182114625687038,0.006149215300496252,0.0005079571342795432,0.0002249606477950553,3.186555181406075e-05
106,2,4.813463080832232e-06,0.15503880413553017,18011.40487117393,3.0,4.7582172867550677e-07,2.75e-06,0.03835422918024481,0.005725507899567796,0.0005181454480712833,0.00020072520291059473,3.096113634346321e-05
106,3,4.870673253507986e-05,0.1333017783395033,10494.923444448063,3.0,4.5779142576960144e-07,2.75e-06,0.021542457407258284,0.005779737257590606,0.0005214207161539861,0.00016528725699105503,2.7339676234041285e-05
106,4,4.461811399008368e-05,0.19138665987849895,20905.136418435508,1.0,4.6425146452383324e-07,2.75e-06,0.030746555943002223,0.006257111072392053,0.000491338691542968,0.00014077655216488297,3.225981410502849e-05
107,0,0.0002098007129202729,0.17002055459433318,7181.081530481444,3.0,4.585628065031185e-07,2.75e-06,0.043562972973100994,0.021018036066957974,0.021537268784563978,0.0004262823197065995,0.00024338852698035205
107,1,9.40866560575744e-05,0.18093184226709866,24332.342904742953,1.0,4.6547986650054163e-07,2.75e-06,0.029259553044220416,0.005931323408398227,0.0007800392250155524,0.00013799874978472589,3.208792613759292e-05
107,2,0.00023603256045295675,0.040751698229837936,23296.818263189012,2.0,4.6946554879853494e-07,2.75e-06,0.028180454621449618,0.009994475305149636,0.005283024404625189,0.00017600422893047026,3.638138772783043e-05
107,3,0.00065578233047668,0.14760016215886268,12900.1801640605,1.0,4.5376765679155376e-07,2.75e-06,0.03128598563003997,0.01453108826634406,0.009468795865385191,0.00036644379553350733,7.601232505803935e-05
107,4,0.0008884407099164204,0.02353280184704083,12554.142409598237,2.0,4.642215893137401e-07,2.75e-06,0.038785668735539035,0.04121804983688337,0.014411915282130995,0.00017378151644538724,0.0001983952136837321
108,0,2.143046308167252e-05,0.2068724373330779,17724.523642183944,3.0,4.6666507156914176e-07,2.75e-06,0.022408294392841237,0.005864854444300596,0.0005035441723265372,0.00016272669935378072,3.128170964040892e-05
108,1,0.0002219772446489355,0.20508096247229637,11557.262517785648,3.0,4.769760080642266e-07,2.75e-06,0.03681127704958073,0.01408121097288365,0.013833004875339996,0.0002391367142310388,0.00012186762683155878
108,2,0.00017632929946743108,0.06040930075160436,16501.616709195026,2.0,4.5592427161301336e-07,2.75e-06,0.025505326018497598,0.010056397117090223,0.006472818884455343,0.0003237730975295956,4.885910786847923e-05
108,3,0.0015028893816388539,0.20403947163605377,19592.668838842477,3.0,4.6365568179173685e-07,2.75e-06,0.031244775099773997,0.031072448158223496,0.014030708736664663,0.0001556659303945922,0.00014986115985524758
108,4,0.00033334857187697933,0.2646400941691085,13389.258676929376,3.0,4.6752102945226003e-07,2.75e-06,0.027855044758218445,0.01379726859829459,0.013338380735002334,0.00015736821874239186,0.000108824390561915
109,0,7.545736374320763e-05,0.21078507884376382,6475.092708738014,1.0,4.87841011057542e-07,2.75e-06,0.05782215322212125,0.005565463003255389,0.001026421753526452,0.00043699946329502537,2.9985259747897024e-05
109,1,3.706777971037447e-05,0.12513107654552827,3404.466287436736,1.0,4.695550171595275e-07,2.75e-06,0.028343780497178686,0.006070753216333119,0.0005214008835408469,0.0001425081989413631,2.327250384064903e-05
109,2,0.00021428172082188228,0.1387502875770318,2418.7276185033857,2.0,4.485823920395172e-07,2.75e-06,0.09200115395788548,0.0460080106309457,0.04656700806766709,0.0006884799448006198,0.0008558452278690144
109,3,8.545117693773696e-05,0.1822495338885425,21509.40250274289,3.0,4.6725281528734184e-07,2.75e-06,0.029303875976651492,0.005521895590115288,0.0010692181306793211,0.0001405120690978807,3.110737422881031e-05
109,4,6.706692178406555e-05,0.19494560265525118,2382.718139905289,1.0,4.55533241560351e-07,2.75e-06,0.026894058953813624,0.006026385805514278,0.001661022635826192,0.0004264390868185621,3.920095763218381e-05
110,0,0.00016370496898348018,0.11367669488996315,16093.999375772857,1.0,4.5726031663359694e-07,2.75e-06,0.02004442538242138,0.007167018907135347,0.004829419918285047,0.00021936088718256907,3.801258444774407e-05
110,1,2.263386063333836e-05,0.026852898654144298,10911.774431220878,1.0,4.546232552011687e-07,2.75e-06,0.023552133954603444,0.0075570270006555945,0.00048633298187254905,0.0003267966149207724,2.66603071232228e-05
110,2,7.832837326410697e-05,0.09523149016932461,19722.668937428494,3.0,4.577295296479664e-07,2.75e-06,0.022919354145704608,0.0056382232281451975,0.0014755045900042537,0.0001442046634659844,2.971254392212978e-05
110,3,2.190616853560526e-05,0.22491291519502823,8648.786095834545,1.0,4.441950001998183e-07,2.75e-06,0.036040046640421486,0.006070800324824093,0.0005017850416496898,0.000615246757324055,3.13814578722849e-05
110,4,5.7046927368390856e-05,0.21992000929269084,24599.73380510222,2.0,4.567311651910576e-07,2.75e-06,0.02393732635289307,0.00610979366870834,0.0005158582448689589,0.00015100483753511965,3.2053923689134254e-05
111,0,1.8254519341534362e-05,0.13181770581135105,19693.036868031824,3.0,4.6818485357585665e-07,2.75e-06,0.03079818170851198,0.005718149294874104,0.0005115041971557823,0.00014633653302969257,3.094163997065811e-05
111,1,4.5489100294378716e-05,0.10229685756663771,24786.38668651021,2.0,4.481930478556616e-07,2.75e-06,0.023275019143362802,0.0057170509923793085,0.0005106014921961075,0.00037653466233027915,3.162525372585047e-05
111,2,2.1396325261373323e-05,0.023187269242961262,22717.806120695725,1.0,4.637553245393509e-07,2.75e-06,0.02725559250335377,0.0060325642172036,0.0005163065638152279,0.00013728829859474892,3.072092597818357e-05
111,3,0.00016823558651272164,0.2188605662762773,8217.030947143607,2.0,4.700855074029341e-07,2.75e-06,0.02909561735260745,0.012304380266637958,0.01159032723928048,0.00016952441921972195,0.00011917163136939726
111,4,2.7785872275224313e-05,0.08981767333677493,14332.004165206323,1.0,4.767024051066733e-07,2.75e-06,0.0694394630879496,0.005771297543169264,0.0004999476271397633,0.0005835418059021032,3.139308901682381e-05
112,0,0.0009176044368820122,0.2860049738215501,3740.575708147415,1.0,4.5253182677568545e-07,2.75e-06,0.0774537151229841,0.04836876820374927,0.033279809757984606,0.0005015359545523186,0.0006932396161133154
112,1,0.00010675121212204405,0.03702025008520458,22620.516911721075,1.0,4.536671494164262e-07,2.75e-06,0.022759003713251524,0.006101122671710313,0.0025785793892227804,0.00034110841123779746,3.0739280852311105e-05
112,2,0.00023899167196374263,0.16419487030433452,16519.145426454532,1.0,4.609485355496632e-07,2.75e-06,0.020120708984843406,0.00782371585654494,0.00573186749174005,0.0001813790650803604,4.201440896647583e-05
112,3,0.00021121065084869106,0.11740099241363337,13572.5530842488,2.0,4.7535056805287595e-07,2.75e-06,0.024550023206118887,0.01041610933778791,0.008271704934309294,0.00014481917789780884,6.550879889542901e-05
112,4,1.4659736297608656e-05,0.07130532610115829,14627.660504371835,2.0,4.826779553192123e-07,2.75e-06,0.05736936171006877,0.0059002203832563965,0.0004864248640067754,0.00045342185187746036,2.936557521104325e-05
113,0,7.98528446268421e-05,0.03930332027005357,15244.73111177346,3.0,4.7334847386276553e-07,2.75e-06,0.0364529647209187,0.011689224378659371,0.003760999240359518,0.0002962143105596823,3.693076423319507e-05
113,1,4.118047467887605e-05,0.1482273818613947,22284.669511792075,2.0,4.6612207277751716e-07,2.75e-06,0.029394391945334487,0.00589806081900228,0.00048358376304232474,0.00013743656904386913,3.1783732909003795e-05
113,2,8.700628807160356e-05,0.25349298013431065,20067.591168984673,1.0,4.68850776091769e-07,2.75e-06,0.03407442705504424,0.006097665172521607,0.0006260776669482912,0.00015808515858566638,3.211877840455963e-05
113,3,2.1347551468321157e-05,0.2678063442809633,7119.783237310319,2.0,4.806460836242114e-07,2.75e-06,0.05415344516562295,0.005801232208715509,0.0004924466855844434,0.0003830851813882736,2.926776933462757e-05
113,4,5.599987156181496e-05,0.26933405097939045,8917.29825655463,1.0,4.614215405081778e-07,2.75e-06,0.020899375283768572,0.0060519620010825136,0.0005349203710415578,0.00023333871941642152,3.1381613213529464e-05
114,0,9.678839567279633e-05,0.23064788155871374,10321.915870341922,2.0,4.720922845492534e-07,2.75e-06,0.03352974719022594,0.005773741110781157,0.0026419459769085204,0.00017413973278565886,3.4705683035297065e-05
114,1,1.3655565986426938e-05,0.05920769879397725,19932.03181573234,2.0,4.6688575030806277e-07,2.75e-06,0.034047578806716494,0.005795277695440345,0.0005124164169854751,0.00017475978726611704,3.0370754370242484e-05
114,2,4.136161992350569e-05,0.10193594558788223,18796.1856213407,1.0,4.738746195803711e-07,2.75e-06,0.046509275185141696,0.005914268559926865,0.000492792978657063,0.00028234321065254847,3.1893586797027846e-05
114,3,0.00021289884160356691,0.045235997678150786,6959.909206009259,1.0,4.502867530343885e-07,2.75e-06,0.0469022620069602,0.018445507414706633,0.01265948578868531,0.0005257462167118212,0.00012620720911366457
114,4,0.00014408979966987117,0.056727526261765436,8640.401417865716,3.0,4.7355075802365466e-07,2.75e-06,0.02866691076474342,0.022661518391054448,0.015602760883022296,0.00020712179075333328,0.00016386314898883723
115,0,0.0002541310265538395,0.12510752004047523,15266.417220693476,2.0,4.560209703888701e-07,2.75e-06,0.030346511322778713,0.009971152147524125,0.007712422382225286,0.0004113386563605708,5.833562432648178e-05
115,1,9.93998835490669e-05,0.11287337236903842,14390.012489630228,2.0,4.6669529186664767e-07,2.75e-06,0.02309705902152512,0.006372132522445906,0.003448327914900784,0.00014077645233219742,3.517763612720141e-05
115,2,4.941827464508037e-05,0.2839081232891173,9428.912050326628,1.0,4.5862291956099025e-07,2.75e-06,0.021023669687687055,0.006159142424922822,0.0005097745651847532,0.00020562366859610916,3.158439008958128e-05
115,3,0.00027312855681333923,0.007131185090919355,10880.25141462134,3.0,4.622957915315737e-07,2.75e-06,0.07790680923063303,0.08011645022956848,0.013733245461045497,0.00016922245097974892,0.0002385099558690619
115,4,0.00022867716320506163,0.2488240148299772,21111.479256581704,1.0,4.4981259431838467e-07,2.75e-06,0.023207320857661157,0.006788163706095241,0.004198388146577531,0.00035531018335479685,3.348686307044345e-05
116,0,1.0662375106985296e-05,0.27959304288098735,2670.1699318319866,2.0,4.5329853528789104e-07,2.75e-06,0.02727492358729756,0.005800416526401173,0.0005453202702737781,0.0004513513546509783,1.912986179322354e-05
116,1,5.8745702124083626e-05,0.015766811823602254,11409.585748253796,3.0,4.5874020620679176e-07,2.75e-06,0.03765059688005998,0.031377554422479435,0.002855326708548716,0.00024383606425396306,4.134654759360268e-05
116,2,8.031815848256561e-05,0.1619451695047628,11035.019723729742,2.0,4.709553768699528e-07,2.75e-06,0.031211972205248312,0.00547197461436023,0.001625773963951499,0.00015547558232243365,3.017237561716405e-05
116,3,3.6553354968673826e-05,0.21031944795687227,6406.122698916024,2.0,4.6352392774696264e-07,2.75e-06,0.02227261003321365,0.0056218307654308545,0.0004747528751934795,0.00015939166478667153,2.7654504304640504e-05
116,4,2.4670407748442686e-05,0.26644780983525285,7611.052984260871,3.0,4.6249037950539513e-07,2.75e-06,0.02129357924028663,0.005701606002683837,0.0005112445752070042,0.00018387060602501027,2.7930315083731972e-05
117,0,6.4431511717451675e-06,0.07028850898485321,22361.97821748599,2.0,4.605050400371515e-07,2.75e-06,0.024251519698316498,0.005677037676250334,0.0005061861310551792,0.00014181185687648179,3.108930627872183e-05
117,1,7.926135593329798e-05,0.2909384704112321,20815.488645739,3.0,4.631167391632195e-07,2.75e-06,0.02098389739880989,0.005883229809223786,0.0006276441002236737,0.0002024722767676832,3.160444804182212e-05
117,2,0.0009450568040785161,0.2714575349839207,4471.800016831123,1.0,4.722209030734969e-07,2.75e-06,0.045622707478762736,0.04246525192763161,0.027205315523068607,0.00022913337916857148,0.0005353723832575474
117,3,5.680507635637372e-05,0.2735147881005929,15765.247490011847,3.0,4.6292030193634823e-07,2.75e-06,0.022336558509716126,0.005910009092014875,0.0005236603379462972,0.0001658752214341554,3.118249888867974e-05
117,4,7.781365964328744e-05,0.2095831567173887,21718.0176757619,3.0,4.6078770099473353e-07,2.75e-06,0.02638820723718649,0.005679863482655909,0.0006682720128457464,0.00013676528875053074,3.1389240697209194e-05
118,0,0.0001187644135969488,0.018587430722265295,22905.859684463336,1.0,4.7059708576330263e-07,2.75e-06,0.02599562215886278,0.007973831358997973,0.002935122471121736,0.00014605898145179493,2.9709168173761524e-05
118,1,0.00013051984825780986,0.0732387839295,11281.885363912219,2.0,4.71492887692692e-07,2.75e-06,0.025914077573264305,0.011296611162262472,0.0079818524318176,0.00016038805398425432,7.102879140913296e-05
118,2,1.931956799181441e-05,0.011906670374124115,24692.8156589439,2.0,4.744505724437719e-07,2.75e-06,0.03945745099874752,0.012739967060426904,0.0004882920074682069,0.00035158273392969466,2.451101544950193e-05
118,3,0.00010388775511137431,0.07134674807641933,7515.103485946151,2.0,4.659375538249777e-07,2.75e-06,0.02244415107968264,0.01364717595823621,0.008822443715559286,0.00014282777979584668,9.686746339477622e-05
118,4,2.5422066196104125e-05,0.1826648787727775,4564.774016455671,1.0,4.6055293147386535e-07,2.75e-06,0.02090700816168051,0.005676179466318729,0.0004987538731957182,0.00022298439268289092,2.8154114711877067e-05
119,0,9.887964246817926e-05,0.062214315282101404,19302.246967813444,1.0,4.7592994814937614e-07,2.75e-06,0.04623678555607382,0.005657960844928375,0.0021312278088802873,0.000308553818166957,3.1005367149548135e-05
119,1,2.834170964746649e-05,0.028095110556697143,4808.265449032091,3.0,4.899434875377243e-07,2.75e-06,0.0356600941982124,0.035877678484037855,0.0009625090750050928,0.0006518093097251061,6.736170919092934e-05
119,2,0.00022508350881722333,0.16685075021353718,18492.69712580363,1.0,4.4617966917168993e-07,2.75e-06,0.03831166439627512,0.0073570936884059445,0.005110095003338779,0.0005921083885807233,3.73579045819623e-05
119,3,6.388173761548088e-05,0.1745867380585775,5125.339916835788,2.0,4.7140518290705423e-07,2.75e-06,0.025963038368490232,0.005888860616814981,0.0014396125245031241,0.000136890636509153,2.944596047310415e-05
119,4,9.24966179929305e-06,0.231279198304324,3795.011783584463,2.0,4.5668812521978554e-07,2.75e-06,0.024207561801830094,0.005792636004562423,0.0005281530466665634,0.0003865894431516373,2.253670185466941e-05
120,0,0.00012475413032238616,0.18811171351118025,12974.276695983624,1.0,4.838009810929476e-07,2.75e-06,0.06761195898614143,0.006342156197431534,0.003539880426630763,0.0005873288191160049,3.5219955924209645e-05
120,1,0.00010649197568019513,0.06195891184136784,8034.283565817907,2.0,4.771119351503725e-07,2.75e-06,0.02850685695447631,0.014351629397662055,0.008991048562426482,0.00021053296817807727,9.374820536327476e-05
120,2,4.36537489252747e-06,0.2929557424002423,3540.352137653482,1.0,4.595311836904563e-07,2.75e-06,0.023938468154053857,0.005878157782215436,0.0005264099384275474,0.00039520229273110486,2.8379451454338587e-05
120,3,1.1143148642151803e-05,0.19474090493955024,17006.69479494165,1.0,4.6029300411512543e-07,2.75e-06,0.02674697735381717,0.006245495791821189,0.0005105421547977917,0.000136128161563046,3.218810365688198e-05
120,4,1.1334391266420852e-05,0.24922911546990706,15414.787940930268,1.0,4.6461558935102366e-07,2.75e-06,0.029881934097982375,0.006313619868846863,0.0005088364499668476,0.00013760122156633632,3.220147108847066e-05
121,0,7.275665923701916e-05,0.0708887463089289,5494.724816086288,1.0,4.6195996752123186e-07,2.75e-06,0.021732272456399623,0.007583603972535183,0.002777781133416944,0.0002765891885781839,4.047464069793661e-05
121,1,4.160621038832928e-06,0.23428323800716733,15486.395070452416,1.0,4.807606970821282e-07,2.75e-06,0.05396484203688298,0.0062910821776972735,0.0005087530251073203,0.0003681071375836102,3.219124748451242e-05
121,2,0.0003195692499645835,0.24747424867541462,11128.655067685177,1.0,4.5251125563382466e-07,2.75e-06,0.023374254632466698,0.010680423295177939,0.009483050506068446,0.0002630412806550916,7.849124746349232e-05
121,3,0.00015629008794413354,0.19564685024309772,13824.263976059485,2.0,4.7095298247378945e-07,2.75e-06,0.03208393527106709,0.008740475174134425,0.007005105138946588,0.00018566735152426186,5.7584816227108515e-05
121,4,9.421642643307176e-05,0.12710272798902045,19973.690127766782,2.0,4.631190845763063e-07,2.75e-06,0.02076017154673812,0.005576968420291511,0.0021102271191786163,0.00026709210225538344,3.104321346314995e-05
122,0,0.00020689065088369413,0.07944347991737455,12389.396884263744,3.0,4.5702294477509755e-07,2.75e-06,0.03429897843201352,0.016184509641896713,0.012900625924518442,0.0003656118818165295,0.00010981446252707736
122,1,1.0604335088371712e-05,0.10905583380011907,2641.4954358515356,2.0,4.818139181140185e-07,2.75e-06,0.03152793462067682,0.011404481726873061,0.0004081218236457426,0.0002336937601269953,2.144220844654467e-05
122,2,0.00023064463529304092,0.09990882300775636,6268.078425059649,3.0,4.670980979771427e-07,2.75e-06,0.035590610498773184,0.028756038606308324,0.02585347764145335,0.00018952675657152242,0.0003178562861100565
122,3,0.0010089318852769754,0.2513738685504832,21981.281672783705,1.0,4.618821137583222e-07,2.75e-06,0.02192511600472939,0.011424429854393658,0.005701784645888196,0.00015509366668789705,3.988280276935465e-05
122,4,6.43538946077391e-05,0.19101410945729433,13976.10650990662,3.0,4.592594038185227e-07,2.75e-06,0.02083658909330775,0.005544158505410302,0.0006136935489416373,0.00021972265051329665,3.0103652943104034e-05
123,0,1.9623430403633335e-05,0.06905543606926093,14680.239688906498,3.0,4.739603788455938e-07,2.75e-06,0.032732921757010154,0.006640212222044903,0.0004934536521085081,0.00018175558957969377,2.7255848279100984e-05
123,1,9.25633805096896e-05,0.12130526699836106,16428.291214765184,2.0,4.5833442227564205e-07,2.75e-06,0.02470005993199779,0.005736070751790259,0.0024445655279977667,0.00013747380809724365,3.123988292305565e-05
123,2,0.0001425496709052414,0.12935904725134584,8848.951448030257,2.0,4.603143634214929e-07,2.75e-06,0.022559708420272967,0.01166273502539842,0.009807840907376986,0.00018460664337052835,9.789090171576076e-05
123,3,0.0007172060366171751,0.06947896926368669,8755.423066943076,1.0,4.715369032521717e-07,2.75e-06,0.026482934541610964,0.02598640753116978,0.012747072952002522,0.00021870542564901693,0.00016065700370091485
123,4,7.013736120786349e-06,0.12890539208884247,22547.9507516941,3.0,4.581420439429894e-07,2.75e-06,0.020938115950026148,0.005717844224752012,0.0005121983853841849,0.00022189115661026953,3.128496345007344e-05
124,0,0.00015414423845125036,0.17269406098944964,12539.547226500272,1.0,4.603180845611576e-07,2.75e-06,0.019987288385177108,0.007703875474056318,0.005549274890186984,0.00019016664400143518,4.660689723549774e-05
124,1,4.254462334724461e-05,0.23497591160516806,15779.165767629564,2.0,4.6725853652001396e-07,2.75e-06,0.029712710152469807,0.00602388582065997,0.00048402685043095426,0.00013832447176951755,3.159854012757156e-05
124,2,0.00033611371238575913,0.18779002425082256,7982.799139172631,2.0,4.6676068201279853e-07,2.75e-06,0.02721021452901254,0.017644487406202385,0.015618143451565971,0.00017739908015190742,0.0001700232514355523
124,3,1.9527670503030005e-05,0.09884127395845607,3530.642534136701,3.0,4.624259701323463e-07,2.75e-06,0.021747452633323606,0.013397376355464249,0.0005393864338291014,0.0001769834878708847,2.1706196131245602e-05
124,4,0.0001688768597130904,0.24069405217727563,12834.612022886895,2.0,4.795537333584378e-07,2.75e-06,0.04849346170777571,0.00932430934383329,0.007791996970655891,0.00038794625630282365,6.530711430025693e-05
125,0,3.5054877789866395e-05,0.18927399573732276,5048.708125603676,3.0,4.646987201145383e-07,2.75e-06,0.025631855092373857,0.006277482241403833,0.0004862656396455041,0.00013622466165397196,2.086833720577867e-05
125,1,3.058099299277457e-05,0.25126832792966236,4427.303444702961,3.0,4.60056972793812e-07,2.75e-06,0.021600012727969218,0.0058459586173110895,0.0005146953724815019,0.0002785938087516318,2.123062434532406e-05
125,2,1.5348005156238744e-05,0.07980272202600953,12776.849669194116,3.0,4.5517137855958526e-07,2.75e-06,0.02098029911590191,0.006510513200716006,0.0005007673508360967,0.00021877911810976765,2.672688076682734e-05
125,3,2.7832960963909738e-05,0.09117463126373827,14861.911714707154,3.0,4.6599232294484737e-07,2.75e-06,0.026384517366525074,0.00595756214798908,0.0005072648559194476,0.00013753375671655773,2.854236191819885e-05
125,4,1.9155073934603904e-05,0.20657065618192058,14689.033965932445,3.0,4.5423338371934686e-07,2.75e-06,0.020931908001881504,0.005780679220952555,0.0004913636755536889,0.00024471542591995155,3.075121065581216e-05
126,0,3.702939572760978e-05,0.17501355226076873,3149.9232382535856,2.0,4.778200358378498e-07,2.75e-06,0.043566692790656614,0.0067598735922145105,0.0005161681600388652,0.00030399947556468,1.889687117114395e-05
126,1,0.0001386658633039229,0.29046935549007324,3284.1375140506784,2.0,4.803800755552533e-07,2.75e-06,0.034895100202989825,0.02073575331366918,0.02271531461963813,0.00021331283814546387,0.00037560534019400664
126,2,3.2078412554172926e-05,0.22262962052498028,24195.041712617807,1.0,4.788589099481707e-07,2.75e-06,0.04888047270808842,0.006366856023314014,0.0005035766708922142,0.00030229682302185154,3.238619677202859e-05
126,3,0.00032829183522738284,0.2935199480425261,16579.403221718607,3.0,4.7002217965589746e-07,2.75e-06,0.03987308141451954,0.011956399162063534,0.011244398611775274,0.0002951385559687605,8.39903752590247e-05
126,4,0.0006832867170655591,0.021013689734777807,20575.909437392755,2.0,4.6051288815620477e-07,2.75e-06,0.03021061715666845,0.023712125353680984,0.00803174845073877,0.00024186753216672716,6.696719738385729e-05
127,0,4.241304423596994e-05,0.056789593660130866,19774.184902916895,2.0,4.6487534739506805e-07,2.75e-06,0.03370595775268329,0.005804312240992915,0.0005268286914444963,0.00017504850863157224,3.0049327023500154e-05
127,1,8.422177943306944e-05,0.14285369454460412,22841.700796164045,3.0,4.6386087395904005e-07,2.75e-06,0.02636268005396708,0.005444983378294225,0.0011899767641448732,0.00013591985733151388,3.0906912174971135e-05
127,2,0.0003822847345655845,0.029255153694176902,16556.323415156232,2.0,4.6378353670350756e-07,2.75e-06,0.023731589079950988,0.01930178605263429,0.008179910941040971,0.0001810878622262709,7.09747985860799e-05
127,3,1.1194551974729048e-05,0.03766813183250959,8116.113390466884,3.0,4.7191094327689605e-07,2.75e-06,0.023784945149975045,0.01692948968402639,0.0006108442479843499,0.00018771992616036675,1.481880454830093e-05
127,4,1.144216187122371e-05,0.061288109955917575,5729.130584937477,1.0,4.823360224630312e-07,2.75e-06,0.06372662550458186,0.006777093890806486,0.0005171584635757426,0.0005618551405869514,2.4662946202929666e-05
128,0,5.488124599742998e-05,0.0404225434520461,2956.6492061968092,2.0,4.703891316511026e-07,2.75e-06,0.02744288834561932,0.03244683163281137,0.0052632578613097634,0.00014296175044622625,0.00012435117803166014
128,1,1.324238356510939e-05,0.03682853847649946,9110.060207639217,1.0,4.6889234248615153e-07,2.75e-06,0.038343677620020625,0.006929257383304451,0.0005066927921087882,0.00024325088144544146,2.6676698351593323e-05
128,2,0.00016685801037006267,0.031626446189986085,18250.04887690254,1.0,4.661846088247316e-07,2.75e-06,0.020303450758541158,0.008410957328832023,0.004330756837895636,0.00019771977260399612,3.2909640567757033e-05
128,3,1.559666311830299e-05,0.03870146176225155,22875.10264308627,1.0,4.636333061247281e-07,2.75e-06,0.031710047205539764,0.005689835335448766,0.0005086453604241352,0.0001526391220458892,3.1516329824720535e-05
128,4,0.00017528618692153633,0.12804889852067605,24648.688698687278,1.0,4.5650581633913306e-07,2.75e-06,0.021356580183311144,0.006248001984255246,0.003382922922054955,0.0003051642682766964,3.173914110830366e-05
129,0,8.688089972438004e-06,0.18258857128765824,3951.6966850863632,2.0,4.6922932008571396e-07,2.75e-06,0.02731472822241036,0.006139933786270139,0.0005041160378762322,0.00013883682929172962,2.1247960389326522e-05
129,1,4.1114501454377404e-05,0.14997123909433002,16397.587305034744,1.0,4.587579931952991e-07,2.75e-06,0.023559382123347395,0.0060673344472271795,0.0004903216484873779,0.00015310118871038263,3.1966006426133014e-05
129,2,7.949776921794645e-05,0.12315681668271103,23477.545664854373,1.0,4.6605235580436804e-07,2.75e-06,0.023387803961377036,0.005850949090128712,0.0006607779363120941,0.0001536217014991047,3.201593809715991e-05
129,3,1.4853177419613494e-05,0.11995796166223907,20630.112279785764,1.0,4.648972283841721e-07,2.75e-06,0.030875707909348665,0.0060960566007425806,0.0005075930361791531,0.00014197331243764004,3.215220333968166e-05
129,4,3.1083396920360695e-05,0.05546029362770655,6977.742879293044,2.0,4.6137147038919194e-07,2.75e-06,0.02324573135690175,0.009640090937439894,0.0005131294085201334,0.0002843335009800583,1.918659115402092e-05
130,0,5.265856642263319e-05,0.16743768746930032,4893.66262803822,2.0,4.5710618385005513e-07,2.75e-06,0.0256446929720153,0.005975938317758525,0.0007265679107151687,0.0004108060524331172,2.415388250174761e-05
130,1,9.304393203698662e-05,0.010485638789310303,20637.7901505537,1.0,4.600065746920707e-07,2.75e-06,0.020301458321781783,0.011585156284822857,0.0027218727703356223,0.00015463508710147588,2.776240373016431e-05
130,2,0.00022930656474335362,0.20202767562922253,23854.367377964587,3.0,4.643265921552418e-07,2.75e-06,0.029159679780569242,0.008588766595953036,0.006811907401540609,0.00016173073084549484,4.6028972518536554e-05
130,3,9.362547555573234e-05,0.14103702612548027,14868.599923149832,3.0,4.763619551715144e-07,2.75e-06,0.05070996774043975,0.006009939297266346,0.0027642604370787583,0.00037934521340663607,3.273923243914269e-05
130,4,0.0001876745054732397,0.260099908502298,17693.108557505584,1.0,4.497145071018287e-07,2.75e-06,0.023862266618391564,0.007144473293468596,0.0046891660478262254,0.00036183713517623,3.6614545617364513e-05
131,0,0.00019646906769473063,0.11740866603520188,16749.81163735675,2.0,4.6600392649413876e-07,2.75e-06,0.021324363837250292,0.008827471556297657,0.0066713319962661026,0.00015778060347203317,5.014637232101022e-05
131,1,3.108054017537891e-05,0.25270076412536985,19135.773878197568,1.0,4.6569300140159094e-07,2.75e-06,0.026819275444727137,0.006357675714121599,0.0005025168195898214,0.00013645093656931734,3.231147343413222e-05
131,2,2.7682567209831506e-05,0.06822805911272185,15438.035296121881,1.0,4.66476534773467e-07,2.75e-06,0.025259921758294498,0.00569191378814374,0.0005007781443489256,0.00013896841495617058,3.124251427487853e-05
131,3,7.432748453606513e-06,0.16391242404144224,7320.432306674247,2.0,4.600546033670775e-07,2.75e-06,0.026871766339360437,0.0056982562847525215,0.0004972053276694736,0.00013574132820453932,2.7817606126081016e-05
131,4,3.93065694793874e-05,0.27849602809484886,8558.321732923047,3.0,4.715171161672731e-07,2.75e-06,0.03848690792616377,0.005744706664226205,0.0004970532444867559,0.00020160699727505592,2.881835966320909e-05
132,0,4.396166108315682e-05,0.2495912925121973,19978.70420926703,3.0,4.767895091548061e-07,2.75e-06,0.03648659968847904,0.006008245960963773,0.0004962859390081452,0.00017648642640156264,3.1649864714394836e-05
132,1,3.340922776376747e-05,0.12355460123932217,9487.276056961191,1.0,4.782715607263968e-07,2.75e-06,0.04782741885850114,0.005729676711459428,0.0004831202376011292,0.00030490768758487395,3.072905687928985e-05
132,2,3.219567055342577e-05,0.07635927136763408,9378.217832449194,1.0,4.5827703231563855e-07,2.75e-06,0.022137994864895108,0.005684414732965791,0.00048776082811548407,0.00015867958846199547,2.962009406087971e-05
132,3,8.881155082378155e-05,0.2975045243955526,7579.950526492269,1.0,4.51147595758862e-07,2.75e-06,0.02574499266443023,0.005727374762518669,0.0011650140149320166,0.0004405849886995958,3.079870044375502e-05
132,4,2.3080988581344755e-05,0.13842057535776892,19667.488102183972,3.0,4.670685007020007e-07,2.75e-06,0.025597836096455533,0.0057235176712861725,0.0005168760942232244,0.00013731531287790948,3.099828346940067e-05
133,0,2.1369423122040773e-05,0.03386683693416802,5271.600842189236,2.0,4.6252689283247753e-07,2.75e-06,0.022918874242766438,0.019266188818883256,0.00048432790289902643,0.0001739755861463313,2.137480532501189e-05
133,1,0.00017145167046796563,0.26981555800067203,10554.900962562791,1.0,4.557267430858272e-07,2.75e-06,0.020723892471929916,0.00859181433575832,0.00670871162592732,0.00021505071974406724,5.952012215288118e-05
133,2,0.00020004138176380438,0.018750974293481135,5704.8014209913035,1.0,4.836923435140431e-07,2.75e-06,0.02408032284027352,0.033629797677701495,0.014835915866364603,0.00025508867494459793,0.00019389762124554083
133,3,0.0002406624852655291,0.12477434118338276,12468.009933277379,3.0,4.6420353228565634e-07,2.75e-06,0.02615179559510411,0.01470075977441046,0.01314206969665311,0.0001826605320099099,0.00011158941833003087
133,4,0.0001777703766004725,0.10516871425374086,18587.129222575608,3.0,4.546991543555028e-07,2.75e-06,0.024384677929527268,0.010331725669685779,0.008307846566314503,0.0002810693280353357,6.0720250523620107e-05
134,0,7.142850380183161e-05,0.18932369681814556,22283.67255993093,2.0,4.771934512636303e-07,2.75e-06,0.05907636749099603,0.005835266073433258,0.0006182831677857368,0.00044292598487917864,3.177192840117047e-05
134,1,0.00026018846721219857,0.05815283201998229,7421.707959009504,1.0,4.7337262702545737e-07,2.75e-06,0.02650421384702942,0.017284126226414353,0.012735837434422697,0.00020767594302271078,0.00012270433569712565
134,2,0.0001590431053824604,0.061111466430613444,14383.184741866282,1.0,4.6315005762929975e-07,2.75e-06,0.019978781289192806,0.008256993455151856,0.005615232024036317,0.00016978954634040545,4.2816171599631956e-05
134,3,1.6017341021092783e-05,0.30003032815062075,24643.50647406776,2.0,4.494875652609619e-07,2.75e-06,0.026646193664309415,0.006337253946029166,0.000504304680588634,0.00047185319898577333,3.226523495807493e-05
134,4,0.00041628283007195683,0.03584506402930269,22692.056560283898,2.0,4.6375997448803394e-07,2.75e-06,0.02185756998224797,0.013587430181092723,0.006232939434116243,0.00018047096042330757,4.314360462750338e-05
135,0,1.4997540333350166e-05,0.059619452683773964,21848.593207944727,3.0,4.757356955980823e-07,2.75e-06,0.052134972372216,0.006131282336293043,0.0005283013293142428,0.00039412358578922927,2.947232066546077e-05
135,1,1.5916149828402938e-05,0.18309024900819915,6351.836659039354,1.0,4.6548475734944763e-07,2.75e-06,0.025410846253116712,0.005812896761072971,0.0005171792562663069,0.0001395158309791707,3.0117739330910668e-05
135,2,0.00011321548619876668,0.12392204758778891,4077.036487531774,1.0,4.6390713902150863e-07,2.75e-06,0.022878902333101872,0.0124748055879227,0.010522431384014938,0.00020689356606975304,0.0001454007098526186
135,3,0.0010445424069651318,0.10486770810942979,12723.802995236125,1.0,4.5636547540848455e-07,2.75e-06,0.04007052551574518,0.021168441016645417,0.009198046273306037,0.00039908103513367773,9.757624908261876e-05
135,4,0.00011881719243811252,0.26734697670683777,20704.8202203127,3.0,4.711913765819892e-07,2.75e-06,0.028347422630987384,0.0061024794396328285,0.0031298844294704135,0.00014160338244580245,3.2477955189155556e-05
136,0,7.909044048576116e-05,0.06503856526889212,5505.636964761712,1.0,4.631699215406684e-07,2.75e-06,0.023846739532851265,0.008568054047362843,0.0036183796260380974,0.00013965935734332042,4.881053454225682e-05
136,1,4.303598568150717e-06,0.23794311877472096,14196.808075830946,3.0,4.612900305835282e-07,2.75e-06,0.023306268874591047,0.005879910870834393,0.0005176541658598431,0.00015230862884382552,3.090744734495383e-05
136,2,0.0013855172358160056,0.2656932244820568,12755.072737163206,2.0,4.701811305892417e-07,2.75e-06,0.026039254799637822,0.028241941044067142,0.015977727963480053,0.00018267788764523305,0.0002213383957492256
136,3,0.00022194984736470245,0.25455124596605716,12565.318247195199,1.0,4.855855235143121e-07,2.75e-06,0.06355229904120287,0.008804366962305995,0.0070336290797190296,0.0005726861816029604,5.6256534980694745e-05
136,4,0.0001389494346432192,0.09147610101363086,16054.033746719766,2.0,4.522368303102161e-07,2.75e-06,0.022298845460360175,0.008213393006210538,0.005661893205417603,0.00028149075493234777,4.59404711160359e-05
137,0,0.0005135428212816079,0.15088010345549424,13562.169504271847,2.0,4.7460763664533957e-07,2.75e-06,0.028453818609499804,0.015721607300187526,0.011207595333397553,0.00019699429204556975,0.00010279464440971508
137,1,1.3423834952128877e-05,0.2303270079650165,19433.60724532466,2.0,4.7175232917575495e-07,2.75e-06,0.03969575825197962,0.006138075516496896,0.0005059113514419609,0.00020350109328357244,3.1959602239624764e-05
137,2,0.00050570633498546,0.2615552192827248,22532.37196995599,2.0,4.6184762029686087e-07,2.75e-06,0.022975130905638474,0.009287732172302386,0.006663805350318544,0.0001437171079583644,4.54685855568706e-05
137,3,0.004593216996255144,0.05505822544988909,16553.99065782236,2.0,4.776351029746033e-07,2.75e-06,0.033057158943013386,0.05564276291086162,0.013418388383622656,0.0003299770176373162,0.00032506423837300717
137,4,0.00013672646996943014,0.056983285698641625,4315.426774486159,1.0,4.727488283091409e-07,2.75e-06,0.026004282271419456,0.02121997287109731,0.0164725941007791,0.000174494932419973,0.00020777795437690135
138,0,0.00035272407688893424,0.09820825832316286,23901.48411018687,3.0,4.74184349401552e-07,2.75e-06,0.039389668753797444,0.01084352207189893,0.00789337139515518,0.0003085225652924881,5.063060592723717e-05
138,1,5.7233215094404574e-05,0.17694342615121286,4250.3200940818515,2.0,4.578350834365722e-07,2.75e-06,0.022895923892331308,0.006117507042981461,0.00111668098072011,0.0003344173561837228,2.609819130533576e-05
138,2,0.0001050559076226876,0.05834145313688244,5120.80224476663,3.0,4.5762137969846185e-07,2.75e-06,0.04158247515611016,0.02985477449428882,0.0176024994834008,0.00029019509274171127,0.0002405258410942421
138,3,2.5551576562371976e-05,0.2899122317843682,18080.554339753973,1.0,4.814909331764509e-07,2.75e-06,0.06524148271027634,0.006394436326390839,0.0005037895966705212,0.000512582246501986,3.231878293856162e-05
138,4,0.0002271709560435322,0.21852475007116626,16891.05498909358,3.0,4.691664171336026e-07,2.75e-06,0.02919979039301725,0.01067452046514901,0.009534118251718404,0.00016751119235508484,7.103432320166259e-05
139,0,0.001184125319010123,0.2812670025699456,24056.1084583042,2.0,4.64053925327098e-07,2.75e-06,0.023548365283983744,0.013841231664700505,0.00816375486727358,0.0002545444999205409,6.459285474422803e-05
139,1,3.63803730581763e-05,0.009992054488720224,10152.050923237422,3.0,4.619272890827321e-07,2.75e-06,0.05834083006012423,0.049922237821319736,0.0007012950198726411,0.0002524242505264201,6.024776013611058e-05
139,2,0.00011933612606379068,0.1263800939731434,24345.571602437947,2.0,4.7046292913888093e-07,2.75e-06,0.041130382220384086,0.00600512359740367,0.0030937841328920602,0.0002504462102963356,3.1621458929819014e-05
139,3,0.00011530092024207778,0.12747517799151462,4054.2782063107206,2.0,4.601234744072155e-07,2.75e-06,0.031158088858954686,0.018457278524641785,0.015772789406349734,0.0002790409028852625,0.00023427427071361895
139,4,0.00021695772336709435,0.08251118527935349,8137.434764411396,3.0,4.604075707962415e-07,2.75e-06,0.031726219608016866,0.02368230392216338,0.019235917074972974,0.00018014288699045276,0.00020767451765895677
140,0,4.962121450541448e-05,0.0012954329241114605,8820.956103271023,2.0,4.6735854748288294e-07,2.75e-06,0.16367498295128521,0.17084846913747742,0.0032521080238982966,0.00015904968811180766,0.00026855871701997845
140,1,6.626118268415248e-05,0.03862396474659698,22786.614799610772,1.0,4.5974303105172565e-07,2.75e-06,0.021955044497386434,0.005543187679418716,0.0008860507376408649,0.00015822243155251984,3.115562167179192e-05
140,2,5.6761888619004525e-05,0.26563029263145277,13669.739094689274,1.0,4.635391043106102e-07,2.75e-06,0.02780582453220662,0.0062195082517763865,0.0005139532012739073,0.00013532121518054766,3.199699591188691e-05
140,3,0.00025004691509738646,0.07641627235541118,5770.797684108606,1.0,4.7192649925383933e-07,2.75e-06,0.026186518004904638,0.019507792958454936,0.016394906081336966,0.0001652686092792464,0.00017903853523810922
140,4,0.00012026593778405525,0.18728736589242034,14694.934102432828,1.0,4.540434546436254e-07,2.75e-06,0.028827364527748117,0.005962361339663127,0.0027720805903283887,0.00048281665208334436,3.2063997119609355e-05
141,0,0.00010704023541821347,0.013909924591670297,11691.882342349387,2.0,4.7252159250828796e-07,2.75e-06,0.02296462770400812,0.0276182332947242,0.006921943665756401,0.00029483349627705747,6.648476384905364e-05
141,1,0.00017505959544584178,0.15238113378525342,23279.967277340755,1.0,4.447037472643456e-07,2.75e-06,0.03340558382116925,0.00639961941743309,0.0036071038722066506,0.0005414363848223912,3.1990193776276624e-05
141,2,4.179022071242271e-05,0.09832599679880284,9011.660308154898,1.0,4.483077325099762e-07,2.75e-06,0.02332144329524037,0.00561630702352052,0.0005247993343107269,0.0003690820317442086,2.9978320167490034e-05
141,3,0.00032159376464925836,0.1968257013965476,24353.50323102618,2.0,4.6295279834889286e-07,2.75e-06,0.02256888978127596,0.007443005284170401,0.0051342783872311525,0.00014661305571159333,3.647338150451829e-05
141,4,0.00011810300914591382,0.08718047615921988,14095.89991227006,2.0,4.449939507988141e-07,2.75e-06,0.03588756615459402,0.008259900940242287,0.005430525129514962,0.0005290859694559253,4.729147988254305e-05
142,0,0.00012148364430145301,0.19779541165192216,21146.842493758875,2.0,4.73060864386278e-07,2.75e-06,0.040781311873801185,0.006046092226149476,0.0030857044449964684,0.00024245363266857422,3.2012489279798925e-05
142,1,6.995168438912539e-05,0.23609301101834712,20067.227282718955,2.0,4.6150878141697874e-07,2.75e-06,0.02775855420273628,0.005964436311081209,0.0005798499817571006,0.0001353826915162316,3.180428005728196e-05
142,2,5.20091277933737e-05,0.20035423922706647,17218.33300445483,2.0,4.6605922392350485e-07,2.75e-06,0.03976486007552658,0.00591170010847148,0.000521127194674095,0.0002077983792416195,3.155328440325035e-05
142,3,0.0001289726242237895,0.09418176448611622,4865.170176241788,2.0,4.69242256767241e-07,2.75e-06,0.028264889465943573,0.02083007050071527,0.017214254306574153,0.00017455114211160927,0.00023019795184774872
142,4,2.712819074449957e-05,0.11277221678516465,22772.79685081871,1.0,4.719391726074705e-07,2.75e-06,0.049718820837761295,0.006089942008663315,0.0005025705902888505,0.00031813125409236887,3.218104600006018e-05
143,0,2.865817302216583e-05,0.14142703026200487,11750.574359766535,3.0,4.7624414886478183e-07,2.75e-06,0.05804785908741957,0.005707272638425992,0.0005114653026279168,0.00045364182852804176,2.857115464281795e-05
143,1,4.143011250121831e-06,0.051180636476965136,24286.790821128725,3.0,4.916530432026456e-07,2.75e-06,0.08458730001279963,0.006198411195848529,0.0005236691442138492,0.0008238685532372513,2.9603746807860667e-05
143,2,0.0001834385767568103,0.12040186684082553,24125.512257763858,1.0,4.5434000561322046e-07,2.75e-06,0.021228566467805004,0.006317083571717656,0.003538038268099658,0.0003014526675541493,3.179884628328102e-05
143,3,0.0003610148469321973,0.010162579828744887,21114.302387736945,1.0,4.494459977732762e-07,2.75e-06,0.050898925520651395,0.01626024224738337,0.003660197505049934,0.0006048939709625557,2.952929963243279e-05
143,4,0.0002520149238275081,0.01388850577319396,18648.401308436376,3.0,4.7545064139041637e-07,2.75e-06,0.022360333895288367,0.029633415212459904,0.008598145414904855,0.0002889528135920347,6.947844485567351e-05
144,0,1.4257935280102678e-05,0.2143319585641018,13683.413852371354,2.0,4.637409241824119e-07,2.75e-06,0.02281717470653837,0.005946404994758836,0.000502473845324296,0.00016028276675527292,3.133444034566145e-05
144,1,5.167711601797633e-06,0.0291205814003907,20367.28282403968,2.0,4.829873596608119e-07,2.75e-06,0.06580266815355013,0.00735767075939997,0.0004868449472705656,0.0006023840928885741,2.829040449114104e-05
144,2,0.0014693801622553701,0.27118364080282287,6555.337045158051,2.0,4.680904159341679e-07,2.75e-06,0.05908680240358457,0.05515573054815048,0.03131024617027645,0.00026864052759102876,0.0006949187954250827
144,3,0.0004961739524090468,0.13236900194077295,12383.676774608437,3.0,4.5286665416638585e-07,2.75e-06,0.04006967554914707,0.020802464714650425,0.016210194646822055,0.0003883147858942208,0.00014182450974628598
144,4,0.0014228411659071452,0.045918670107685744,24984.095963208496,3.0,4.5847380263649314e-07,2.75e-06,0.03300209857588247,0.0315193738562494,0.011915185189716354,0.00017173551530655723,9.857198540249809e-05
145,0,2.8853636114300475e-05,0.19667726609804215,19726.99767918132,3.0,4.651614036938947e-07,2.75e-06,0.023671828984240157,0.005881359277400407,0.0005082047961605785,0.00015035848848965323,3.144218311847418e-05
145,1,3.145913830702593e-06,0.1728086132997739,6006.07512650131,3.0,4.555014961516347e-07,2.75e-06,0.023342540534810188,0.0061449634288026364,0.0005677634579826296,0.0003467199069705695,2.2917765472674326e-05
145,2,2.4336763925358503e-05,0.1897722491062912,23557.898098038844,3.0,4.6786641101557204e-07,2.75e-06,0.03554333009487137,0.00593547212531403,0.0005054424727476345,0.00017072124362368438,3.1734100847520464e-05
145,3,0.0002645058975385582,0.1122686960015596,24339.723825722504,2.0,4.5451049424586916e-07,2.75e-06,0.024856940387272194,0.007509677761730747,0.004952427727297815,0.0003595493263308347,3.529961113572451e-05
145,4,0.0003253318213973678,0.05134395404973006,12253.222966462652,3.0,4.7300809405192624e-07,2.75e-06,0.029101107651046187,0.024105439970140058,0.015241655534045684,0.00025806235703254197,0.0001361933208911453
146,0,0.0036405426604333674,0.09094618206084189,7996.165265422424,2.0,4.642460829024833e-07,2.75e-06,0.11797188448458833,0.10847364535203986,0.03131347401916854,0.0003186895208619947,0.0011114402960069887
146,1,0.00010950749178895177,0.2292859013338886,15868.877052595924,2.0,4.6430744371330375e-07,2.75e-06,0.026548935597670218,0.005849189450153422,0.002716120659211819,0.0001368816651143164,3.225831497535992e-05
146,2,1.374048035911098e-05,0.03040292220533104,7339.182519538784,3.0,4.6721942264760284e-07,2.75e-06,0.02122573792094887,0.022875669565213985,0.0005728235518287986,0.00014676823998510758,2.2264451974973113e-05
146,3,0.010688152345681745,0.2469190118385693,9566.378763444349,1.0,4.7347988630276704e-07,2.75e-06,0.02955647769683779,0.04966986755913505,0.0077487322021040405,0.00032653537050236076,0.00028159938075455413
146,4,0.0021216797365401384,0.295630498347751,11028.050503492317,1.0,4.413650544512371e-07,2.75e-06,0.061001622665876436,0.030642223487283172,0.011023607189808762,0.0005423432420117403,0.00019849385480672603
147,0,0.0008115864009488503,0.010249259542614741,17898.895366224642,2.0,4.5177821683113766e-07,2.75e-06,0.06312039970296227,0.03903613727954275,0.009111663304531658,0.00044275988140083164,0.0001085082917475058
147,1,1.3206712878005938e-05,0.1720059114845675,16026.355913635913,1.0,4.6112105672271944e-07,2.75e-06,0.021159808480130684,0.00617092798383841,0.0005077330756873475,0.00027464704206008256,3.2096990745820866e-05
147,2,0.0002030562936862049,0.08653722686193716,6145.160591109965,2.0,4.5894655566507064e-07,2.75e-06,0.03464071244047955,0.022767133743583624,0.018770372962070198,0.0002620389447745692,0.00022154837442375035
147,3,0.00011152338694450076,0.29023754302888627,23020.730346473807,3.0,4.6964476735444734e-07,2.75e-06,0.027818131388648037,0.005741028483062678,0.002164988452838839,0.0001364678751572836,3.1438730017050424e-05
147,4,6.17225511827259e-05,0.19948166993297956,13241.407414842848,3.0,4.513866734576505e-07,2.75e-06,0.02106858794250216,0.005562230598645432,0.0005998185773501936,0.0002644381246314881,2.9953825808470976e-05
148,0,1.9610046431472535e-05,0.048481816731223655,3436.237894813583,3.0,4.667204946046414e-07,2.75e-06,0.02429402402529517,0.030320804196139518,0.0005629939567234799,0.00013371691576649546,6.707532933998175e-05
148,1,7.681480977587502e-05,0.17121141071834203,19782.650642782144,2.0,4.5632082286384297e-07,2.75e-06,0.021836718190577777,0.005635178336157427,0.0008100165021689854,0.00017296863054483346,3.143588764319929e-05
148,2,5.043338830245692e-05,0.1662138455831526,12304.568705055935,2.0,4.551413854547396e-07,2.75e-06,0.020989385453610093,0.005634858352259755,0.0005493279685805589,0.0002211418524232324,3.044866392641737e-05
148,3,0.0001874047764615341,0.055627782682898454,15810.63801055669,2.0,4.6425981354166943e-07,2.75e-06,0.022979017560402867,0.01119582960958418,0.0071103044537225045,0.00014280841003107782,5.3824108899864276e-05
148,4,5.7545242471265206e-05,0.25549868788379215,21111.243264535944,3.0,4.799345172737977e-07,2.75e-06,0.051410457962927286,0.0059931778891806065,0.0005194397122978106,0.0003411063203198389,3.1670344266636384e-05
149,0,0.00011649919435145582,0.2739371073304696,21802.585679120686,3.0,4.6562131697576016e-07,2.75e-06,0.027745807033987813,0.005940109165395727,0.002777203539715305,0.00013844345577660727,3.182850671041629e-05
149,1,2.6936565405987262e-05,0.2744218732052101,6469.764984757336,3.0,4.508797588661626e-07,2.75e-06,0.02131205433840198,0.005642657063207157,0.0004958808365184358,0.0002864662307611233,2.6722410529971728e-05
149,2,1.7498974365051365e-05,0.20625889223349228,6204.889570257854,3.0,4.610065005324973e-07,2.75e-06,0.02103720455281402,0.005789494794021802,0.000548329862817799,0.00017608815530580784,2.4552838063469467e-05
149,3,0.0001932013134896847,0.1978079441380381,23293.5084258413,3.0,4.658545152246214e-07,2.75e-06,0.026207974247871385,0.008592640749798196,0.006775216890965864,0.0001418131257709468,4.608089985345206e-05
149,4,0.0001826011460223494,0.11499548602894719,24197.77922904806,2.0,4.571217133501831e-07,2.75e-06,0.020854006430531025,0.006962100849000081,0.004540972182421179,0.00025662423087092476,3.41930589010098e-05
150,0,7.067524109650155e-05,0.2642965432979757,18996.20596340937,3.0,4.6824379272129954e-07,2.75e-06,0.037326904843495406,0.005860352283253436,0.000585922252860029,0.00018544329106624606,3.142307491753308e-05
150,1,0.0003240321689660843,0.23569615859547938,4614.303612877475,2.0,4.64254453134651e-07,2.75e-06,0.03539009592112916,0.02706366484883768,0.027075923232195726,0.0002010948894944075,0.0003940154591985171
150,2,5.719529226930444e-05,0.14406197392266237,14541.067694398072,2.0,4.809350174601718e-07,2.75e-06,0.05460214198206879,0.005591915042557752,0.0005987085927755073,0.00039495210343280736,3.071976388350923e-05
150,3,0.0003279231878715275,0.1493690243209947,9067.882311274094,3.0,4.775082386184327e-07,2.75e-06,0.04701424816770968,0.020569854636640905,0.019005819803293876,0.00043948648825373144,0.0001927694801431852
150,4,0.0002558925291489263,0.19044499066462614,19888.69454973732,3.0,4.6797685220657577e-07,2.75e-06,0.026303371123406416,0.009663104761780813,0.008115160657231108,0.00014379739474870823,5.713023287441383e-05
151,0,3.847712083649116e-05,0.09421309595828622,20407.21917271075,1.0,4.6956559015058327e-07,2.75e-06,0.03712128665838368,0.005922226241816676,0.0004917481160156748,0.00018328932338822833,3.196171179159829e-05
151,1,0.0010863909667750533,0.2731744484167228,6871.264388334557,3.0,4.661869112240935e-07,2.75e-06,0.06477507708809381,0.06206700526993886,0.039742243561832855,0.00021019519981057695,0.000721012050417978
151,2,0.001714844996377592,0.1627265636864385,19676.62103785911,3.0,4.701749136001832e-07,2.75e-06,0.030921375792040736,0.03576622633002731,0.015605501123069443,0.0003766202113454019,0.00016347255023195796
151,3,0.00012959696738936035,0.29575681243745233,14058.604047860963,2.0,4.594288052507343e-07,2.75e-06,0.021130270348907593,0.006963175374561003,0.004539364090424363,0.0001658066855214791,4.2099311772657493e-05
151,4,0.0014758683602199953,0.2640943873295742,2667.8889619465504,1.0,4.530020900227667e-07,2.75e-06,0.1376723180763535,0.1003358870105943,0.048698492559482026,0.0005255038749011363,0.001747690416856985
152,0,8.864524841623523e-05,0.09727972324429883,11327.441960989347,2.0,4.626302793030115e-07,2.75e-06,0.020201721193584352,0.006981067151821291,0.0035887150525599353,0.00020081577781124775,3.927028751663556e-05
152,1,4.125918830691926e-05,0.059237902966606776,12033.587798970018,1.0,4.6784195553276703e-07,2.75e-06,0.03482719787646119,0.005670998903612595,0.0005242749810646869,0.00017917932507988888,3.0085045932895627e-05
152,2,6.967528280042084e-05,0.06185393402366898,8361.886603645416,1.0,4.693692517454903e-07,2.75e-06,0.02084929159572138,0.006231109029619907,0.0017985438675434953,0.0001664256320792395,2.9487727246890256e-05
152,3,0.00011325060468245656,0.10498694139551805,14286.97932795277,3.0,4.6341448830856327e-07,2.75e-06,0.020426087035568193,0.009193560311872108,0.006453447592060092,0.00016536915645328325,5.631380880473187e-05
152,4,3.987441967596675e-05,0.06726294245590346,19802.531992630495,1.0,4.603601565760594e-07,2.75e-06,0.021714126169810655,0.005723625333005774,0.0004965078426382739,0.0001751965348798571,3.165496235153558e-05
153,0,0.00011570023644205812,0.14910088555768303,3274.9335834526864,3.0,4.5382177384682473e-07,2.75e-06,0.04476219335258735,0.026326946921366622,0.023249634591911882,0.00036557565002517104,0.00039514719302368296
153,1,0.00022445401279316794,0.0852748428429038,19591.303990491688,3.0,4.5996709885494706e-07,2.75e-06,0.021423594779785834,0.011012911704639047,0.008343752669600274,0.0001614412986148794,5.957077937169326e-05
153,2,1.5657869169027247e-05,0.27560250222359856,2750.6235894289703,2.0,4.673989056932717e-07,2.75e-06,0.020824853129880114,0.005774671831064285,0.000538966428055914,0.00020134870917765257,1.957011133763569e-05
153,3,0.0011092503631802253,0.06922574321814691,9537.681650896655,2.0,4.488134929405873e-07,2.75e-06,0.062258728372923546,0.043198810208709505,0.020199315700982722,0.00038040265911754245,0.00033060675104073215
153,4,3.066690892552857e-05,0.2318505797456929,22025.74437037588,3.0,4.647971480456962e-07,2.75e-06,0.037124747464591185,0.006029110319869688,0.0005081763812202246,0.00018138225411617735,3.176858460087687e-05
154,0,0.00320761225956612,0.20666966800308437,24666.346003693492,3.0,4.658727865966039e-07,2.75e-06,0.03564102251475205,0.042765602679678806,0.014132490013580972,0.00016186702713676265,0.0001576149917563867
154,1,2.7774363538818266e-05,0.18167516020574426,5223.84803991377,1.0,4.7047083937236445e-07,2.75e-06,0.02520063787806984,0.005709970065743259,0.0004970146876978083,0.00013813609115271742,2.9018745025280884e-05
154,2,3.845805218269144e-05,0.0428231573850527,24763.245600202637,1.0,4.7208918527960245e-07,2.75e-06,0.04869110917988123,0.005654762300711747,0.000491642973099239,0.00032130479831375696,3.164943306814219e-05
154,3,0.0002390569353698461,0.27599767819488313,4405.166424470213,2.0,4.616970557246209e-07,2.75e-06,0.03986729241241053,0.02291846920105273,0.024820136697798745,0.00034661775817224186,0.0003530153879381507
154,4,0.0002750200634757946,0.0407747832652538,23070.800655898936,2.0,4.6106180118220684e-07,2.75e-06,0.02214737703480248,0.010715129905301815,0.005547979119429113,0.00013918994921480155,3.774482311228759e-05
155,0,0.0002551103440371792,0.05294377443836696,16274.377030808631,2.0,4.6670322135291575e-07,2.75e-06,0.023755016369649357,0.012611008038143324,0.007618612804729047,0.00014776217332156084,5.707287283702514e-05
155,1,6.617432401872096e-05,0.25856046316098164,11425.179105015492,2.0,4.841866107888836e-07,2.75e-06,0.06521797404293127,0.005756493463703063,0.000616316511977528,0.0005251137978230661,3.078062246548022e-05
155,2,4.330031960078324e-05,0.20559543154897406,2477.4741270186046,1.0,4.796373119075956e-07,2.75e-06,0.038458089161851575,0.0056628790339656255,0.0006044692091884074,0.00021764173217455417,2.316037946079344e-05
155,3,3.8560485690556326e-05,0.19093413607423484,5782.82780987521,3.0,4.4676077014639985e-07,2.75e-06,0.030186294480646636,0.00602186547380591,0.0004944294861291505,0.0004895729575175338,2.2787327589513066e-05
155,4,6.4155953963146285e-06,0.20727442422083958,5958.623404725545,2.0,4.646034659148484e-07,2.75e-06,0.02397948154362801,0.005688706094701548,0.0005114817151614747,0.00014275462221825035,2.71545294841779e-05
156,0,0.00024045838813162125,0.07973059761397276,6311.770771673687,1.0,4.4774417398086257e-07,2.75e-06,0.036662998070318024,0.01718260034830724,0.014385255887534337,0.00040393323244550185,0.0001508745761287839
156,1,0.0005649049324557786,0.021890235537390022,9036.233854729535,1.0,4.7360901993424415e-07,2.75e-06,0.023949988837158362,0.03122421683802734,0.010307606949469557,0.0002317561584529601,0.00013992603627050877
156,2,2.3405568070831776e-05,0.09327192452239225,3200.70146062055,2.0,4.5616328149977344e-07,2.75e-06,0.02688409661541787,0.011258751974053958,0.0004932035669834279,0.00034473725281706927,1.9291267985217746e-05
156,3,0.00028503619918167665,0.2893173125537144,10387.768339014603,3.0,4.5147866336520205e-07,2.75e-06,0.034665196229525054,0.016104500649501936,0.01676113126084899,0.0003573282718338027,0.00015829544609967348
156,4,0.00037204482735696,0.1907966454787427,2264.1850503028713,3.0,4.466974060632969e-07,2.75e-06,0.13699188872986157,0.07680490885506742,0.0855675246792143,0.0007379001259192599,0.0016133987230650814
157,0,0.00017728356700836266,0.07900901399577982,7956.227893917629,1.0,4.771444634903671e-07,2.75e-06,0.03723119853943257,0.012791512442364228,0.010702536005295825,0.0003035179413071894,9.998331012138278e-05
157,1,0.005168389595367386,0.11530802935102276,23654.97428204373,2.0,4.735697945020088e-07,2.75e-06,0.026934607745832128,0.0400984771312215,0.009787812738132127,0.0002373943782592782,0.00018634885028629802
157,2,0.0001118269502008109,0.24994048783894024,19595.46964852652,3.0,4.585680869658071e-07,2.75e-06,0.020329750031017106,0.005817499979916322,0.0026545723588323068,0.00021329042532458687,3.176546468718813e-05
157,3,0.0004888675263377237,0.19297832448889543,3987.3829522379224,3.0,4.731322139953792e-07,2.75e-06,0.05371336383426128,0.052316971555060904,0.04963477665954349,0.00023006238851497145,0.0007981321004181234
157,4,0.0002513187105120643,0.1723540354246671,3602.9823402989737,2.0,4.57401473320086e-07,2.75e-06,0.052756172218718124,0.031992147672318366,0.03195483727458803,0.00040093976139116827,0.000503284822769518
158,0,0.0008105311798018847,0.22425914464309546,20884.085109165706,1.0,4.852077544299303e-07,2.75e-06,0.07038146884927696,0.010341927697208398,0.0058914108835194075,0.0006990267589131365,3.9599585861233446e-05
158,1,5.651568103729304e-05,0.2122737646767621,15403.89311442134,3.0,4.72778230088544e-07,2.75e-06,0.03489280487787733,0.00569226719976328,0.0005339934257333752,0.00016925592684035456,3.0762906920447495e-05
158,2,7.922423288999865e-05,0.2883705446101692,9226.773218264376,2.0,4.762268072395622e-07,2.75e-06,0.04949958741091209,0.005566691141537502,0.0011003737003775855,0.00032819683467184775,3.0120201083463018e-05
158,3,0.001431968853428441,0.058284148290791926,10167.473188550543,3.0,4.7516719345323274e-07,2.75e-06,0.051619066946657105,0.07119255426753944,0.029059842480551337,0.000389421479373187,0.000489355899198286
158,4,0.0003443983789384702,0.04171125481299039,18768.260175774198,2.0,4.6208805449377136e-07,2.75e-06,0.021547213410581984,0.013972547641906816,0.007127886168915493,0.00016217184453499038,5.290373505089971e-05
159,0,4.0116535932771e-05,0.047569219622807066,12880.746787022721,1.0,4.7001430132040127e-07,2.75e-06,0.03620741670337362,0.005789195367725102,0.0005044755578658447,0.00019590819995853533,2.9869288956914614e-05
159,1,6.979233665279696e-05,0.25990045317538585,24019.37054871425,3.0,4.7206940951042003e-07,2.75e-06,0.05254490840272388,0.005988820033538647,0.0005555379543622373,0.00035523190006015083,3.179630609197941e-05
159,2,0.00021506962259916574,0.1159603503985515,2033.9561162708574,2.0,4.8986689507302e-07,2.75e-06,0.06229766108836066,0.05897356110934343,0.05831784708874729,0.0005613879448878049,0.0011777965968340234
159,3,0.0001528131208679936,0.0132658995746717,23859.745926007574,2.0,4.6725819033662266e-07,2.75e-06,0.020607826293394835,0.015699210822588457,0.004100093961679646,0.0001447237239480607,3.0510539261206274e-05
159,4,3.461116094303774e-05,0.17678472907473333,8646.903994810622,2.0,4.63018646120806e-07,2.75e-06,0.0215829947887481,0.005643847890526886,0.0004907295971483169,0.00017269970393281385,2.9090554075750593e-05
160,0,4.746540262516693e-05,0.11495013785499858,9051.000605130148,1.0,4.733983964092102e-07,2.75e-06,0.04157040557917482,0.0056244125117724765,0.0005442795741461551,0.00023586226110306128,3.0266315058574208e-05
160,1,0.0002290521560150635,0.011229522413279867,23234.485419644614,1.0,4.463325760765888e-07,2.75e-06,0.04545203372167612,0.01246539932058851,0.0033579093168064704,0.0005898640061247118,2.850341600966462e-05
160,2,0.0004472821193624754,0.24769593161484205,20301.306028442024,2.0,4.6517403895337927e-07,2.75e-06,0.027073815838692766,0.00944550167480618,0.007001094176758697,0.00015545370365133254,4.921579102160637e-05
160,3,3.0098278395597383e-05,0.05311257267113538,12466.96448761706,3.0,4.6732096900219884e-07,2.75e-06,0.031266887907115896,0.008524805823957824,0.0005605130411344045,0.0001939101755593886,2.3127128209047664e-05
160,4,0.00019876147886550881,0.05465699203462204,8355.796539545909,1.0,4.5426829779384263e-07,2.75e-06,0.0259321992238275,0.014027148575632559,0.010269712900604256,0.00025536391502097093,9.21490077285665e-05
161,0,7.725229103133325e-05,0.11633208080168397,4189.268812577606,2.0,4.6935935729636435e-07,2.75e-06,0.027010756609668632,0.010821003849637094,0.005172714850020878,0.00017152045854297498,7.957645132588366e-05
161,1,0.0001329559880863585,0.2014831132342261,5554.043775526473,3.0,4.6832792227996614e-07,2.75e-06,0.031814993229016854,0.01788504463629309,0.017982332905729728,0.00017199270970318144,0.00023922670465265184
161,2,0.00014397505866146988,0.06046763219473545,15120.568503737724,2.0,4.787376839677192e-07,2.75e-06,0.05464903968628524,0.010082100944453812,0.006492606254664646,0.000502204399937725,5.197283952966828e-05
161,3,2.466039302644899e-05,0.03119870015254613,8142.997475343202,2.0,4.7367265368213847e-07,2.75e-06,0.02408181752030608,0.014261403901628299,0.00044877239940648803,0.00017330579164159574,1.6721003706219496e-05
161,4,0.00038049258982767527,0.09339037766593285,6670.360259789366,1.0,4.5783264601934854e-07,2.75e-06,0.03976142958757676,0.019893303652284988,0.015812697734121542,0.0004082849262067487,0.00016807875602848428
162,0,0.0005402625780541963,0.26440603850250416,17944.622707279203,2.0,4.5734365300866807e-07,2.75e-06,0.022616873284445897,0.011467886188002147,0.008483149823075525,0.0002042136716076436,6.585049167385442e-05
162,1,0.00012371391656816215,0.2146673012828941,14452.536950439184,1.0,4.7504537034328747e-07,2.75e-06,0.04946440247596304,0.005953163017045744,0.0026651302492003005,0.00033977279352870755,3.206898934120998e-05
162,2,0.00010528817214307169,0.057762868516864546,23381.83000868937,1.0,4.581873614206612e-07,2.75e-06,0.021023939487516453,0.005688583256103019,0.0022746440105002592,0.00017192277096456275,3.1215723492779486e-05
162,3,0.00013874183371564942,0.031067819176058387,23093.82303433016,1.0,4.6487346895913245e-07,2.75e-06,0.023709004481236463,0.0068575752566378085,0.00328262286326789,0.00013642599702669387,3.064925900451208e-05
162,4,0.000115047467928359,0.2208849371097722,24210.65592313841,3.0,4.6912467878465843e-07,2.75e-06,0.03946180679838273,0.005923080107513079,0.002805568291490494,0.00022563020242012406,3.163219534472072e-05
163,0,6.702641243556909e-05,0.13547697463760827,8731.745771284212,3.0,4.83031023337161e-07,2.75e-06,0.04835342343137696,0.006137324765974943,0.001295619478117012,0.00035591244254326907,2.704957921719797e-05
163,1,1.557212292207177e-05,0.13558527552332006,9890.738651502972,2.0,4.6046202813426873e-07,2.75e-06,0.020947333045602076,0.005672804760110302,0.0004900126980106135,0.00021564068839062837,2.922623652122225e-05
163,2,1.0583695164815266e-05,0.13094334819721556,8486.366343289079,2.0,4.5979506845482057e-07,2.75e-06,0.02090742767586164,0.005728664933309539,0.0005089100205120201,0.0002100995241474626,2.799042702598549e-05
163,3,0.00015566694942107244,0.25274539001693275,19159.588988405056,1.0,4.703822773155839e-07,2.75e-06,0.029692297494134573,0.006304227497719618,0.0032895583564674247,0.00014917994537268879,3.224693536228773e-05
163,4,0.0015992882757768358,0.11753939284612441,14677.442391183093,1.0,4.657710321979848e-07,2.75e-06,0.025376373197795916,0.021918959613283554,0.007615411882566225,0.00017033244140891388,8.996709580130898e-05
164,0,1.2701366493147192e-05,0.08447575129453765,20982.823616913724,3.0,4.552381174085504e-07,2.75e-06,0.02198032389491032,0.0057416981074307205,0.000522180319592036,0.00030942724713669845,3.0273548461260704e-05
164,1,0.00013880316608063742,0.10632600866065473,14875.031941306055,3.0,4.7344160930472116e-07,2.75e-06,0.0402276258911378,0.01059127423809971,0.008346499446292259,0.0003035239352274149,6.822992792076858e-05
164,2,0.0005785757709246379,0.2849272277795551,17489.717309609794,1.0,4.7080226066256897e-07,2.75e-06,0.030895076707394248,0.00919376661540409,0.0067878532947042705,0.00018525970804909812,4.686597281319996e-05
164,3,0.00013252330554580573,0.18605912297678512,6248.916512263571,2.0,4.6036707943982295e-07,2.75e-06,0.024797408568865902,0.012638430371399683,0.0115355562750855,0.0002310394486889797,0.0001382364992838854
164,4,0.0001524944836889412,0.15830350263015672,3466.916184583473,1.0,4.6939155544796404e-07,2.75e-06,0.02775241256170305,0.019219276073645906,0.019797067165667977,0.0001879032009884509,0.0002937949798875261
165,0,0.00018384493226115213,0.2739746236096736,24360.2971909607,1.0,4.753394474711528e-07,2.75e-06,0.056372667564048205,0.00637547422428477,0.003370555141554862,0.00043325771306978685,3.199038703935228e-05
165,1,0.00020458360473454747,0.1506422353403091,4881.402518338358,3.0,4.677498280449121e-07,2.75e-06,0.04275374345927737,0.030573081213739774,0.03152738770615624,0.00023026933114878717,0.00044352031052924705
165,2,7.709718075444937e-05,0.11386990282477845,13285.88076188514,2.0,4.662314919268875e-07,2.75e-06,0.025720656565257665,0.005530158589058874,0.0015775042632308678,0.00013653271369971852,2.982863723747379e-05
165,3,0.0009323638397642824,0.11543183220828478,16850.321543880047,2.0,4.606018006406892e-07,2.75e-06,0.024094493395674876,0.01926439766975006,0.010612014944895548,0.00019336855976686822,0.00010331141720715947
165,4,1.7309498476174017e-05,0.061992553373436864,22457.523610607208,2.0,4.5505830061860587e-07,2.75e-06,0.021007562344378516,0.005702657668244219,0.0005043419259926045,0.00020950075202292153,3.087359396367433e-05
166,0,0.000369284507465736,0.23061587206059975,2612.402444701007,1.0,4.5962544547843405e-07,2.75e-06,0.06385956164637542,0.03682217081103085,0.04063309544363209,0.0004891116156512497,0.0007064006042081078
166,1,7.507829282164248e-05,0.2586638953586972,13147.350562962423,3.0,4.635431964681198e-07,2.75e-06,0.025216671090194685,0.005589570436329361,0.0007731300606269555,0.0001388380280965106,3.0317924356913967e-05
166,2,5.546586723799616e-05,0.0732095443314743,12975.87230243493,1.0,4.682668707451225e-07,2.75e-06,0.034955883327857734,0.005553656577237514,0.0006149674296031546,0.00017712967330141394,3.063765775707145e-05
166,3,0.0011154543427896952,0.29889490695397275,23838.58153290533,3.0,4.666167874762379e-07,2.75e-06,0.025444777021627025,0.019227188351552727,0.011003076798025785,0.00015037938085595186,8.064006686816603e-05
166,4,2.0973397371518744e-05,0.043716138177680094,9515.05428898222,3.0,4.6003926891267623e-07,2.75e-06,0.021012031386922963,0.01265158699887923,0.0005574217246634875,0.00013921213138189372,1.6452917741502694e-05
167,0,1.4396174153342054e-05,0.2909293949533361,24246.606835903563,1.0,4.566040204558241e-07,2.75e-06,0.02111274046618349,0.006443567784976396,0.0005079657125473024,0.00027459538456354684,3.243685080928396e-05
167,1,1.1280408271656343e-05,0.251855233039992,12757.414657792087,1.0,4.6658352848271987e-07,2.75e-06,0.022534161498713984,0.0062669693846111605,0.0005077692827262222,0.00016720381832676162,3.2052444379563194e-05
167,2,4.971758637219021e-05,0.14676287264696986,14357.993084744721,2.0,4.6596584565910005e-07,2.75e-06,0.02406630125552651,0.0056509721448371915,0.0005216673698235033,0.00014294054811453066,3.0739071538921785e-05
167,3,0.0027431468621074797,0.1991744796216075,9438.771509531714,3.0,4.5862209925056124e-07,2.75e-06,0.10773002168426359,0.10007695652776166,0.04005057192939244,0.0002474660084079626,0.000791057720445965
167,4,0.00011752004734407452,0.238446298111514,2578.6663297261352,1.0,4.6210039048353503e-07,2.75e-06,0.03766624591657192,0.01224261994138419,0.011050552425323422,0.000496754284840827,0.00019641713074535364
168,0,0.00022109690388390942,0.07504981326852159,9762.415856307744,2.0,4.882404304223188e-07,2.75e-06,0.056275477985088494,0.015884491852915256,0.011577640535349196,0.0006047613088471542,0.00010808507692431823
168,1,3.0146162898929926e-05,0.29688279017330743,19935.846116432465,3.0,4.787901696693413e-07,2.75e-06,0.056613556106488015,0.006152750136896916,0.0005044992127312742,0.0004050743615506135,3.1809212571819644e-05
168,2,0.0001762372038633862,0.01147453457322236,5936.092891297518,1.0,4.7423104702201403e-07,2.75e-06,0.02393511997399375,0.041272115218829834,0.01225517057450424,0.00031138207683106426,0.00018545672030548124
168,3,4.175922104335264e-06,0.2532585843223736,5849.980461052826,3.0,4.6971615581431935e-07,2.75e-06,0.033709830370932496,0.005652295716975483,0.000512438096322471,0.0001678013536578833,2.537652603305407e-05
168,4,8.370331817107127e-05,0.11540806278190072,16715.174128227158,2.0,4.542998396515403e-07,2.75e-06,0.02064662583203175,0.005487651437557355,0.0017452158939530004,0.0002263360884978235,3.049287970362547e-05
169,0,0.00026577449786247567,0.20137821419683158,3803.144303549281,2.0,4.6712637685319115e-07,2.75e-06,0.0395849585394419,0.03035367814279023,0.030805468076440704,0.00022418766880592605,0.0004782055366944469
169,1,0.00033212856710082583,0.02839036012231185,11095.194859576535,2.0,4.565245964128014e-07,2.75e-06,0.03397762553048296,0.02734925265797177,0.012354598121073763,0.00023909655521291306,0.0001362363318628046
169,2,3.396502423942338e-05,0.24163715084398185,3207.877776155862,3.0,4.574860561864698e-07,2.75e-06,0.030194471951784447,0.0067379554042559684,0.0005330809689786285,0.00047683973045162335,1.719406458882777e-05
169,3,6.96094521871081e-05,0.11722654882461858,20338.877175968293,1.0,4.4978078228866663e-07,2.75e-06,0.02241341961306223,0.005844244260872322,0.0006073179333245545,0.00035546778833838404,3.190616939259725e-05
169,4,1.5281332688970958e-05,0.10070276012789052,22822.16121695105,3.0,4.6185949352888917e-07,2.75e-06,0.022124903800849704,0.005674031751638005,0.00051364362323398,0.00016262788004895598,3.096607773735084e-05
170,0,0.00010525225308160304,0.18008131485282877,14080.906544521644,3.0,4.48490248368253e-07,2.75e-06,0.026827115480760198,0.006576511569564812,0.003866280223860062,0.0004156492528473244,3.980937933778073e-05
170,1,5.31749763997157e-05,0.16948662692765415,5330.921580487587,1.0,4.604724730161506e-07,2.75e-06,0.021360175666166537,0.005554838519033591,0.0006256741021363736,0.0002796322066902863,2.859814402163649e-05
170,2,0.00020753709172479891,0.017753149301704175,24046.235566315903,2.0,4.5907068709420774e-07,2.75e-06,0.021222480570771526,0.014182039449956127,0.004740422671105419,0.0001836054530536243,3.277623629028193e-05
170,3,1.9003403100948943e-05,0.2689124947765285,17109.28325350662,2.0,4.5957503323445874e-07,2.75e-06,0.02218835150466095,0.006178200294909355,0.0005059757248004937,0.00017305166253457754,3.1888106473618845e-05
170,4,0.00013523451258570226,0.1234062829547559,23970.73484662649,1.0,4.786351526108282e-07,2.75e-06,0.05007592996101531,0.005899892747214824,0.002624039058272987,0.0003490575248339275,3.15917919620561e-05
171,0,0.00032988291493341824,0.17767325305029222,20854.44848301862,3.0,4.6764349583212326e-07,2.75e-06,0.02722167972279028,0.010187102788966096,0.008443526229064734,0.00015737124573789654,5.766718801217811e-05
171,1,4.27944186289838e-06,0.2111172732241156,6547.225376791648,2.0,4.544308371470473e-07,2.75e-06,0.02088759324696157,0.005684119954622083,0.0005067738517531651,0.0002333604613708788,2.8049028119198456e-05
171,2,5.784076363939677e-05,0.3004544260609442,4562.800825051623,2.0,4.602158404571114e-07,2.75e-06,0.021060273212642214,0.005521976700673242,0.0006756881873928622,0.00026450076113174946,2.6291145931754873e-05
171,3,1.5651880886602105e-05,0.12162376569869171,8409.098367987808,3.0,4.5329883034623626e-07,2.75e-06,0.023376305073883736,0.006467735577236775,0.00046952456912838307,0.0003360524790391806,2.4619563401579038e-05
171,4,0.011606535675997773,0.1424745843215244,10342.083681269922,2.0,4.686461366617206e-07,2.75e-06,0.07599918857471309,0.09862949033770423,0.02104331611263016,0.0004820732102444605,0.0009678021714935606
172,0,0.0005664093644231599,0.18428614822644138,22233.728387847303,2.0,4.536949787202588e-07,2.75e-06,0.031460567727967494,0.010557043786994227,0.00718878203442332,0.0004255691557179496,4.96422867207764e-05
172,1,0.0001597895326862403,0.13047245347978836,7948.607158137387,3.0,4.685244067551928e-07,2.75e-06,0.03269171934040317,0.01846787752850277,0.017608919664080496,0.0001799246754943171,0.00019278785874880417
172,2,0.0001056680837974113,0.2766203322877347,14931.416404642789,2.0,4.577451052172946e-07,2.75e-06,0.02136633092449246,0.005765298448059457,0.0023031969310184923,0.00017098881529866813,3.1758341479600486e-05
172,3,6.518669998904548e-05,0.2878136809234102,21956.03743167903,2.0,4.782534174172321e-07,2.75e-06,0.051243698187065145,0.00615146726564716,0.0005448116426567788,0.00033542961693615417,3.20332827166869e-05
172,4,3.11846613095847e-05,0.05265260690755417,20079.38298314562,1.0,4.571123500152128e-07,2.75e-06,0.020937856688845274,0.0056795778749905365,0.0004954660424620698,0.00023695600095709063,3.1513914194724386e-05
173,0,0.00015060794314391507,0.1576745239830779,15402.847759082042,3.0,4.5969424366092064e-07,2.75e-06,0.022054885441341533,0.009957884604324068,0.008351725457192727,0.0002062764732380743,6.671946690283284e-05
173,1,0.00027800073919590916,0.14818810485146613,11872.316813855077,3.0,4.808286005253826e-07,2.75e-06,0.05412265538880867,0.015645292596613566,0.014464746882358435,0.0005449863973603851,0.00012805805919967195
173,2,0.0005733066997914381,0.2322744359499979,24841.682039851246,2.0,4.760788497913194e-07,2.75e-06,0.04653572183757707,0.009345178974768664,0.0063080889220194294,0.0003763983262580538,4.273863288119686e-05
173,3,0.00013153761661118224,0.15356529828249818,13915.25924714644,3.0,4.6212073109744803e-07,2.75e-06,0.0218743327614072,0.009472512418581892,0.007600890882876315,0.0002066851608384207,6.493132259477253e-05
173,4,0.0001433360731610154,0.03473037883549968,10695.045527386088,2.0,4.6433187241073087e-07,2.75e-06,0.021794441069512043,0.017677051913879006,0.008939823376702167,0.0001498792473484182,8.122989740881114e-05
174,0,0.00041503304774558324,0.05803858140454074,6742.707062784865,2.0,4.637118976967851e-07,2.75e-06,0.03435939964460715,0.03525826987887342,0.02131876352542055,0.00017574084999989173,0.00032293965066417695
174,1,3.340629629027905e-05,0.01634349878490684,9965.82785433458,2.0,4.736884360729261e-07,2.75e-06,0.02047637567175072,0.02210577275075114,0.0006264971558601986,0.00016850437778230843,1.9348080416664354e-05
174,2,0.0002831287909909507,0.2851972347954695,21582.791027939267,2.0,4.6624525321731374e-07,2.75e-06,0.0275661364700967,0.007745016233581844,0.005722745335390852,0.00014593284069287405,4.1036034854045294e-05
174,3,1.9335936857719553e-05,0.20852180352107988,15968.345738550712,2.0,4.721979841249678e-07,2.75e-06,0.04293492594420458,0.0059787968262691475,0.0005006526571345922,0.00023982963129184657,3.1579702431359806e-05
174,4,8.389868014996525e-05,0.06166246086461993,15152.46012144572,3.0,4.5840006367213186e-07,2.75e-06,0.020340285299319534,0.008464992143996453,0.00317089631869222,0.00016258277543350133,3.385387811076192e-05
175,0,3.857250961223203e-05,0.1671469696792002,16450.015954841816,2.0,4.722816207589362e-07,2.75e-06,0.04360589302436264,0.005821781496256646,0.00048337346854659193,0.0002503858196686778,3.13475355792784e-05
175,1,0.00023570565867899747,0.22856703595852101,22852.03150694061,2.0,4.5519085370330534e-07,2.75e-06,0.0200606856225157,0.007162438326686068,0.004945543368175525,0.0002147317213351413,3.685106347031951e-05
175,2,0.00023436892417876234,0.1925720984559531,11418.270344067354,1.0,4.6094409965734573e-07,2.75e-06,0.021310986388660243,0.009373673263029762,0.0077857135842940295,0.00015728815374128476,6.404628559399515e-05
175,3,0.00017329430896187325,0.0036736641554068294,10469.489535668392,3.0,4.682492297931177e-07,2.75e-06,0.10622351563262639,0.12359904225179934,0.00674135173853858,0.00021618174700781037,0.0002627816382185248
175,4,0.00010609574296853277,0.17531050533753872,23605.128109733236,3.0,4.6223736880396674e-07,2.75e-06,0.02399336719352078,0.005753237362444873,0.0025555626419978394,0.00014056772176237068,3.132689648025631e-05
176,0,1.6691237627660818e-05,0.10156001394540039,20093.298930329307,1.0,4.591311401848026e-07,2.75e-06,0.02640527873989464,0.005997359570567524,0.000510912559829,0.00013647368896132396,3.204135935179004e-05
176,1,0.00018073026142633345,0.00512581910757408,24695.416888004438,3.0,4.525656026104196e-07,2.75e-06,0.07382075080523398,0.0425790426615039,0.004316582447349019,0.0005288710389920924,4.41896521629453e-05
176,2,2.9321841823640476e-06,0.22584656185719293,2282.7034878474183,3.0,4.6850595586446425e-07,2.75e-06,0.024121493340896322,0.008244367004446236,0.0006749986555455355,0.0003198107926533817,2.0280743894478713e-05
176,3,6.006415196066483e-05,0.2803697805214788,6136.478423702041,1.0,4.6534581272434835e-07,2.75e-06,0.02105317026504243,0.005874299201043954,0.0005883426656720325,0.00027209641312051863,3.0415183095370533e-05
176,4,3.102500167449012e-05,0.26066315446332866,16310.736997241715,2.0,4.4584182072812457e-07,2.75e-06,0.023316845979877734,0.006132647947491934,0.0004951270054917855,0.00038619865812041486,3.1770532234475184e-05
177,0,0.0009425170868730406,0.13437060484504781,6294.069126876306,2.0,4.6473768117384866e-07,2.75e-06,0.05439946042268048,0.04776191645862757,0.02949877261533081,0.00026077317243659593,0.0005624800723654123
177,1,0.0024133386483506736,0.12245332658200557,19189.21497896481,1.0,4.542738335015022e-07,2.75e-06,0.036730208486397575,0.01943667828146502,0.005676077323046348,0.0003808174310879569,5.938458138072903e-05
177,2,0.0018397328838092998,0.05069178393045095,18204.06013671523,1.0,4.785479945020948e-07,2.75e-06,0.041730764537552166,0.02051364315378561,0.005377022662996337,0.0004785625912504133,5.5069654044760954e-05
177,3,7.490274769956022e-05,0.2649302166595239,7526.457012561619,2.0,4.702482382792374e-07,2.75e-06,0.0285142363870078,0.005432253811351581,0.001205375838831844,0.00013945217325307688,2.9446309788244867e-05
177,4,0.0005456573291206175,0.07731544758662341,2341.1098232088866,2.0,4.7434778279022283e-07,2.75e-06,0.11061198049661107,0.09909889098254963,0.06489922646058072,0.00037745117024724713,0.001810384388191206
178,0,4.322120692409085e-05,0.22528382890437926,18820.40038697975,3.0,4.648769436624825e-07,2.75e-06,0.027354062434394796,0.0059115129880971395,0.0004927466891353736,0.0001350591218966166,3.142321410055582e-05
178,1,0.0005253714654691444,0.01490010521545335,3725.393414060479,2.0,4.526062864508919e-07,2.75e-06,0.16016022991551296,0.1281455391348407,0.041739746475153584,0.00045039731070007873,0.001134290961921324
178,2,5.1096248396255415e-05,0.25348596078878416,11149.589512022505,3.0,4.6784710037204515e-07,2.75e-06,0.032129635358791105,0.005724234829404138,0.0005330184065357181,0.00015151523916411065,2.991512630800675e-05
178,3,0.0002283154302280029,0.07834246489346125,5445.4260433123745,3.0,4.6829860151505404e-07,2.75e-06,0.04077452327522308,0.037142737491202275,0.031240741833754342,0.00017656498871625732,0.0004131569596654036
178,4,2.2862529038738404e-05,0.14537453334326933,7486.106429085119,2.0,4.548386153090049e-07,2.75e-06,0.022537183138776673,0.0057625615961694075,0.0005042157498887906,0.0003318463261804019,2.7378688213973255e-05
179,0,9.032934060537798e-05,0.2614801387266453,20061.928719825813,1.0,4.6595684412155416e-07,2.75e-06,0.030474991872105728,0.006079989129156661,0.000647118899079915,0.00014102105962359834,3.210458707842695e-05
179,1,5.386395687996283e-05,0.2083090180725732,18684.969730349792,3.0,4.719962029347866e-07,2.75e-06,0.04146196201363347,0.005793904930793664,0.0005175394798316279,0.00022779421419604983,3.124145453404345e-05
179,2,6.990275839150271e-05,0.05332721045665771,21618.357523565726,2.0,4.771714393060617e-07,2.75e-06,0.03914409575933858,0.00582967359717539,0.0013791352189104975,0.00023624531778794944,2.9947170863366427e-05
179,3,7.701025829986293e-05,0.07915579677133802,6536.20193272773,1.0,4.5876183559020493e-07,2.75e-06,0.02102642526074375,0.0066370174142499384,0.002582070561501301,0.000257134111435169,3.6602531079413566e-05
179,4,0.0001776342231975297,0.07851755134678742,9997.9722293938,3.0,4.575890095957381e-07,2.75e-06,0.02698723889169759,0.018532305613051695,0.014892830228220652,0.00016281428053944446,0.00014492513389555403
180,0,2.660240065936928e-05,0.2089666061953652,7538.03446174363,2.0,4.6587294576571277e-07,2.75e-06,0.0225680073687613,0.005702028901702724,0.0004922115203061032,0.00015867500612858155,2.8852265570430285e-05
180,1,0.0002983247763563023,0.1882185703395678,10213.96844250119,2.0,4.5700408348434473e-07,2.75e-06,0.026165310864999586,0.013508585415846439,0.011963624334329312,0.00024984361286118284,0.00010954557391773137
180,2,2.8705066760575035e-05,0.07432898322069803,11804.065925403718,3.0,4.804640723933412e-07,2.75e-06,0.05933507940173338,0.0070598686562064125,0.0004846851032211032,0.0005126660857428743,2.5185798770242224e-05
180,3,2.6301136594344706e-05,0.07320106173822528,21264.529875834454,1.0,4.6484922298545996e-07,2.75e-06,0.025128961874654628,0.005840989795617768,0.0004996294822869708,0.00014073333283006034,3.1906454667232977e-05
180,4,2.6165557904621834e-05,0.22700267418470813,13301.95386695906,3.0,4.6858066223503623e-07,2.75e-06,0.029693106027793504,0.005802167405423191,0.0005024443462236019,0.00013961333024310082,3.0561823732154245e-05
181,0,2.1912334976854966e-05,0.1721701650299305,11334.217252349554,3.0,4.6518578806164226e-07,2.75e-06,0.033363116352495,0.005670753891800825,0.0004975775233015846,0.000163352100823795,2.9094914084020678e-05
181,1,1.4198588302497548e-05,0.14621608812404113,24155.046864738797,3.0,4.786275935599026e-07,2.75e-06,0.057298421562682424,0.0058145916333599825,0.0005028950696910903,0.0004235090081231472,3.1563044915400185e-05
181,2,1.618210143310689e-05,0.02471272528975339,19731.636325031835,3.0,4.718047669506089e-07,2.75e-06,0.0340524408625723,0.011082480203427137,0.0005472840359739278,0.00025804751656826946,2.337322136299523e-05
181,3,0.00036461715211373607,0.10808178316422151,6520.731191466625,1.0,4.53425403427604e-07,2.75e-06,0.04326089409288061,0.01872175498603923,0.015552193855986496,0.0004750319309600846,0.00016459092753313886
181,4,0.00010137027094401211,0.06200653533517753,6532.118437805395,2.0,4.665134999847226e-07,2.75e-06,0.022279319366883706,0.016367654671833456,0.010133047612461747,0.00015404054679589636,0.0001169027987450335
182,0,0.00014862322229100523,0.2942208957423657,8253.338974089136,1.0,4.6136725912575704e-07,2.75e-06,0.0225579066304455,0.008587840618034328,0.006707855339658619,0.00014801279948183478,6.800207867411127e-05
182,1,0.00011418881333075965,0.039096182677725154,24943.279208257907,2.0,4.5281656031472384e-07,2.75e-06,0.023152203344259808,0.007502350905272778,0.0034682289571931276,0.0003202710596942038,3.088497581835173e-05
182,2,3.61847458774323e-05,0.14788333636314616,14627.073240923643,3.0,4.610086624599659e-07,2.75e-06,0.02153528932170688,0.0056422228271375136,0.00048025437683103366,0.00017105036509616612,2.992199127754827e-05
182,3,0.00028238495511432427,0.220236225459062,24236.218604630674,1.0,4.633449590345318e-07,2.75e-06,0.029952417458593814,0.0066925898526178805,0.004117945337694734,0.00015379220657630354,3.260087610589037e-05
182,4,0.00012885406262310144,0.12128284270013316,4132.434911184928,3.0,4.5327581019040516e-07,2.75e-06,0.05942383503787038,0.028126931220921293,0.025583025780167,0.0005368246093124446,0.00038254596345095815
183,0,8.531152609827024e-05,0.0464397847656249,15752.259928191394,1.0,4.7386900676162724e-07,2.75e-06,0.038990425033647455,0.005995965004307835,0.0021951495681129104,0.00023763910789688578,3.0350284837020915e-05
183,1,0.00029784588953734594,0.1035674753024043,7644.007312025808,3.0,4.600259527980676e-07,2.75e-06,0.03598862048622396,0.026514516563265884,0.02281561806094048,0.00021705294147685264,0.00025487966636099976
183,2,0.0019257800068596131,0.12776187554570892,19247.93729563803,2.0,4.829617877217003e-07,2.75e-06,0.03454510118693837,0.02989129853166239,0.012699829134340654,0.0005079436022837497,0.00013555556728342064
183,3,1.9151148578593073e-05,0.08134012038300327,19544.44423713102,2.0,4.811150185721279e-07,2.75e-06,0.04179966871807537,0.0056530305609789125,0.0005078411153550373,0.00024258487398204736,3.0941034361680114e-05
183,4,0.0007543908235317058,0.008177297593039833,4059.9623686499194,2.0,4.7656770194173066e-07,2.75e-06,0.1673561230653815,0.17486244033157328,0.03757528343308358,0.00036310451153227763,0.00132328839192029
184,0,0.0001014184490835326,0.29269134237221556,6530.037116173601,2.0,4.575257629817431e-07,2.75e-06,0.021901812514596903,0.006744735279044776,0.004294784124129315,0.00031058870204189563,5.756262764416052e-05
184,1,0.001028330085811703,0.10714866873100988,12817.999561871413,1.0,4.667887147168991e-07,2.75e-06,0.025093215794131124,0.020663488788527747,0.009029607234666543,0.00016481418075998673,9.500450290717173e-05
184,2,6.39348758632445e-05,0.2959211042219958,16072.152669730509,2.0,4.529086063781955e-07,2.75e-06,0.023411162496383007,0.006052529930801378,0.0005579470897150678,0.0003891977112517278,3.168827728324255e-05
184,3,9.818455330465977e-06,0.23709034278646854,3878.953492544759,2.0,4.5945100757376096e-07,2.75e-06,0.021763664265633916,0.005749870579100446,0.0005214636717451941,0.0003103414658436099,2.3241186804916848e-05
184,4,0.00014618564222638938,0.13340587662662431,17600.84011370661,3.0,4.699857522475876e-07,2.75e-06,0.02926553475379724,0.009123215515742225,0.007177942288917979,0.00016722382321908888,5.524187986277345e-05
185,0,0.00010693678634856052,0.11929110336595543,17048.355449000264,2.0,4.545107005738394e-07,2.75e-06,0.022500312157205774,0.006324343359322536,0.0035549269879317194,0.00033147643600089883,3.415044393996088e-05
185,1,0.00044571536566771877,0.20879709374639363,5874.489938080075,2.0,4.715736450561785e-07,2.75e-06,0.03426173237249575,0.02792513575371418,0.023899571313321086,0.00019740793903897294,0.000352404650726332
185,2,1.331446998104599e-05,0.23437411138157743,23662.168460913566,3.0,4.5440325029879286e-07,2.75e-06,0.02101140706723117,0.006071684675641857,0.0005123713127222071,0.0002397551119216144,3.189600123793821e-05
185,3,0.00013170103389460448,0.27634689978515464,4226.929400589339,2.0,4.524884231111078e-07,2.75e-06,0.03989944641640009,0.014937270129155763,0.015092221318852225,0.00048158434609982416,0.00022169495381231066
185,4,2.627934763593536e-05,0.16863974541795054,18521.709706301626,2.0,4.7474472632797525e-07,2.75e-06,0.035744466149709386,0.005922740248350722,0.0005005360919430637,0.0001714859325976578,3.166787767563547e-05
186,0,0.0018944554800073457,0.156583340376833,21766.794042632533,2.0,4.6905496429685687e-07,2.75e-06,0.02251401746642769,0.024894856023496486,0.010704677527761622,0.00018381092157641738,0.00010250852796264228
186,1,7.360195036804468e-05,0.2877831600688357,16559.765654490584,2.0,4.7419270465241347e-07,2.75e-06,0.046199218735431334,0.005941158007804287,0.0006120951210986935,0.0002767399144262255,3.1631076873043056e-05
186,2,0.0003500494421317691,0.02260629007092284,21974.68090913613,3.0,4.5873547156431656e-07,2.75e-06,0.026138209396165863,0.021617181863201742,0.008572523548789523,0.00019834703633401086,5.8103111190582053e-05
186,3,3.849816661655588e-06,0.298889627753182,4956.341297286275,1.0,4.593617041312833e-07,2.75e-06,0.020971575639037215,0.006029851622113075,0.000516732426336765,0.00023877104482805008,3.016323090704484e-05
186,4,7.542602991161244e-06,0.22912263158203416,15345.216046413412,3.0,4.704959503841046e-07,2.75e-06,0.04133905990600274,0.005883756909622774,0.0005076177491736151,0.00022541909474154735,3.106697900342542e-05
187,0,0.0007781796019489302,0.022450778946647588,18201.515121711287,2.0,4.4467487738758743e-07,2.75e-06,0.05350916656838391,0.02735530431971256,0.009341673030479444,0.00048641224577561484,8.974525198722006e-05
187,1,0.00010322598887954464,0.20836370177795355,17479.330229308434,2.0,4.527190392471009e-07,2.75e-06,0.025556630807901826,0.005685793094042932,0.0022680233687760315,0.0004242612721960409,3.14110246813029e-05
187,2,9.260091692266993e-05,0.26628738211040937,6053.228769889363,2.0,4.419636499035013e-07,2.75e-06,0.03812365835720123,0.006119133602374566,0.003265817575790039,0.000601730427636565,4.8592035857029265e-05
187,3,3.215843893554666e-05,0.23537351933110742,4776.84836219088,3.0,4.574586998595084e-07,2.75e-06,0.029241967696380666,0.005885460079542118,0.0005053865805943129,0.0004769903283069643,2.1510928718862596e-05
187,4,0.0008700178097742606,0.020415832191892126,23894.925465783308,3.0,4.635671515150495e-07,2.75e-06,0.022699289807388404,0.032364425526703794,0.010442651532049131,0.0002217293822656235,8.701809473843932e-05
188,0,0.0009140514175785455,0.16919262752458344,8826.076419691057,1.0,4.6516708169360185e-07,2.75e-06,0.02831876646813956,0.024602663112108004,0.013721708538500075,0.00017594137684145378,0.00017279065263682103
188,1,8.296958820788761e-05,0.28410733328377813,19329.009063728638,2.0,4.688197170793369e-07,2.75e-06,0.03034713577756958,0.005894539275833821,0.0007195706930658488,0.0001411307040813905,3.1749085911870544e-05
188,2,2.5579795753107136e-05,0.03627294825349248,3732.761902582924,3.0,4.643315020068544e-07,2.75e-06,0.031729354299972166,0.037639173041226125,0.0010400694272896807,0.0001417978934793025,8.414110041334883e-05
188,3,0.0007040423438243253,0.27431973766842754,18379.545641058347,2.0,4.678520630260212e-07,2.75e-06,0.035207437681772515,0.013146169335157637,0.009441565442005055,0.00028185716656071655,7.78073688288351e-05
188,4,0.00022726685893053713,0.12729144654881516,6680.249761574393,3.0,4.651388807627278e-07,2.75e-06,0.035152655897891204,0.02527840019973024,0.024237866393033658,0.0001811114468952625,0.0002870194048262984
189,0,5.936095017435376e-06,0.25632219394864303,13464.006820513974,3.0,4.536568615159753e-07,2.75e-06,0.020861361319590054,0.005886821127879136,0.0005154401320200188,0.00022283470457439122,3.0832298952175934e-05
189,1,0.00026553592394366253,0.08960505250483651,19385.42424844342,3.0,4.6058484367379804e-07,2.75e-06,0.022194395999025757,0.011677561510967107,0.008889307280555524,0.00015832988597625497,6.256457060439726e-05
189,2,0.0010431993660259542,0.23509462836425785,20088.14941494712,3.0,4.632165896772878e-07,2.75e-06,0.026052252503127805,0.021415899005444165,0.012603873356953788,0.00015104876965541837,0.00010227836422943238
189,3,2.6904075579656034e-05,0.1854270915610875,8173.476804072051,2.0,4.753152080814479e-07,2.75e-06,0.031563017814758766,0.005668092098040465,0.0004914037710467212,0.00015026903763523197,2.9048530815840868e-05
189,4,1.7510911901962484e-05,0.22786034747412287,9051.745418928593,2.0,4.690834417759197e-07,2.75e-06,0.03169302630183614,0.005798953785347169,0.0004985945786136829,0.00014828732300114667,3.0091856084252035e-05
190,0,0.0002899496735402722,0.19743703704447718,18324.522860946465,1.0,4.774849563876761e-07,2.75e-06,0.04645994028699299,0.0075521255190276965,0.005385778989751822,0.00033621873030022275,3.919216761280924e-05
190,1,0.0042469358945902294,0.28413767604123186,12291.698773236667,1.0,4.5178591766906255e-07,2.75e-06,0.057044513573243895,0.03206469630989153,0.008705111395996811,0.00047232681833700506,0.00015827785145921454
190,2,0.0007829757107284832,0.16494595705545365,12388.453995209822,1.0,4.7310806747680385e-07,2.75e-06,0.023646670212157966,0.016418437754494947,0.009742002476881248,0.00015378559864729176,8.596972881158922e-05
190,3,0.0006602381907011025,0.07677717677868075,18804.62514400344,1.0,4.6115372116148945e-07,2.75e-06,0.02104202746784899,0.012045367365434772,0.0059724763259028256,0.0001618327527404169,4.1575950454447514e-05
190,4,0.0020757394193898124,0.2958061780704934,9826.201467901199,2.0,4.715237986137128e-07,2.75e-06,0.043079292498421885,0.05193739114251366,0.025126507756977057,0.0002479829399228882,0.0004697307238410054
191,0,8.404205695370868e-06,0.0427625538498867,6996.081155247678,3.0,4.6721817276371197e-07,2.75e-06,0.021247158835287733,0.01698304506225319,0.000502372130171311,0.0001398893994774819,1.6493420053616086e-05
191,1,8.156257647538897e-05,0.03733718274798535,6428.671813904434,1.0,4.840522320139244e-07,2.75e-06,0.051991054645129986,0.012723350000192675,0.005726016439664502,0.0005124591658675247,6.385653716220082e-05
191,2,8.570183672066754e-05,0.018391614830243208,5609.337051724096,3.0,4.717320868131959e-07,2.75e-06,0.04349856268517278,0.05898969305464293,0.0148041498002359,0.0001826353723589003,0.00023066334656696936
191,3,2.411933889200767e-05,0.12239363682088639,8468.022649557843,3.0,4.5609813279870634e-07,2.75e-06,0.020973953169170056,0.006381624311991828,0.0005360392100042022,0.00022736383655639248,2.4789099441900575e-05
191,4,0.0017773809812330578,0.25729442362519284,21491.201933038305,3.0,4.591736878958586e-07,2.75e-06,0.039586206228932705,0.03125632922836642,0.013517830642006913,0.0002441754598177773,0.0001379210283059803
192,0,3.5963274588040735e-05,0.12797249339521544,23434.81871284312,1.0,4.769195621715606e-07,2.75e-06,0.044312915223629824,0.0061426204633026026,0.0004961019379837176,0.00025192160780590777,3.2229374117444997e-05
192,1,3.354886451232922e-05,0.039749753135678446,5041.070511916138,1.0,4.5520157525222105e-07,2.75e-06,0.029777874762236377,0.009653837193381257,0.0005344313851220819,0.00041576549453580317,2.061292408960675e-05
192,2,0.0001367156770994384,0.04555163814910749,6769.697824414239,2.0,4.4676888258839206e-07,2.75e-06,0.0510216274282842,0.022787402788106714,0.014070836987647604,0.0005135181688830228,0.00015758318927232095
192,3,0.00026390533775563774,0.2236308315399504,20205.282129812855,3.0,4.5667695304437314e-07,2.75e-06,0.021761060006706533,0.009758336313715575,0.008335379915525232,0.00018794861900639777,5.825169673337807e-05
192,4,0.0005737975386948551,0.09761762763991354,8988.96988256742,3.0,4.6405688202701236e-07,2.75e-06,0.03937959128686578,0.03604668945008546,0.02534185020991815,0.0001802588279621041,0.0002862657735105637
193,0,0.0012520767757957683,0.12044748594964204,4094.937340710645,3.0,4.552883926346691e-07,2.75e-06,0.17246921198674403,0.12871741085157432,0.06775438053522582,0.0005105280348469853,0.001713632580109076
193,1,0.0004585624079672582,0.1987553994447081,23380.096672486194,1.0,4.5893181424690487e-07,2.75e-06,0.020246833893394777,0.007179804587701309,0.004706612322060916,0.0002174883390920167,3.362057551312925e-05
193,2,7.158239386852503e-05,0.26270580015776523,9527.323412790312,2.0,4.6105108952752804e-07,2.75e-06,0.02097026079536197,0.005590428015832524,0.0008152762057038634,0.0002523905860122491,3.0113535573528385e-05
193,3,6.248880627863053e-06,0.18943097686680574,4364.9103053114795,3.0,4.667179681047296e-07,2.75e-06,0.020958477694899978,0.006578346265481034,0.00046183181621405907,0.00018019406466575954,1.886057955223086e-05
193,4,0.0001699922789943411,0.27549512199896325,6147.236295545666,2.0,4.6619141652460067e-07,2.75e-06,0.028677119069183996,0.01524350847919378,0.015722613353644315,0.00016404474951771508,0.00018887522386116075
194,0,0.0009024610878708924,0.2036452342437834,19018.467936795194,1.0,4.854700675477628e-07,2.75e-06,0.077558697014682,0.012230120074557482,0.0067032681116274044,0.0008241027248634532,4.7215532648814806e-05
194,1,0.00023223804615406409,0.10702300050961858,17118.12580860827,3.0,4.782095798489092e-07,2.75e-06,0.03798916583290962,0.011736223978815921,0.009672601526504737,0.00029069058315398904,7.147514588078799e-05
194,2,1.206822680508064e-05,0.019104332978608883,3007.798081992184,1.0,4.5771927397402273e-07,2.75e-06,0.042514422580249324,0.031375381392121836,0.0005855239043707395,0.0002989151954195985,5.2283348537112305e-05
194,3,5.388740406959849e-05,0.2612647342564972,20273.305993314018,3.0,4.801621936478874e-07,2.75e-06,0.06632728854798557,0.006018161526765504,0.0005021612870755256,0.0005339871324859872,3.1647583113974583e-05
194,4,6.450292825269098e-06,0.1792161693643188,21828.799007185196,2.0,4.5690323659280274e-07,2.75e-06,0.020898544515429506,0.0060463180431483445,0.0005088144736742729,0.00022197950020773244,3.195876653338984e-05
195,0,0.00042824584798549525,0.18565585905078932,7462.654010082401,2.0,4.476347018199714e-07,2.75e-06,0.05651983003017951,0.022683803418028104,0.019019876627906055,0.0005891732004683366,0.00023700321458119651
195,1,3.346844494287335e-05,0.003078866488638065,9061.197557335503,1.0,4.5308566247549166e-07,2.75e-06,0.06712861065947646,0.056905167674785505,0.0006435916125115888,0.00027227113736701895,4.560710458173739e-05
195,2,0.00012362751751464503,0.02386938453392401,21049.35738663755,3.0,4.5519673397914675e-07,2.75e-06,0.028948460691812405,0.015327820625251539,0.005901391965132317,0.0003186957589881154,4.407232655282592e-05
195,3,0.00016327920728136133,0.026175344143783363,12290.73052580371,1.0,4.615457284709717e-07,2.75e-06,0.020523322904193193,0.012729411985693407,0.006597417921730051,0.00016915191096959087,5.039714016818764e-05
195,4,3.543013323909052e-05,0.18648577348789636,16369.953408861478,2.0,4.582736043808018e-07,2.75e-06,0.028587551840791526,0.005919638967705321,0.0004901684942171355,0.00013637772661933146,3.147992429361564e-05
196,0,0.0002939098356338891,0.015905969655894803,6119.2103646830465,1.0,4.811180724620076e-07,2.75e-06,0.02546502548666528,0.040573432258610174,0.015009620967664174,0.00043186820562705983,0.00022561189920472939
196,1,9.164378293635587e-06,0.2923988856156245,10051.662991249099,3.0,4.6699882976007705e-07,2.75e-06,0.03728297272154284,0.005870253463946761,0.0005145820381358002,0.00018648682521365365,2.9985611075209468e-05
196,2,0.00044022888868435584,0.2911790014626316,12469.28591550069,2.0,4.5716519046289713e-07,2.75e-06,0.030424080436476108,0.013287609823733712,0.010955423887551474,0.0003600021649556795,9.811474481055529e-05
196,3,1.0154401287940392e-05,0.05394962366990128,9691.634685339734,3.0,4.660841807538821e-07,2.75e-06,0.02086159090847126,0.009998193055432354,0.00044763049163208934,0.00013962247027586081,1.963083645158559e-05
196,4,0.00022861427788172322,0.2700100823525752,10283.311069963866,1.0,4.6269527297643564e-07,2.75e-06,0.02143720563199043,0.01016872324470695,0.00888600098990167,0.00016080649562525814,7.637943570370033e-05
197,0,0.00016374361951812863,0.293878544487479,19681.230207906316,3.0,4.6856436015347787e-07,2.75e-06,0.027302478735655406,0.008489281883540993,0.006572730333645537,0.00014460895828855965,4.837274667945393e-05
197,1,2.5616378070012014e-05,0.15452995334004863,2298.914198925586,3.0,4.659032656263836e-07,2.75e-06,0.02448361861117482,0.012574693484875006,0.0005952525404089233,0.0002655483931696867,3.2367129375773065e-05
197,2,0.00023856166638425565,0.031517918590947255,18575.485893556084,2.0,4.837543353378827e-07,2.75e-06,0.04807824683859055,0.01369930885258605,0.006356342515621033,0.00047464559704429925,4.639706583093024e-05
197,3,4.360765401207304e-05,0.25362785946353783,19991.86218289198,3.0,4.6922312156137353e-07,2.75e-06,0.03764814266021217,0.006030027327592357,0.0004925351710481574,0.00018618122420441678,3.164532621655888e-05
197,4,6.90704925069972e-05,0.14988328580134794,13046.004612923698,1.0,4.63712463447772e-07,2.75e-06,0.024968395031790745,0.005768309210639478,0.0006284907692616943,0.00014111258193269896,3.1441904370284606e-05
198,0,0.00020181329732804122,0.0933054923014096,3389.490463295322,2.0,4.656419084456715e-07,2.75e-06,0.044061105436297904,0.03796861256962389,0.03329043676082639,0.0002211644301293136,0.0005394736362421974
198,1,1.5777614426863015e-06,0.1811446170544862,20592.168184538627,3.0,4.4934069480336417e-07,2.75e-06,0.026221670320277366,0.005863436332204605,0.0005081145738823604,0.00045322068659748205,3.15003592276347e-05
198,2,4.694591278189697e-05,0.03407637361215394,4450.811853286328,1.0,4.625959955797934e-07,2.75e-06,0.02223149677556856,0.013538606890122361,0.0015656242070791187,0.0002239674358353257,3.224165368458026e-05
198,3,6.132811076408109e-05,0.23719482673925327,18657.54909349806,2.0,4.617059169311269e-07,2.75e-06,0.022797375887134486,0.006001202706339011,0.0005450963812222238,0.00016137916127783716,3.1762360723723825e-05
198,4,0.00036281308583397195,0.11796984995204804,15074.745345332509,3.0,4.503421843082906e-07,2.75e-06,0.03396534176405091,0.015137152389229176,0.012199961970318732,0.00037376067185285015,9.438933775539836e-05
199,0,0.0005270405075758152,0.14015270511534872,14531.390529528931,3.0,4.6161502476240814e-07,2.75e-06,0.027275220127505478,0.018945155067692076,0.0147926032002121,0.0001519791654324194,0.00011678781899236488
199,1,4.3559970809333165e-05,0.17449776724386803,5962.5683017753145,3.0,4.799325286137225e-07,2.75e-06,0.04973975446778053,0.006057699547497085,0.0005451312615466869,0.000366073608941774,2.262104891479595e-05
199,2,6.029297367594353e-05,0.19127442080701368,3826.8066646604366,3.0,4.654595200363778e-07,2.75e-06,0.022682355821276368,0.007264211208636159,0.0012173593379535656,0.00030532517551690793,2.734784934730033e-05
199,3,9.780827711081523e-05,0.09306609239225903,8194.955219586944,3.0,4.875261272513236e-07,2.75e-06,0.05678447433079947,0.01234329642815496,0.007323573770021536,0.0005685917245257741,8.336077315190025e-05
199,4,4.0697830991720226e-05,0.18792474044194668,5924.84269645671,1.0,4.5006039680179864e-07,2.75e-06,0.022266171970545742,0.0057159564835607595,0.0004979850010505697,0.0003381603489747954,2.9601087303178426e-05
200,0,1.1344667524976655e-05,0.230242205966161,2065.7936086616837,2.0,4.82700260826281e-07,2.75e-06,0.045441507334666696,0.006834792910924547,0.0004879185979037917,0.0003274761814726166,1.6422732626511652e-05
200,1,4.9282287276198943e-05,0.296808253420628,23235.1342533277,2.0,4.558786907072407e-07,2.75e-06,0.025093306837398546,0.006273769821367115,0.00049340388571213,0.0004351627416166761,3.217566484332077e-05
200,2,0.00011161370942957032,0.2630501259394619,15302.640872423442,3.0,4.768693438033063e-07,2.75e-06,0.03542678959874847,0.006184351602220442,0.0033784008218593294,0.00019151722086149206,3.563408887938765e-05
200,3,0.005988832687870592,0.03263023218465628,24219.0255478287,2.0,4.745147680912318e-07,2.75e-06,0.022562699211870308,0.038978441874446955,0.009024556614632235,0.0003356229506467122,0.0001521174369576185
200,4,1.4361220615881353e-05,0.05730674259768634,11638.101090094302,2.0,4.7230798174806467e-07,2.75e-06,0.04162597271866127,0.006890426234796521,0.0004964231591158322,0.0002804659719818367,2.6509496684479803e-05
201,0,0.00016082959238814762,0.18431781858698287,20622.911478003025,2.0,4.600377164475844e-07,2.75e-06,0.021267462539789245,0.007131645356063854,0.004846130935335758,0.0002712200165197712,3.726344540222519e-05
201,1,0.00018208345336431732,0.211252761323783,4222.688840019462,1.0,4.563907900396205e-07,2.75e-06,0.033045900020992586,0.017359931998787992,0.018266486596184753,0.0003269193329739125,0.0002470803534957209
201,2,9.277786887734069e-05,0.25190119335829964,11296.226453118587,3.0,4.826671412843155e-07,2.75e-06,0.07574346276603518,0.005565498422002622,0.0021476173988754167,0.0006875138714724617,3.20367876002104e-05
201,3,0.0003491689181123274,0.28223100604713797,9057.657954790426,2.0,4.6215598643030973e-07,2.75e-06,0.028306402981814912,0.014976400755833603,0.013990023015593184,0.0002634827956928505,0.00013735638094948094
201,4,0.0004079656880354498,0.21282192262377334,19919.305188523835,1.0,4.856584160897972e-07,2.75e-06,0.06138544711911542,0.00761967268310178,0.005381414599876425,0.0005333197577001161,3.800299684532177e-05
202,0,3.316050545468947e-05,0.2942083458438647,24837.559432562255,3.0,4.5667581239978725e-07,2.75e-06,0.02087554782311651,0.006224827114725635,0.0005074547268214412,0.00023921291900949777,3.2061027195836807e-05
202,1,1.8111112442246784e-05,0.07055923153551072,24794.001584479825,2.0,4.6109299023870146e-07,2.75e-06,0.020964103166219644,0.005657642334341468,0.0005000448230881202,0.00022327952147967436,3.1327189814691193e-05
202,2,0.00018872129121296703,0.16678508153741087,6454.708959436064,3.0,4.6162382752474547e-07,2.75e-06,0.03470116222813258,0.023020281164692204,0.024063139801036817,0.00020186650040205506,0.00029125872167621686
202,3,0.001130331222702741,0.1286081031205528,14115.678336825482,2.0,4.5421463219147467e-07,2.75e-06,0.04679500092677422,0.025235083587450774,0.013218076569378205,0.00042828986170471116,0.00015682945723154902
202,4,0.0002988134114912974,0.22594766681548709,17803.807149912336,2.0,4.70291780988666e-07,2.75e-06,0.026199435281591372,0.008816167589767455,0.006923328030146211,0.0001437133260199468,5.05557237269247e-05
203,0,5.915036962771787e-05,0.13618206494830387,16382.986384365617,2.0,4.6825223804449606e-07,2.75e-06,0.03382723749830654,0.005578661708190716,0.0005993773899429451,0.0001638476120915435,3.093232115104502e-05
203,1,0.00033784181627857687,0.2682928340053782,14218.723745161686,1.0,4.6173645541629394e-07,2.75e-06,0.020266825437173376,0.009001275137232275,0.0072967223759619155,0.00017987742585850197,5.505887163807047e-05
203,2,0.001887300515448809,0.0760052918251092,2910.780064724122,1.0,4.566152324072595e-07,2.75e-06,0.14560205288689063,0.11456679481665304,0.03949542800508556,0.000431280444139635,0.0014696519697589966
203,3,0.00035579964926970404,0.27180231506733515,16383.371627189277,3.0,4.709855136328332e-07,2.75e-06,0.031403246949091884,0.011842079453414369,0.010814115450843589,0.00019245238249424395,8.123621368714462e-05
203,4,0.00044574742026650435,0.03197921253823106,3032.1665302804286,3.0,4.6846437331816197e-07,2.75e-06,0.14620210481379511,0.13481142071618085,0.0722719274889957,0.00027577300486363574,0.0015145617780010015
204,0,7.648748656200857e-05,0.20060412891545393,24980.558300231696,3.0,4.706570621346188e-07,2.75e-06,0.037291088113825484,0.005736299900882288,0.0006427687510203425,0.00018738046665670464,3.1618406832544617e-05
204,1,1.0184093096318114e-05,0.15054851550265283,2219.9104614000375,3.0,4.6705531904889573e-07,2.75e-06,0.027518733483837737,0.013083524349679826,0.0007862055144579063,0.00033158214186141516,3.3685391867329113e-05
204,2,0.0009125015649144188,0.006620757963001477,23627.60382896433,1.0,4.570814197004248e-07,2.75e-06,0.030568225130456084,0.02140526288784132,0.0022186123039629343,0.0002719149327241614,2.6755226869965926e-05
204,3,9.815834108587315e-05,0.01672066727724353,16992.675024866316,3.0,4.7558958115376554e-07,2.75e-06,0.024245846899688703,0.022876629215241032,0.00630277995570078,0.00025527399400158117,4.986374283926523e-05
204,4,0.0001929181435910628,0.16233638646798837,3617.9968907198645,3.0,4.751712200785943e-07,2.75e-06,0.048126253691642196,0.03884614011502149,0.04184657827249797,0.00020885724205181957,0.0006665720400593163
205,0,0.00011131702112202358,0.2981036392260529,20870.260552743854,1.0,4.696430606081834e-07,2.75e-06,0.03387538200142307,0.005945703146421177,0.001092062977074013,0.0001600641752566358,3.199479933568101e-05
205,1,0.00018584096564836265,0.0942494649062546,11229.899713756642,2.0,4.815698508099029e-07,2.75e-06,0.04702826365085061,0.012243591616381591,0.009708442688260828,0.00042752098794599934,8.436283103835036e-05
205,2,0.0001569937113621871,0.07981706454410042,2503.1845613218784,1.0,4.5817445632133216e-07,2.75e-06,0.0543410825936809,0.03222124846582621,0.028848730206298048,0.00042267000682741216,0.0004874164606213866
205,3,1.2293813424620027e-05,0.06794977167853498,19688.779571439205,3.0,4.6569679853716545e-07,2.75e-06,0.029406111729260692,0.00606538090213888,0.0005168313152011791,0.00014668430921259716,2.9323666932501914e-05
205,4,6.232453028885683e-05,0.24744206981417222,14622.279899537509,3.0,4.598440708099766e-07,2.75e-06,0.024438952092505125,0.005754078829306536,0.0005791920436600867,0.00014307428927570306,3.077554655184065e-05
206,0,4.302727760962967e-05,0.014717894064544698,15379.27886030855,3.0,4.4013838221163216e-07,2.75e-06,0.06616411549591768,0.023711832322320072,0.0009468471463921564,0.0006933870087219301,1.9310172400262435e-05
206,1,0.0005162039552047344,0.07746581262449423,23525.754225970468,1.0,4.6617322475884474e-07,2.75e-06,0.025553265591491754,0.008763823533315153,0.004711297143249745,0.00014452042516426697,3.250025858867134e-05
206,2,0.0028800808225840696,0.07449094129783664,18355.44855125981,3.0,4.736426950316642e-07,2.75e-06,0.03609349155892923,0.058305146821982984,0.017669414013767874,0.0003193676820380698,0.0002520666874566413
206,3,6.649331636469136e-05,0.01918789941389031,16839.267921125844,3.0,4.669822398841613e-07,2.75e-06,0.020840873490097778,0.018263606736697885,0.002724549536156907,0.00014610524349074308,2.8760937097581857e-05
206,4,6.630893882953473e-05,0.27025392556682276,15780.960739301845,1.0,4.671094994672745e-07,2.75e-06,0.03785297253158797,0.006213641936683445,0.00053926148514239,0.00018566394485344923,3.2076380048267666e-05
207,0,3.2014275913296667e-06,0.1351942852567603,10323.394930143844,3.0,4.6507202840165785e-07,2.75e-06,0.021923610661328825,0.005885372657729017,0.0005235231584375002,0.0001576270401529044,2.7656251856647948e-05
207,1,0.0005494375349593076,0.008842308669217102,4264.6659711289185,1.0,4.537860003580436e-07,2.75e-06,0.11266988519930592,0.0916581423622994,0.017752230248610324,0.0003537381544575931,0.0005352632413184079
207,2,1.5620670113481374e-05,0.18920500510539592,6533.204674860458,2.0,4.679075550570856e-07,2.75e-06,0.021953994585480252,0.005646783494497764,0.0004928333200404144,0.00016312056729674465,2.755567358606522e-05
207,3,0.00011967068302428744,0.19979641228109443,23777.57704146744,3.0,4.761371438920212e-07,2.75e-06,0.04903532074259174,0.006105694173378296,0.0032499399297446687,0.00034560367400372554,3.217237421727503e-05
207,4,6.334128385353153e-05,0.0554289277775533,3944.625304638012,3.0,4.451384895452409e-07,2.75e-06,0.06047097378386527,0.025947441202716828,0.0050689170108954235,0.000590337969478333,9.662226100620636e-05
208,0,0.00011759298293036165,0.021546085069915854,24087.710021361185,3.0,4.633333935358025e-07,2.75e-06,0.020171052514537754,0.014484546265911669,0.005064364364668496,0.0001378441956564193,3.772292046558931e-05
208,1,3.752048761716935e-05,0.17775807486430623,20393.83587390028,1.0,4.4801919312139093e-07,2.75e-06,0.023621260315083048,0.006235206275318833,0.0004965224082586411,0.00039536318576317424,3.223800305241938e-05
208,2,2.149060184326109e-05,0.1312798657396538,24143.273943380183,3.0,4.4684021269712513e-07,2.75e-06,0.026803593306819713,0.005755833384137793,0.0005141929357395928,0.0004619681188542048,3.141821107612269e-05
208,3,3.798831368194948e-05,0.29279309887379346,9818.15636781836,3.0,4.7530718952077556e-07,2.75e-06,0.04578270447444526,0.005824139250636094,0.0004966793140781558,0.00027605230323077577,2.978445819710973e-05
208,4,0.00043878726394051766,0.2514614373851725,9727.845653105695,3.0,4.782040457520242e-07,2.75e-06,0.03446042909479728,0.020039013697343067,0.019364257005966164,0.00019271651004117057,0.00018662177374705022
209,0,5.107837242547356e-05,0.2466255501153671,16416.292730891517,3.0,4.7350935844740906e-07,2.75e-06,0.049993021183571074,0.005875909236256682,0.000513622900129471,0.0003260360438598879,3.117251495011056e-05
209,1,5.616048491139653e-05,0.10912051000237707,11791.682184090794,1.0,4.501293516474319e-07,2.75e-06,0.028582930733881073,0.005639928325479597,0.0005935616459033626,0.0004924356041238772,3.0990766936361315e-05
209,2,0.00014626196023633705,0.1099562925165309,19152.493994000786,3.0,4.578251485437015e-07,2.75e-06,0.021006412393293233,0.009138924240015623,0.006945754676643681,0.00018814966674788846,5.20681328414175e-05
209,3,2.7887612143775355e-05,0.0849156948463179,4402.619239774907,2.0,4.933766191594835e-07,2.75e-06,0.0721771677708146,0.009472743025807874,0.0004295081341338372,0.0007287349850207971,1.702124843263702e-05
209,4,0.00041901303004401386,0.15223286067522357,16604.2528798569,3.0,4.552233720543454e-07,2.75e-06,0.03110578973133794,0.014071884500012349,0.011625263269571673,0.0003471251329956049,8.4840672737187e-05
210,0,6.387513813549254e-05,0.23591794271139746,13600.761318430381,2.0,4.589993436894546e-07,2.75e-06,0.02573734581495012,0.005798083990699113,0.0005849245793968793,0.00013762004152733395,3.114246491393438e-05
210,1,4.6485992271425785e-05,0.10385668561210469,9026.341152960757,2.0,4.6163184537812007e-07,2.75e-06,0.021481778816040967,0.005924175067793671,0.0005647745511058185,0.00016302861327892218,2.711441575810784e-05
210,2,5.3759215323151566e-05,0.06101538342857927,20354.50817480756,2.0,4.5900000456720617e-07,2.75e-06,0.024066827146021975,0.005669117722120937,0.0006179772144691746,0.00013902879454221238,3.0252202806927333e-05
210,3,5.090694624116225e-06,0.10627854003882065,19078.016722027456,1.0,4.501346361103911e-07,2.75e-06,0.024496733342357885,0.005999511840024151,0.0005129267537345581,0.0004154217593214705,3.203465510666429e-05
210,4,0.0001351151657735422,0.30087913380238435,14421.482105987927,3.0,4.569498384115379e-07,2.75e-06,0.021284898050537557,0.008367426094890206,0.00644594950452855,0.00023848719206443088,5.5723393564127524e-05
211,0,0.00028541459683562525,0.29189769107564423,2745.2293941175517,1.0,4.741772400416531e-07,2.75e-06,0.037733923622074804,0.030438542056596216,0.03558591247660827,0.00023598151524424648,0.0006121731915831813
211,1,0.00011304750440622494,0.09167082591330668,24305.998350687067,2.0,4.4721378854826846e-07,2.75e-06,0.026846336119065842,0.006040654581732127,0.003053492780317557,0.0004306394439553391,3.137066474675242e-05
211,2,0.0006418126575420987,0.09212333306130478,11306.692113105571,3.0,4.585677392810293e-07,2.75e-06,0.041766888441612304,0.031122224294072572,0.019536967830605906,0.0002607152512862887,0.00020631663965763785
211,3,9.333614457780977e-06,0.1773466112145333,8571.342892141296,2.0,4.637563154568572e-07,2.75e-06,0.031579798716930514,0.005658369912593134,0.0005017047744860777,0.0001506820029712813,2.9174631488317115e-05
211,4,2.1202773093623815e-05,0.27487743953039395,4941.126861620567,2.0,4.7259641010491814e-07,2.75e-06,0.03134461230286317,0.0056784831658191785,0.0004942755039670141,0.00014889631477160332,2.667612656689489e-05
212,0,0.00014106073700083778,0.01630907705941189,2230.169521238648,2.0,4.6321943325886814e-07,2.75e-06,0.14174820934313345,0.13249332574567177,0.04279074659875757,0.0002539421780893061,0.00107273357020188
212,1,0.00041794977374870533,0.23814462951580143,3140.9249068739036,3.0,4.7104132645400665e-07,2.75e-06,0.06750199751468289,0.056481784155386315,0.062025670678723895,0.0002473424011120397,0.0010514520480409929
212,2,0.00027560201404552663,0.1827006909335799,21534.720901412893,3.0,4.7580157618813656e-07,2.75e-06,0.04905482867836092,0.009709718803628508,0.008135859058318566,0.0004069712763280237,5.528851154710951e-05
212,3,0.0003927282378962123,0.05590899274877246,12338.412374431633,2.0,4.6734740526017916e-07,2.75e-06,0.031792975634765526,0.01933413071846848,0.011051135032895695,0.00031307283140703915,0.00011061099641269321
212,4,8.673321479503739e-05,0.14222482729175437,17964.562116818477,1.0,4.572641371977673e-07,2.75e-06,0.023233876134236043,0.005726196303180519,0.000949667545908443,0.00015296270283368505,3.16945863393432e-05
213,0,0.0001224176289641137,0.22973456459317898,18600.276098786188,3.0,4.701502750782136e-07,2.75e-06,0.032173370264342326,0.006646872017558882,0.004101471312572473,0.0001685194414028121,3.689186047054977e-05
213,1,0.0005090432045005238,0.027692396826277308,7008.834854218851,3.0,4.727795180843972e-07,2.75e-06,0.05283143584853114,0.07121546569632103,0.031380773990244915,0.00030034702395980567,0.0004994916356079624
213,2,0.00039260267136871115,0.1302886174212378,17288.918995065575,3.0,4.79060466560889e-07,2.75e-06,0.043489340394651584,0.013695181228996023,0.011050667873841222,0.0003908357023608409,7.896961072908191e-05
213,3,0.0005573885764480351,0.2094503967439156,8946.844483656783,3.0,4.6560098506398483e-07,2.75e-06,0.034332129824853695,0.02673288957031834,0.023076654279038242,0.00016547813187793993,0.0002449591289207029
213,4,5.651148567900611e-05,0.1772803518284628,16134.850340362358,3.0,4.7503777758113023e-07,2.75e-06,0.05319136119773433,0.00563042764253461,0.00054675273353611,0.00037598604246762043,3.056898235180766e-05
214,0,8.106432893543599e-05,0.27392224004282784,11317.845975107188,3.0,4.6054587819124803e-07,2.75e-06,0.021026877665808585,0.005505285215648825,0.0010944972613627642,0.0002722636112554802,2.9847386702860614e-05
214,1,0.0036205657689394005,0.2555288255594855,5847.896193578108,1.0,4.659490407474719e-07,2.75e-06,0.07123951004733636,0.06474133439661733,0.019766674681866023,0.00028767413456764324,0.0006068966565967445
214,2,4.5641045371316844e-05,0.06868706493785039,11604.958014887354,1.0,4.754595759910788e-07,2.75e-06,0.04956860176449351,0.0056058400831204116,0.0005665399955653718,0.00034038678417185124,3.0221527285909357e-05
214,3,0.000125474800761951,0.194801332671951,19866.509002144907,3.0,4.5194047109555805e-07,2.75e-06,0.019935880592415054,0.006968721954481766,0.004570150690975944,0.00020759009413955882,3.861758301875573e-05
214,4,3.18632342943843e-05,0.03758317169935262,9506.630793376811,3.0,4.649152779400141e-07,2.75e-06,0.020884842666974917,0.014828843819148124,0.0004334198627883624,0.00015449268494105095,1.60500733311202e-05
215,0,9.466651478188042e-05,0.05559666637259729,6809.055944593811,3.0,4.5347471265422293e-07,2.75e-06,0.029796639371500056,0.021285295227713875,0.010369418892243009,0.00024630508492344945,0.0001270415684403715
215,1,0.0003794980065858396,0.12532894209832884,5927.180607096549,2.0,4.491585012811997e-07,2.75e-06,0.04598240782138751,0.02887185265914914,0.02315032166637983,0.00036148240138864866,0.00033412019032682557
215,2,0.00040723360493867127,0.23781837946323311,3423.2169611379695,3.0,4.6287647776608005e-07,2.75e-06,0.06393118221618325,0.05202348857211963,0.05614092997834019,0.0002319933646383259,0.0009304177795296118
215,3,8.640399010875921e-05,0.057556273270600554,10112.32402683542,2.0,4.7505090854538315e-07,2.75e-06,0.04188080269453744,0.010367023459601185,0.004975132366910042,0.0003448076056366198,5.1312742925215534e-05
215,4,0.00018944081971570656,0.06541513980060679,11190.121068619137,2.0,4.719106100514281e-07,2.75e-06,0.0261995451291208,0.014227168954828992,0.01006695149422217,0.0001708911239400721,8.640516388078267e-05
216,0,2.1282779317000296e-05,0.07349856571992476,23722.794200290595,3.0,4.708017911816336e-07,2.75e-06,0.025840749633009103,0.005752526081943064,0.0005040897639114282,0.00013533924663818045,3.046300446344242e-05
216,1,0.00020300268656714285,0.2622377201085663,13751.621757387595,2.0,4.603185427846963e-07,2.75e-06,0.021295804934970474,0.009480019989028476,0.00804224960858658,0.00018539208128618185,6.513560832513448e-05
216,2,0.00013333217792009278,0.1817989870803239,18659.02789111485,3.0,4.589068194041045e-07,2.75e-06,0.020344123793909877,0.0077556933670727,0.0055959725122387794,0.00018527291394812226,4.4718270051383756e-05
216,3,5.615568557815422e-05,0.1804186337543301,6576.381534764813,1.0,4.69345171744453e-07,2.75e-06,0.030111257582599162,0.00564765155260686,0.0005916486932190972,0.0001425928732266003,2.9814542508432186e-05
216,4,3.7742412290070545e-05,0.06923241978645116,20568.2050164481,2.0,4.680605165569049e-07,2.75e-06,0.031091865877207515,0.005660288062963495,0.00048303733666707347,0.00015182554553185406,3.067403728574267e-05
217,0,0.00012336061502017748,0.08249859999642345,15975.40003949684,2.0,4.628466264745701e-07,2.75e-06,0.020325871814133277,0.008058662949070832,0.00529171709337723,0.00016479792739358817,4.369768985674716e-05
217,1,1.0122884118221363e-05,0.2006589751066477,19422.988321014516,1.0,4.773221374479803e-07,2.75e-06,0.07044378029504202,0.006292506569322425,0.0005091650947195086,0.0005825226319707547,3.227758947020026e-05
217,2,0.0003001316096787335,0.08854792535012122,2346.1438184613808,3.0,4.5903768756936844e-07,2.75e-06,0.12669953579895718,0.08651847068273254,0.08084661960387797,0.000497689025330715,0.0015433274998369478
217,3,4.822808252399743e-06,0.11252533952507333,18993.12945143843,1.0,4.729920927244307e-07,2.75e-06,0.04422902633583036,0.006027754313912692,0.0005124959867703083,0.00025350751779269325,3.205666195761179e-05
217,4,0.00023032068871832806,0.24339485632040736,12086.906149533428,2.0,4.5541873207375777e-07,2.75e-06,0.02224030722780489,0.010628754405985666,0.009481479965641994,0.00019567354465310064,8.165694096879806e-05
218,0,2.5555604992638183e-05,0.19742327396825507,20346.356496165547,1.0,4.6062752607763146e-07,2.75e-06,0.020931324207792937,0.0062909003896205,0.0005053491179986413,0.00023529935382179826,3.2291315235331545e-05
218,1,3.74894950296347e-05,0.06052254680850123,22945.007682776413,2.0,4.698889387144385e-07,2.75e-06,0.04112195225248281,0.005660715669486876,0.0004854332955271589,0.0002403477101860979,3.080495067361098e-05
218,2,0.0008431695208953608,0.12964116704621448,20681.307052628825,2.0,4.6058960464760467e-07,2.75e-06,0.02252543534291858,0.014928965425936738,0.008819158922468949,0.0001819105038305259,6.959386912271674e-05
218,3,4.5193280685691845e-05,0.2958281872007394,2519.385921260745,2.0,4.586527784700822e-07,2.75e-06,0.022259710917525367,0.00570086100893851,0.0006452671427405251,0.00032213439711901797,2.1240745202019975e-05
218,4,7.379531578994543e-05,0.08160605294298748,17376.71872029699,2.0,4.6946100793858553e-07,2.75e-06,0.03929651746629172,0.005569900446998878,0.0014343404070656703,0.00023049663254309482,2.9969890596784888e-05
219,0,4.244103775064155e-05,0.27451890513183363,18126.445510493795,2.0,4.572294170429842e-07,2.75e-06,0.02197910226717079,0.006176305646287066,0.0004888104412656256,0.00017613784828458592,3.1909745391572835e-05
219,1,0.0005438067354100009,0.25129863033864996,7809.910440643506,3.0,4.591564417246391e-07,2.75e-06,0.04260830678509888,0.02843060980877839,0.026094931785213077,0.0002825945798743399,0.00029775506982230123
219,2,0.00016290273386323286,0.07433538371287988,2680.855433027868,3.0,4.604282595496185e-07,2.75e-06,0.08755142003859852,0.0637426412056427,0.0558870991302555,0.0003783699087826275,0.0009687537022110522
219,3,0.00013952209853494547,0.15138776906786633,8537.825679314803,2.0,4.6362070004278783e-07,2.75e-06,0.022761572923488505,0.01182461226085712,0.010472671711839764,0.00018169601690829642,0.00010600361389961079
219,4,1.718787669664567e-05,0.07602386131121237,24119.74186493919,2.0,4.738127817355343e-07,2.75e-06,0.04340288368849807,0.005681409548708158,0.0004977187480299769,0.00025712914291077765,3.1389382003922344e-05
220,0,1.3717094360298418e-05,0.19330309267445814,7307.0277575407,3.0,4.5117686483034486e-07,2.75e-06,0.02797289410443755,0.005798182271806222,0.0005310805538015429,0.00046359454271274183,2.6115244623859824e-05
220,1,3.555026523802546e-05,0.239407469670609,11341.376021399059,2.0,4.6490762217697176e-07,2.75e-06,0.035258424010022056,0.005901869527040461,0.0004866306610648691,0.0001686807623381934,3.089398438115981e-05
220,2,7.355982845461603e-05,0.16074284328737956,6640.738725726203,2.0,4.540747314993474e-07,2.75e-06,0.02181345858259422,0.00588568190078656,0.0019403971660828436,0.0003010066821781529,3.2980436812525664e-05
220,3,1.2284656981874312e-05,0.06746775860567027,10053.135479280303,3.0,4.67695867585648e-07,2.75e-06,0.0338549000891434,0.008179327050148328,0.0005818821833905461,0.00021451199796232825,2.2165550208870007e-05
220,4,0.00029752802606371784,0.23851356152868428,3297.3463375765996,2.0,4.683201999410669e-07,2.75e-06,0.04427574114995697,0.03546584758767799,0.03720856413696668,0.00023379978704125208,0.000622144137500314
221,0,0.00021911381606022845,0.02016798798720575,10822.237830704027,3.0,4.650876436394039e-07,2.75e-06,0.03769083228964452,0.038685690227525014,0.01541409191103746,0.0001692746938430068,0.00016073251729106094
221,1,2.8957759014299624e-05,0.04275174912126203,8976.281883366442,2.0,4.5412970265706144e-07,2.75e-06,0.026462575056635258,0.010012871635408748,0.00039326635607413353,0.00035247872153415033,2.083658434862132e-05
221,2,8.158631622211951e-05,0.009149639309630562,15542.252357941836,3.0,4.6525760515075807e-07,2.75e-06,0.033131706963191565,0.03975738977575791,0.00506789429959354,0.00014076471670933197,5.301163683365499e-05
221,3,3.892192054468843e-06,0.2670467589390012,23585.333958880903,3.0,4.6829770008746494e-07,2.75e-06,0.0471105413586829,0.0061603063686859446,0.000507098785307051,0.00028432652674270105,3.197756060912426e-05
221,4,0.00048198872035316994,0.2133706139991862,20087.023324488724,2.0,4.6163095330956693e-07,2.75e-06,0.023986195510480934,0.010286054270718506,0.007470027131703627,0.00014060862850734252,5.300626837285429e-05
222,0,0.0019013277016094313,0.25170225647791,17036.60096197261,3.0,4.6716953144696887e-07,2.75e-06,0.034517924854271735,0.042179699883902765,0.018105781486875517,0.00029719061683290655,0.0002352527635390162
222,1,0.00024472706226754456,0.17396295180793106,11506.891358464152,2.0,4.6565293891282317e-07,2.75e-06,0.02502793647700687,0.011879689917911732,0.010573301489255277,0.0001448097975104005,9.069926636628938e-05
222,2,6.651622297932362e-05,0.1665383678134101,15380.206672747136,1.0,4.7517002881885135e-07,2.75e-06,0.0415461402129649,0.00594348101882835,0.0005742976915264502,0.00022516143485345084,3.1816247906617565e-05
222,3,1.3809412214378579e-05,0.2441049208363645,20629.225057424905,1.0,4.5527838343792683e-07,2.75e-06,0.021211787544140825,0.006372596856280597,0.0005079267932843238,0.0002838475284099619,3.235461049071455e-05
222,4,1.0023484323119714e-05,0.26171306362577873,5103.993756826776,2.0,4.6306620086707556e-07,2.75e-06,0.021150171117495,0.005663252582542883,0.0005043310612842901,0.00025092523818742615,2.6810731025618886e-05
223,0,0.0002230357462073887,0.26573504391179775,18320.904317131066,3.0,4.700666176269392e-07,2.75e-06,0.03643406442615504,0.01005822026989806,0.008781988223029254,0.00023576182986821345,6.329147587691725e-05
223,1,9.310926936974226e-06,0.27866679151530255,10858.846270502521,2.0,4.557170213611444e-07,2.75e-06,0.02108552863053199,0.006028564047988405,0.000504122090974852,0.00027154317543287234,3.110044739541347e-05
223,2,0.00017413291251421278,0.1688881895632936,17129.366272598483,1.0,4.6165576352771243e-07,2.75e-06,0.020165883523423796,0.00702000855036659,0.0046152264787979016,0.00021685322948833134,3.6318811981762433e-05
223,3,0.000657429005106629,0.017230527426945096,10836.732961819995,3.0,4.5342376331742844e-07,2.75e-06,0.0754245505918707,0.06633270678847407,0.021367852326955487,0.0002469241750821195,0.00032852106557953374
223,4,0.005987100930490597,0.005333077619009029,19786.856828452033,3.0,4.786687423621606e-07,2.75e-06,0.048436158067584084,0.08391973503387289,0.006881208903874486,0.0004172876963134435,0.00020231630160698027
224,0,1.656726916670476e-06,0.008223974466426507,10146.868321989303,2.0,4.5716935120302537e-07,2.75e-06,0.04747307043992732,0.04182734909971592,0.0006763438127586563,0.0002309907863861404,3.3531551626893186e-05
224,1,9.396821849685067e-06,0.10179701754918018,4501.157526276794,2.0,4.559391443776208e-07,2.75e-06,0.020967797938234747,0.007988972902285599,0.00048551387733821474,0.00021217380280709529,1.8191484498787192e-05
224,2,0.0007911903158270291,0.10836333729383509,6363.817217763774,3.0,4.644136274822106e-07,2.75e-06,0.0721559363423908,0.060767028322117646,0.0368856251442572,0.0002593152935383933,0.0006250994195766802
224,3,1.644447000631562e-05,0.22981483044128959,14888.016100733948,1.0,4.5593499387564756e-07,2.75e-06,0.021095494716589957,0.0062736458476015874,0.0005089049510421375,0.0002649958274780313,3.214041456002729e-05
224,4,4.907918793525555e-05,0.044241689576691924,20827.83883172848,3.0,4.645078523929851e-07,2.75e-06,0.020853194596493263,0.0070176301771584,0.0005761692123471907,0.00019464876478566263,2.7825636377179047e-05
225,0,0.0001592038611688039,0.06996054063035315,10595.060362662096,1.0,4.4787850273159154e-07,2.75e-06,0.03472556343507977,0.010047074239873567,0.007614847608188328,0.0004872112715523064,6.262396961290092e-05
225,1,2.4138242122681904e-06,0.2894937707806132,21382.480514040035,2.0,4.808584148866468e-07,2.75e-06,0.07309802358611148,0.006290074161857585,0.0005062635532389627,0.0006174302426774969,3.2159217674799384e-05
225,2,0.006410535576787284,0.29943588451123326,11477.852473252378,3.0,4.7388398500503244e-07,2.75e-06,0.10955717023367129,0.1219348964655899,0.023546104280888144,0.00032071269168485817,0.0007507605903667001
225,3,0.000157909477650661,0.19136242725054556,12512.839796341794,2.0,4.3959033552608817e-07,2.75e-06,0.05039876371414361,0.008970439909146885,0.007269107777471717,0.0007161238594318914,6.272197984858004e-05
225,4,4.5377258558450186e-05,0.20848823534782385,20848.83313497976,3.0,4.75643917627168e-07,2.75e-06,0.04937853530192532,0.005906276816701003,0.0004896610276963737,0.0003179489616054959,3.1537135222807574e-05
226,0,6.412471754590267e-05,0.20651741452945246,18412.3003084043,1.0,4.716590396553302e-07,2.75e-06,0.04352890062524264,0.006160224614144203,0.000530888592854377,0.00024258531676587514,3.211519481855653e-05
226,1,0.0001335390197432096,0.2222353474056106,13985.261856590221,2.0,4.570083591364719e-07,2.75e-06,0.021560176575089435,0.007489709541514112,0.005313438468359063,0.00028015722993732873,4.6697761598152216e-05
226,2,0.00011025596419970876,0.2947876816944431,4900.224968335682,2.0,4.4834542788713683e-07,2.75e-06,0.030785412600771455,0.009681446996328962,0.008102782956800857,0.00043785828396571933,0.0001161001696275457
226,3,9.633719184393158e-05,0.01230932421702221,6757.48371589596,2.0,4.6409204328329776e-07,2.75e-06,0.05182702787817398,0.05059832658860897,0.010340760610539883,0.00019076402096809407,0.00015799773842131582
226,4,0.00017247925111888481,0.16961236472487806,22816.493605119438,3.0,4.558023640017778e-07,2.75e-06,0.02350419998419785,0.008247855922970273,0.006296056585812151,0.0003095467985174748,4.3974916543780924e-05
227,0,0.0001391517338834336,0.19368044783728292,12397.48045879962,3.0,4.5523231447205655e-07,2.75e-06,0.026416635122362836,0.010443739039643829,0.009076911379491305,0.0003241043504562312,8.019253203879233e-05
227,1,0.00017574597708606269,0.2581510408637613,21196.53397993448,2.0,4.853937871281932e-07,2.75e-06,0.06357644362542053,0.00706437607680262,0.004699970900148488,0.0005461204954796708,3.6464221902791974e-05
227,2,5.535222962762737e-05,0.284047078218893,5178.239767407906,2.0,4.7347761628348637e-07,2.75e-06,0.0400353669170261,0.005529155781565113,0.0006229425985229512,0.00022141960145579377,2.6836238237516996e-05
227,3,0.010431923081393048,0.08630320128028565,3526.5869702264117,2.0,4.7062712143191397e-07,2.75e-06,0.32761777522291907,0.26292707786010633,0.06787088392678693,0.0006294526728642312,0.0047121515008422266
227,4,0.00036255662901933,0.16298551419139165,7551.430807955855,1.0,4.556893643407352e-07,2.75e-06,0.02679845895081766,0.015112367094348442,0.013786042966986775,0.00025654276149761904,0.0001349139089496296
228,0,0.0006732671812845147,0.20756646931532108,9959.90957853186,1.0,4.435313873969085e-07,2.75e-06,0.051070849438233035,0.016551749698897094,0.011760973318567148,0.0006147673057493165,0.00011205258627522556
228,1,6.837667011322303e-05,0.20529520905837814,11441.775333797588,2.0,4.61437757676689e-07,2.75e-06,0.020866369655082775,0.005557797055228822,0.0007725402014647783,0.00019690490553686023,3.036655686771402e-05
228,2,6.961554052840103e-05,0.22251910544607842,8708.283264214813,2.0,4.5266615532357253e-07,2.75e-06,0.021296207239790133,0.005483391589800095,0.0009581212004589378,0.00029142844788147257,2.936757927138549e-05
228,3,8.625131139012465e-05,0.18316507960628706,13087.906560635436,2.0,4.6946383616003233e-07,2.75e-06,0.03533600348000999,0.005482855835369185,0.0017235585291726881,0.0001821875284295371,3.069823833616234e-05
228,4,0.0002816884025061041,0.27836630717129784,8569.14510600569,1.0,4.853201154577521e-07,2.75e-06,0.04773157231925782,0.012029501064766543,0.011366513075131632,0.0004137791733721599,0.00010570135658549442
229,0,0.0001478705769127761,0.20463514410614203,7693.473795051417,2.0,4.605247500233273e-07,2.75e-06,0.023279483758073243,0.01206218695374406,0.011165168675047318,0.00019329111323223433,0.00011993367237408653
229,1,0.00022256850109675217,0.14995984515425673,8666.609998230962,1.0,4.560688787726683e-07,2.75e-06,0.026694752208365147,0.01153734220888764,0.010357074519050824,0.00032436473910073173,9.432269696192418e-05
229,2,6.079668121513047e-05,0.1945881920230317,17477.263725692785,3.0,4.7231755425581904e-07,2.75e-06,0.04660121275788045,0.005679361094745059,0.0005590699709779175,0.00028918426901764594,3.0940010812806046e-05
229,3,1.4444163082555385e-05,0.1283451907890154,5431.110259831158,2.0,4.6394138122053915e-07,2.75e-06,0.02079300137725747,0.006445132439870743,0.0005038879789142218,0.00019819594824226996,2.289566300391296e-05
229,4,0.00018646663070155003,0.11727948680686992,3183.7945711190055,2.0,4.6222368292890105e-07,2.75e-06,0.05023511307298747,0.03601403370661996,0.03423931724265863,0.0003201480391808005,0.0005556756851727635
230,0,0.0003704076046685731,0.07856549819204829,9224.814742765047,1.0,4.6738781065390637e-07,2.75e-06,0.023413187476966635,0.015742168684855676,0.011457111557690103,0.00015423290567444,0.00010158346188030628
230,1,0.00019498475936363533,0.2877034635389041,13534.267026244079,1.0,4.6654735429221746e-07,2.75e-06,0.021419981157485012,0.007996774140245157,0.005881452554560299,0.00015830921752438604,4.7214509222568605e-05
230,2,4.17207103324295e-06,0.11592286307461112,2130.130098523907,3.0,4.78341351202522e-07,2.75e-06,0.021061670796179613,0.01837116344320096,0.0004492119578769734,0.0001551447980051743,5.181003048614514e-05
230,3,0.000337230410256117,0.07927391542014774,12990.894451343098,2.0,4.6734692512255373e-07,2.75e-06,0.023561148624529144,0.015164715580072539,0.010018676577699568,0.00014905907890830155,8.822256253937836e-05
230,4,9.886496856387505e-05,0.1794295060112294,16563.42235438992,2.0,4.703135228902883e-07,2.75e-06,0.03500480077353615,0.005636098248242626,0.002272067330196167,0.00018197616446980554,3.134109133948232e-05
231,0,0.00018718272939289654,0.12901302105673748,9252.927983054575,1.0,4.777649264768781e-07,2.75e-06,0.04757129610347612,0.010576602284996869,0.009094891285978141,0.0004004352373541304,8.067585370869735e-05
231,1,5.833722398398209e-05,0.12876340240238623,7042.6932898508385,1.0,4.664430155402294e-07,2.75e-06,0.02357359154932036,0.0055216330099273694,0.0006575422477865625,0.00014688423141516094,2.933355420695582e-05
231,2,0.00014752095731611077,0.234735730547388,2955.7899379767296,2.0,4.7309447464583233e-07,2.75e-06,0.03679752861616178,0.02606513193043819,0.028663318966523302,0.00018719194970154906,0.0004951682630069638
231,3,0.0003797328993498942,0.15108946411008178,5253.742640642973,3.0,4.564494299543862e-07,2.75e-06,0.061685140502881486,0.03876700668720485,0.03641825666303983,0.00041189885297291,0.0004986805835223369
231,4,0.00015716657498357744,0.19546253195402025,9933.78964352203,2.0,4.7043580802242785e-07,2.75e-06,0.030850404691204605,0.01056787769212303,0.00927502393936241,0.00018680709072377313,8.75045367027749e-05
232,0,1.7372461610831823e-05,0.04444172403947739,17003.82441935127,2.0,4.525740611031939e-07,2.75e-06,0.024881472330918645,0.006569743555044791,0.0004790885938856049,0.00037983445258218344,2.8630328975962173e-05
232,1,0.008464479644977266,0.17301259806621885,18021.829741533416,1.0,4.5464242571505463e-07,2.75e-06,0.03378920442490482,0.026239793593104868,0.004640647141330457,0.000253887177809677,7.4231342092333e-05
232,2,1.856128063108544e-05,0.0505269776217455,21724.79886176723,2.0,4.661874845821487e-07,2.75e-06,0.030191058098733025,0.005886093584632882,0.0004931566291304662,0.0001494395934271787,3.0313717967600875e-05
232,3,1.3036568280619238e-05,0.12524693865472053,3057.2284297761344,3.0,4.5788298576860706e-07,2.75e-06,0.027480214374753065,0.011724462912341293,0.0005571492822905623,0.00034995850645361514,2.065441612310842e-05
232,4,1.7757750450320433e-05,0.17213851021732507,7369.167743236095,2.0,4.578581381222255e-07,2.75e-06,0.02214008682903305,0.005664631807239269,0.0005119496705899902,0.00032447188514001684,2.810836238325126e-05
233,0,0.0003751086718303203,0.10567164724818329,5413.746840314861,2.0,4.66306974830887e-07,2.75e-06,0.03371502158921568,0.032265880133002654,0.024433551260413633,0.00018543881193376174,0.00037836028702471335
233,1,4.4850927513836256e-05,0.16235424871231544,13612.605761213146,2.0,4.680111254618551e-07,2.75e-06,0.03321964312672215,0.005698450931554949,0.0005114936197387756,0.00015840361254839262,3.078118378177884e-05
233,2,0.00014751020967216464,0.01879498236872643,13288.31680563382,1.0,4.4964316229456934e-07,2.75e-06,0.023779553432180845,0.013659802764828387,0.005878737561234966,0.00025178676244160144,4.501917087689529e-05
233,3,5.879407842011293e-05,0.2203566736356745,10205.726921406938,1.0,4.7032991669312464e-07,2.75e-06,0.04025434212666412,0.005983278816496254,0.000551284812698387,0.00021108380670509862,3.144416663872364e-05
233,4,0.00021778191864990648,0.1629528877688516,5234.17117487376,1.0,4.7195277395712334e-07,2.75e-06,0.028663115569705255,0.016596141515742274,0.016682221385246155,0.00019289857138444634,0.00019971711014204322
234,0,0.0003415033931087418,0.2609287957589008,16709.002483551565,1.0,4.550038168416119e-07,2.75e-06,0.020002220000328478,0.008121936947574045,0.006137722457264689,0.0002041632450585566,4.526003164598225e-05
234,1,0.00020558562047646295,0.1537758025110363,20858.183474943573,2.0,4.674071030569803e-07,2.75e-06,0.02743439870932213,0.007602469257214722,0.00546420997978347,0.00014868074799966033,3.998293303550272e-05
234,2,0.00047961677220332227,0.11349788506525353,7489.824882641845,3.0,4.6362404290901714e-07,2.75e-06,0.0435184457606767,0.03435950084462591,0.026960993686917557,0.00023641673079319653,0.0003243671075423746
234,3,4.0961946798540254e-05,0.2258635745692101,18122.35355953965,3.0,4.6370937744301605e-07,2.75e-06,0.023265609879340524,0.005921973917986286,0.0004902166368656527,0.00015394036810587153,3.1376397086298256e-05
234,4,2.86681987360897e-05,0.26315185856485096,4649.77284825632,1.0,4.5896157892480966e-07,2.75e-06,0.02158732329253203,0.005888941644510848,0.0004974574478956313,0.00018090899610014887,2.9383658752784475e-05
235,0,0.00010626779136462455,0.024305912259073015,23337.269557394266,1.0,4.7179628041023657e-07,2.75e-06,0.030716947059051175,0.006894359407724512,0.0027121476675784468,0.0001720095542155465,3.0208743212727993e-05
235,1,7.790439121519117e-05,0.018534828374213184,9382.914240843014,3.0,4.5571761548628965e-07,2.75e-06,0.046004989946594625,0.034759803821450865,0.007490520919125117,0.00029436443184980085,8.491190638434541e-05
235,2,2.0729997117902654e-05,0.11807851446525058,6724.030003812894,1.0,4.496975547490076e-07,2.75e-06,0.026140854662203655,0.005662808851590816,0.0005030475086940069,0.00044051203193810375,2.9222629776460215e-05
235,3,0.002806679922232657,0.18006882012936978,14505.088791717186,2.0,4.6088413228976207e-07,2.75e-06,0.048058186420492977,0.048230050151896686,0.017327081415097118,0.00020451538375193195,0.00031783323154156365
235,4,5.872026518030729e-05,0.21137891267988396,18393.636436130593,3.0,4.6062059356563795e-07,2.75e-06,0.029971231601098814,0.005796081837590834,0.0005262255053441935,0.00014012560249076066,3.120598256606614e-05
236,0,0.0004161363250992926,0.29219037194130687,18414.685176984516,3.0,4.608909384494554e-07,2.75e-06,0.023063465042089042,0.011365341516231605,0.010091115701616292,0.00016745223944764122,7.163650746081098e-05
236,1,2.996987393194348e-05,0.28017130686069086,6966.989170278216,1.0,4.5847633860520246e-07,2.75e-06,0.021195881744048323,0.006093793612446598,0.0004960993451577131,0.00027281474024680935,3.104244081670217e-05
236,2,0.0001055575435274173,0.05599879816332652,5703.940905760264,2.0,4.4411930616244446e-07,2.75e-06,0.05656641583141935,0.021044989019050293,0.01329438377810877,0.0006070117773628818,0.00016236584828881382
236,3,0.00011925437188644493,0.04901177939933965,14794.566601798233,3.0,4.647854485114277e-07,2.75e-06,0.022720530032959364,0.013820538631321377,0.00799432354041371,0.00014284056115496682,6.677786464008325e-05
236,4,0.00023239970735047176,0.2251579989266968,21492.521076720797,1.0,4.5545835071907483e-07,2.75e-06,0.020886886271465482,0.006802665875951869,0.004243580997723248,0.000277130234600808,3.338586255411202e-05
237,0,0.0003471597787172322,0.12831826856204812,16222.408693686892,2.0,4.885678981399132e-07,2.75e-06,0.07247014062911215,0.011058374944804827,0.008096266030074302,0.0007460917424202515,6.125682531555815e-05
237,1,0.0006197206471229304,0.12528605371041537,22695.3390695342,2.0,4.5008111268407633e-07,2.75e-06,0.03360822417164149,0.01145241426276375,0.00718133987666314,0.0004469648350975982,4.9693259464778676e-05
237,2,0.00018481191479939244,0.06479439090654855,9203.35647857792,3.0,4.567831657189054e-07,2.75e-06,0.033339367611684954,0.021595544405020376,0.016037852656497497,0.00026057602807779036,0.0001628477686587388
237,3,5.793588556733193e-05,0.17925124701931672,20182.83410354873,1.0,4.6242738575539116e-07,2.75e-06,0.024734553145583243,0.006167737177245595,0.0005170031730486472,0.00014445846097335644,3.216326791309824e-05
237,4,0.000656622162199027,0.14847374471188246,5564.612500675805,1.0,4.564044454430473e-07,2.75e-06,0.04625009986242459,0.03021303973590782,0.02146406677238231,0.0003538083102391969,0.0003121159562259428
238,0,8.549452134124716e-05,0.21322078077314155,23782.403448604386,1.0,4.628057736492712e-07,2.75e-06,0.024980149195213814,0.0061021297935404395,0.0006125925521522518,0.00014274693054534132,3.218889713487315e-05
238,1,7.847103104931862e-05,0.013060763238537842,16622.719918836556,1.0,4.701819418850555e-07,2.75e-06,0.02892032903415794,0.01151214810841515,0.0027056038995858056,0.00020198546510794433,2.8046824812444458e-05
238,2,0.0001673623455334905,0.14881058617935988,11837.885122725953,2.0,4.556813852387887e-07,2.75e-06,0.0252139041630829,0.010278520171107542,0.008722228805798515,0.00029631302922541536,7.497885791859187e-05
238,3,0.00044749005180519066,0.28015164236164525,24782.473574303778,1.0,4.607831552954109e-07,2.75e-06,0.02161266399605533,0.006929957273058563,0.0045274119215895975,0.0001536800098601595,3.324614690388015e-05
238,4,3.0801485996790567e-05,0.1252679099461345,24302.851455229476,1.0,4.6821806088857033e-07,2.75e-06,0.038730253904212364,0.006156751600787209,0.0005012810402518674,0.00019415533314849054,3.225178209315685e-05
239,0,3.188476454815544e-05,0.1050782861624268,19717.521079668317,2.0,4.6097683116066286e-07,2.75e-06,0.024906841923371493,0.005693528463663065,0.0004807059993405991,0.00013969014476151068,3.1237106796689045e-05
239,1,7.2881979317547175e-06,0.1755939041533911,23845.36862719503,3.0,4.78141725154868e-07,2.75e-06,0.04592964871884745,0.005898155552167113,0.0005133594566737443,0.0002761703420237666,3.170615680276087e-05
239,2,0.0005275233538378165,0.02901362314046143,18128.199055461984,1.0,4.641642018591122e-07,2.75e-06,0.02109356056753235,0.014625883243587982,0.005834822519925074,0.00014089838695510132,4.2323471776583336e-05
239,3,0.00018825590024816857,0.23262799586454191,16312.487984139736,1.0,4.69820136589565e-07,2.75e-06,0.02868302234488958,0.0073660132282527616,0.005051772565758132,0.00014728501879147186,3.916758321827048e-05
239,4,0.0018276850215670306,0.18346953438662716,23858.632267850586,1.0,4.4863879738474286e-07,2.75e-06,0.03756577827023149,0.014586404715091922,0.0047435185941091884,0.00046458861184655925,4.122666805263405e-05
240,0,4.174915388655799e-05,0.23611985198443802,7609.993361654569,2.0,4.488257050551941e-07,2.75e-06,0.02371498215434668,0.005683651734509955,0.0005036316290708362,0.0003882161295042372,2.914640486116205e-05
240,1,1.8851799682572985e-05,0.01685465354235591,21687.157111765366,1.0,4.751689598577819e-07,2.75e-06,0.04555353419260185,0.006864760535725235,0.000511005458458614,0.00032907418115756616,2.9796420719683522e-05
240,2,2.3703096161503724e-05,0.12158495439322164,13135.69008491915,3.0,4.656680199051672e-07,2.75e-06,0.027771996783762503,0.005731806682963498,0.000552159943652644,0.00013805550322351385,2.8859926145394075e-05
240,3,0.00010765069114070249,0.18147813513989486,22396.365349314685,3.0,4.5646981099238037e-07,2.75e-06,0.02042663747698731,0.0057715828823856445,0.0026405024721881457,0.00022402558098400872,3.1464515327304696e-05
240,4,0.0002757392238829864,0.08788674858570648,13064.806501046813,2.0,4.786630866032162e-07,2.75e-06,0.050196258226017226,0.013099008229962983,0.00942043962212725,0.0004859311708184033,7.790255001299827e-05
241,0,0.0006756857059268111,0.05057199690826435,2034.790841801229,1.0,4.823020856364915e-07,2.75e-06,0.09429982029985151,0.11172305016121396,0.05802781596095194,0.0005092516373919804,0.0017619929859188348
241,1,0.00022086573487331576,0.07507562381859748,17569.9016319969,3.0,4.7190027365551633e-07,2.75e-06,0.028134671120185185,0.012448035069390547,0.009248472141747538,0.0001863395892258699,6.815747940553208e-05
241,2,4.323656612424283e-05,0.28228933106231263,19766.10316058353,3.0,4.6082395764019346e-07,2.75e-06,0.03466990375974651,0.006099038867605426,0.000495746745678408,0.00016223655168979854,3.1710237317459066e-05
241,3,3.862207207209124e-05,0.17759239048606554,23037.429485567383,2.0,4.77073949173794e-07,2.75e-06,0.04930447633471199,0.0060352505040945905,0.000492283910665459,0.0003139536132867843,3.1961763426380084e-05
241,4,0.00043992556684597893,0.03270332039823254,19360.078699378013,3.0,4.610686750297225e-07,2.75e-06,0.02529932816464575,0.021963208328582007,0.009985501855813173,0.00016448359914830206,7.273146355726264e-05
242,0,5.849206361211828e-05,0.19527220558609637,15333.770574771423,1.0,4.659814270536649e-07,2.75e-06,0.028552108463745614,0.006096574333420916,0.0005292620860786903,0.0001358395227259574,3.195060977828213e-05
242,1,2.601645573485318e-05,0.019902649327286002,5129.006154531602,1.0,4.579277677247092e-07,2.75e-06,0.022497875930549124,0.01839253144640629,0.00041537929905803464,0.00016910291759375304,2.029536562300433e-05
242,2,6.798846830333404e-06,0.2638941215936429,22195.31138842411,2.0,4.568610264198883e-07,2.75e-06,0.02092557295304434,0.0062597519506812985,0.0005035840659551603,0.00023691684431853544,3.215989670741997e-05
242,3,0.010631791784778296,0.05341584713430433,20544.163521445214,3.0,4.629558793790011e-07,2.75e-06,0.06496677106114342,0.0720755787563136,0.01066701133557083,0.0001810097560298158,0.00024524400868054433
242,4,6.43334562190698e-05,0.06215447881103361,3562.88318939342,2.0,4.5283535518147316e-07,2.75e-06,0.05430354212091879,0.01876661607168503,0.00472457603611257,0.000611212099010299,8.05519236325685e-05
243,0,0.0002583937501133135,0.18306966823070603,9958.667232434917,1.0,4.5854283307645265e-07,2.75e-06,0.022100228436693407,0.010962765363740959,0.009782943516624785,0.0001641365236514339,8.41788990499452e-05
243,1,3.9396387814377705e-05,0.07383487870650815,11729.0845789139,3.0,4.6487625281270845e-07,2.75e-06,0.034253882873010934,0.007103887928525645,0.0004951316793292633,0.00020503711857904498,2.4856582114406534e-05
243,2,0.00016759127536492493,0.051871531453385966,7462.846536634476,3.0,4.571071862240909e-07,2.75e-06,0.03642871603327411,0.029271934192455728,0.020716562211633805,0.00019869640854744733,0.00023190203635458154
243,3,3.485250817634933e-05,0.010611363669016313,5841.40622354458,3.0,4.617136225506454e-07,2.75e-06,0.08008332345011833,0.08270405896675527,0.0025145473032921937,0.00016111419422246595,0.00017039090154480374
243,4,3.317834422497248e-05,0.23829468706259377,11272.252078143392,1.0,4.738866862525978e-07,2.75e-06,0.03785636499474416,0.006185441871783747,0.0004969677846564292,0.00018593413006961636,3.182448927102786e-05
244,0,4.300611524951656e-05,0.07570222132586331,11115.975196126597,3.0,4.6187750187599405e-07,2.75e-06,0.022999549147951267,0.007249204291031573,0.000498246883598596,0.00013780101223587017,2.436335953089613e-05
244,1,0.00020139639091962773,0.25433770972769604,11593.342106213146,3.0,4.5751676890000905e-07,2.75e-06,0.026229442712081153,0.013052669102401195,0.012789144416847668,0.00017239538696876228,0.00011429993306082016
244,2,3.772261980174971e-05,0.1917502428884647,8458.708277192807,1.0,4.784596856713219e-07,2.75e-06,0.058613881077723674,0.005920611108758127,0.0004905609948592523,0.00043635737841795226,3.1016146143879885e-05
244,3,0.0006086166780504404,0.07290089733769822,24142.65881874242,2.0,4.550818476414911e-07,2.75e-06,0.02784900093988249,0.012271640462073694,0.006562505693455037,0.00034026681271351783,4.531327225044449e-05
244,4,0.0018988445583774554,0.13641331617571992,22130.660379950812,2.0,4.809623640043145e-07,2.75e-06,0.03584162585249224,0.02550028603103019,0.010869887177453927,0.0004664623940304428,0.00010092518113623424
245,0,7.052865311443802e-05,0.13969241991262732,4486.715986113521,1.0,4.7226838132142776e-07,2.75e-06,0.03542754486573587,0.005700396151410486,0.0014964854746856732,0.00019358112375953546,3.075469805102288e-05
245,1,0.0010256457397392125,0.1690322431450909,11681.490104933047,2.0,4.7541480297944823e-07,2.75e-06,0.027684656136367936,0.026649858688784205,0.016091711537315926,0.00027902100862229397,0.00021050903334958058
245,2,9.93680486392552e-05,0.10846537141607572,24786.8173510311,3.0,4.743084077576612e-07,2.75e-06,0.03970761880546909,0.005814136481196709,0.002590266039527754,0.00023794770862608193,3.0987544556177074e-05
245,3,3.2903847157757085e-05,0.15938760342441305,15411.580863125448,2.0,4.718208222699883e-07,2.75e-06,0.04379225865278156,0.005801736312410694,0.0004938504171204079,0.0002539063478176343,3.117307090163859e-05
245,4,0.000268183488812045,0.17900214424275362,10453.418836692954,3.0,4.646770711179922e-07,2.75e-06,0.028522228057618153,0.016681478419935003,0.016374122726258464,0.00015594537406817666,0.00015358495280545228
246,0,0.00037073879305122193,0.20812534622600284,15555.760116075646,3.0,4.641996852154234e-07,2.75e-06,0.0272112638392862,0.013412028714473034,0.012216545207914598,0.0001570010549014694,9.328296833710507e-05
246,1,0.00032426480192631203,0.09519590477577879,12609.164184468256,2.0,4.6987018575114786e-07,2.75e-06,0.026201428929420022,0.014428305539397298,0.010314291523894981,0.00017257251574293934,8.969559021857231e-05
246,2,9.310236820891498e-05,0.17412527478756828,16767.98491362836,3.0,4.725603112459341e-07,2.75e-06,0.049063424934644495,0.005558129409173025,0.002052443994087738,0.00034084963694103345,3.0743393660651176e-05
246,3,0.00023032781534075176,0.17897095410722347,18378.501874621055,2.0,4.551553220597376e-07,2.75e-06,0.022452854420506225,0.008197533455728172,0.0062231252121366714,0.00028071265873433934,4.6187641955981446e-05
246,4,2.918965523988975e-05,0.22920267629267543,6615.746233474653,2.0,4.6225831859834926e-07,2.75e-06,0.02161976848521996,0.005676374453304311,0.0004882538842645306,0.00017572069204306836,2.8278753732123223e-05
247,0,0.00030522209687653605,0.2503181508499376,3975.926687833289,1.0,4.623357776919472e-07,2.75e-06,0.03613832370201788,0.02256039839046454,0.024521462651868067,0.00030644597845730896,0.00034701466599582845
247,1,0.0022989639850669067,0.06130001800006522,9916.707759566747,2.0,4.663407708566352e-07,2.75e-06,0.07153660906927976,0.07330264284165579,0.025366878215965134,0.0002328773569682582,0.0005685414400501237
247,2,0.0001986668418898152,0.04284050159066519,13360.112868686052,3.0,4.559002807034936e-07,2.75e-06,0.026559523774604108,0.01961364937638221,0.011875164329251899,0.00018654673516614538,0.00010095026477035717
247,3,3.51548928149121e-05,0.1318930659195236,12638.803405439081,1.0,4.630203599343953e-07,2.75e-06,0.022015012971803666,0.005897297162699565,0.0004869816286042511,0.00017133790708229074,3.152627248892108e-05
247,4,1.3760927408979973e-05,0.23481088602824518,17129.657664582362,1.0,4.7535380166477957e-07,2.75e-06,0.048197130626759954,0.006318375820046338,0.0005060862491242604,0.0002946854226308379,3.2252164279787774e-05
248,0,7.963390809494675e-05,0.009741656166147559,15109.215129141812,1.0,4.830552200545496e-07,2.75e-06,0.04410125568035578,0.015428306499284955,0.003014923684495033,0.0004533407913780972,2.8329977141544052e-05
248,1,0.00010478611843034327,0.2195848231030464,7264.855367692189,3.0,4.6447530709441454e-07,2.75e-06,0.021426391628151468,0.008195518432797689,0.005696965215306477,0.00014835493421150734,7.206995612392255e-05
248,2,0.0010288240893626826,0.11241764382223798,16988.32513684142,3.0,4.7580308806636354e-07,2.75e-06,0.03019969485780299,0.029806765487794932,0.014703064192445324,0.0003252046269788418,0.00014875611781856718
248,3,0.0001335215054135039,0.20827416877196592,18101.869872328105,3.0,4.6779089172092e-07,2.75e-06,0.03729108713026242,0.0077582558157436475,0.005622721178303092,0.00022902883617486531,4.565526700460575e-05
248,4,0.00010175196945366458,0.20681033336561966,12778.22778952107,3.0,4.743850456883237e-07,2.75e-06,0.031084290490827293,0.006213189000358508,0.0034009058965275406,0.0001603697410396306,3.785745453290794e-05
249,0,0.0008511522403231861,0.2802398445379807,16618.29811456882,2.0,4.6535094903238823e-07,2.75e-06,0.023749876474485135,0.01575562128670373,0.011294153375845856,0.00015787581381083963,0.0001028816413495862
249,1,6.094395932545322e-05,0.04791115728217369,8371.546272616928,3.0,4.623255893553674e-07,2.75e-06,0.020573988820471113,0.014102077380367813,0.002136360056958742,0.0001440306704511425,2.9432774792009754e-05
249,2,0.00021732230736607822,0.005537256676733514,10804.427582780892,1.0,4.716055599916235e-07,2.75e-06,0.021472463516218687,0.03745806982418325,0.005243696081240017,0.0003516324527503955,7.48592966360655e-05
249,3,6.260241521139316e-05,0.17568486582714482,24227.089337387268,2.0,4.549499199206028e-07,2.75e-06,0.021142214630795176,0.005916556551136321,0.0005547762991309996,0.0002890431335159605,3.1896083958534e-05
249,4,6.761947835793032e-05,0.05652006972463614,19299.311020874527,2.0,4.6793622996076615e-07,2.75e-06,0.02970966929777925,0.005875517798745788,0.0013103715379673678,0.00015137133614935344,2.9613171786112698e-05
250,0,3.498739236470227e-05,0.1082018848856128,16228.360980491056,1.0,4.5650931006161925e-07,2.75e-06,0.02095519681019686,0.0058990567357099935,0.0004924231804683621,0.0002092456205756176,3.1760626882709324e-05
250,1,0.001200245975126399,0.07072286218124675,12128.95267250843,1.0,4.7357913270850607e-07,2.75e-06,0.02521315788422498,0.02504547019173917,0.009134634984053687,0.00016120645575598078,0.00011144027816011231
250,2,5.132962575858321e-05,0.2819366411742662,5192.884970397104,2.0,4.731557221358579e-07,2.75e-06,0.027588210693975174,0.005548821926905507,0.0005745363847538252,0.00013672322613464315,2.6944745508323587e-05
250,3,0.0015939551099018753,0.13003177948833808,5327.254156958592,2.0,4.631710436835685e-07,2.75e-06,0.10062059177369108,0.0881552642883282,0.043729554504013037,0.00031011637844393286,0.0010933981502562714
250,4,3.389722392167463e-05,0.19496696816212272,6819.391575526594,3.0,4.6967083916186934e-07,2.75e-06,0.02888916817705949,0.005800854769850656,0.00044695505347901393,0.00014253011972358294,2.5084051359278534e-05
251,0,3.0657318829825525e-05,0.0807839973801577,3822.9353219042227,2.0,4.67145737974035e-07,2.75e-06,0.02168211112848846,0.011221425228118068,0.0004981928783402441,0.00013420811707272874,1.89225199316805e-05
251,1,0.0006622929686272075,0.14456394527729982,23403.120021490126,1.0,4.6346651360003466e-07,2.75e-06,0.021410252758766162,0.008938485911096751,0.005056136616063671,0.00015278106825775698,3.403587339755757e-05
251,2,0.00032406709283651645,0.09321216718978889,7470.457058971379,2.0,4.6302448422428266e-07,2.75e-06,0.028982861235744745,0.023344430482701503,0.017759443069936137,0.00016995044518803272,0.00021566061215334828
251,3,0.0004089778378664069,0.18675697548211098,12968.947695386969,2.0,4.710052764757695e-07,2.75e-06,0.03188279714621817,0.013361269187083772,0.01062075145011815,0.00023167321171459676,9.153773504530663e-05
251,4,4.736708384400506e-05,0.011255237233942093,19974.850893074614,2.0,4.497259914765058e-07,2.75e-06,0.026482618049835465,0.017112211480418953,0.0012556087737040716,0.000264720400745414,2.1348419602592963e-05
252,0,9.829001557760711e-05,0.07519937105219351,13767.473985739854,2.0,4.6380970862649704e-07,2.75e-06,0.02235049466528399,0.007755707962278352,0.004345015044956311,0.00014121386746567696,4.109963753596738e-05
252,1,0.0002450358659453167,0.04029665735832095,2199.222637533272,2.0,4.758566791596678e-07,2.75e-06,0.10430264767140988,0.09246190640198897,0.05768067665708252,0.0002902418407836658,0.001279204462553798
252,2,0.0005689954965663451,0.07341304709298298,5599.9243820061265,1.0,4.495029473285575e-07,2.75e-06,0.0640183903780779,0.03320987659936068,0.01943704186793257,0.0005370459984350888,0.00029966732112405274
252,3,3.0094728626274316e-05,0.19460777348984737,13055.837431680806,3.0,4.6557752255138327e-07,2.75e-06,0.024454772490671583,0.005706117789330085,0.0004948824530053117,0.0001409424698384441,3.0157088844138853e-05
252,4,8.724324202503106e-05,0.06811080319348939,22369.27800821881,2.0,4.769915069893192e-07,2.75e-06,0.043706535315668184,0.005785799173249275,0.002184778571614171,0.0002875224448540324,3.0490659783098792e-05
253,0,0.0003696399754198422,0.15702598877282212,13679.142246563692,3.0,4.542160278622553e-07,2.75e-06,0.029992844090509774,0.015466445162163556,0.01349894464195143,0.0002931340785095954,0.00010992126834940724
253,1,0.00014561142014355235,0.11600099062278675,13780.247446740881,3.0,4.6737997110231554e-07,2.75e-06,0.0325389435514698,0.011137350208041902,0.009176694106109199,0.00021565557417898532,7.789648071036418e-05
253,2,3.0177701496551032e-05,0.1592681572254707,16833.11026084169,1.0,4.800474466014567e-07,2.75e-06,0.06179078731495965,0.0061365298047747876,0.0005012754365786432,0.000472548290553114,3.20661463459606e-05
253,3,6.077483641704378e-07,0.13767440254158053,7310.595419914028,3.0,4.635422994071327e-07,2.75e-06,0.02310266995562078,0.006267113437918037,0.0005466510479055692,0.00014079433025377376,2.407950428127904e-05
253,4,4.0668400406781046e-05,0.015556887301475763,14725.467895717813,1.0,4.76507437221047e-07,2.75e-06,0.03482501975358861,0.009402491773970373,0.0006035090419744513,0.0002446336728743029,2.6364869547584077e-05
255,0,1.0330001134859524e-05,0.09766720624104663,2731.346915573082,2.0,4.6277251356418526e-07,2.75e-06,0.027778113181089286,0.012142249399455754,0.0004233564975708582,0.00035183203772460453,2.1151941056689024e-05
255,1,4.6450398791985285e-05,0.1870458696663711,14795.86247188619,1.0,4.5977557048601917e-07,2.75e-06,0.023731567781632063,0.0061220798978886245,0.0004956235724609839,0.0001511395661463732,3.1947014660338635e-05
255,2,0.0015991043599577672,0.10086131359146702,23177.921517246847,1.0,4.829059024508736e-07,2.75e-06,0.04260617610136468,0.014835231995173469,0.004837107621871565,0.00040882873571462114,3.919185027356601e-05
255,3,7.811525741428725e-05,0.03684536813716387,20305.50984309645,2.0,4.6194726635667135e-07,2.75e-06,0.020881185527503374,0.007572266147874336,0.002538497009197284,0.00015585811752180052,2.9258843851512518e-05
255,4,0.00018739179376357486,0.03912789606977599,6728.508033863477,2.0,4.5883961272177135e-07,2.75e-06,0.040848652945044,0.028594429759634346,0.016294290386661987,0.00030989522447739015,0.0001991393601557135
256,0,0.0001169357429570176,0.06197195632271507,3937.5909922462115,1.0,4.5951637133470104e-07,2.75e-06,0.03001179219024153,0.019261343029423252,0.01468169442135626,0.0002690404309574502,0.00019765434147354542
256,1,1.3177711753821797e-05,0.23160288960576927,17460.869895367236,2.0,4.778299842985541e-07,2.75e-06,0.055783765539860954,0.00610671132099667,0.000506638544752084,0.00039536843920222206,3.182807383286858e-05
256,2,1.1231852496139724e-05,0.16898754302563462,11202.89168055895,2.0,4.65646065327726e-07,2.75e-06,0.02129624583092798,0.005724315556398484,0.0005125652105288629,0.00018384482122553686,3.0393763279320287e-05
256,3,0.00025221541205115136,0.008587897110612407,13978.39642161673,1.0,4.668030337398725e-07,2.75e-06,0.021719697659620837,0.02397366643038736,0.005255859998490442,0.00015144172881666594,4.937395838518302e-05
256,4,0.00011643805092408823,0.12374254351115539,22592.68953114473,1.0,4.6941550510406713e-07,2.75e-06,0.03331212152580864,0.005741524200699817,0.0021055433916063343,0.0001650265165525224,3.1588073173151975e-05
257,0,0.0007651582933393884,0.22870914186872737,5233.246983024974,3.0,4.714886828034023e-07,2.75e-06,0.05435441407945935,0.054421781815206065,0.043632108859949593,0.00021625664161345885,0.0006912620619064308
257,1,3.3844469343390646e-05,0.07946610160253331,3198.1908103522437,1.0,4.6477623566222313e-07,2.75e-06,0.02102551441397361,0.007814710384624153,0.00053043601064304,0.0001760723534843983,2.0346634365935068e-05
257,2,9.938059654397547e-05,0.14194922861613488,12404.530739736354,1.0,4.821062728809688e-07,2.75e-06,0.06401557370562767,0.005643022167986326,0.0021100945714820772,0.0005286226338709194,3.1344869582784344e-05
257,3,0.00014396526092569622,0.20932579399330203,16673.01360004108,2.0,4.539224482020182e-07,2.75e-06,0.020572621437464366,0.007308496559964882,0.005057009626203936,0.00024464369737045615,4.2081229649081895e-05
257,4,0.0001097287796748802,0.055479937653603116,18080.794123400192,3.0,4.625813865123816e-07,2.75e-06,0.022458865464790072,0.010116643483447473,0.0058189266798134185,0.00013892833495389507,4.705360905975457e-05
258,0,0.00014421326727459766,0.12497415263171725,18278.71622213092,3.0,4.586731667724493e-07,2.75e-06,0.02111903605381051,0.00917782097923388,0.007157283427150911,0.0001808422506325059,5.428312930457675e-05
258,1,1.921271254658599e-06,0.05295222578746528,24818.42779073467,1.0,4.6689954307840435e-07,2.75e-06,0.02988291791158021,0.0057796371929951925,0.00051683164440486,0.0001399618718633006,3.191759633992371e-05
258,2,0.00014648666585966792,0.15053846016034114,19948.820856941125,2.0,4.482636407302105e-07,2.75e-06,0.02637541200858065,0.006839196721365813,0.004425553135154056,0.0004062564541330164,3.613476803224724e-05
258,3,5.687572342916079e-06,0.11319894027279041,9641.714752575097,3.0,4.5610241355340313e-07,2.75e-06,0.020968250826492865,0.006238497337410235,0.0005360346764023654,0.00019300537068534367,2.5975875317388353e-05
258,4,3.6855340513758756e-05,0.05081146316531199,16749.388609519076,1.0,4.6763696066102515e-07,2.75e-06,0.02420426477103016,0.0056468223009794065,0.0004946865634309631,0.0001401108135337094,3.0992366123015623e-05
259,0,3.869222717374136e-05,0.08084065340007392,22134.795945019174,2.0,4.674115974376793e-07,2.75e-06,0.03543359358518267,0.005633144236842386,0.0004782851087919362,0.00017803428184428392,3.1151996804196185e-05
259,1,7.195177881229087e-05,0.08878027823925952,12933.328250726025,3.0,4.4151389151396553e-07,2.75e-06,0.052597427288626736,0.0065346074345513094,0.001749606618902581,0.000766719054510498,2.8307086983909782e-05
259,2,4.272848002147897e-05,0.06642225896403894,6105.507679234808,3.0,4.6780209429785137e-07,2.75e-06,0.02267590701738392,0.01254889260281996,0.0005716002881088179,0.00014792503634942516,1.9278388985364028e-05
259,3,0.0018591524956207235,0.07630301548320813,14695.348996673003,2.0,4.581004613600673e-07,2.75e-06,0.05222682638904769,0.04126538982720478,0.016244525828610364,0.000293058317647642,0.00023241070866875191
259,4,1.6610350824572963e-05,0.08526958482652654,7756.914295149767,2.0,4.755511366661069e-07,2.75e-06,0.039401046223829436,0.0067443402358414,0.0004831985880422022,0.00025051882964106736,2.4605508164892533e-05
260,0,8.085025379222615e-05,0.07880030497397529,19935.702773868696,1.0,4.6272297126961914e-07,2.75e-06,0.024688752763410426,0.005525201483574705,0.0011423375676114544,0.000140307622271434,3.145230117141614e-05
260,1,0.0002259413381754719,0.15907884062609273,8366.466421467127,2.0,4.631570629965604e-07,2.75e-06,0.025699897485785383,0.014917755886988016,0.013706493347746979,0.00015924669860518207,0.00013837725034926112
260,2,0.00017879603615427798,0.13890910874614879,3718.1790610266735,2.0,4.732154442029432e-07,2.75e-06,0.03456521759873305,0.0283841484723594,0.028171028507959977,0.00019573377307319632,0.0004311446116426108
260,3,0.0005812981173730201,0.1265962644343282,16120.514848991192,2.0,4.762031373100869e-07,2.75e-06,0.033239825367156896,0.015158812840530791,0.010035492915505944,0.0002848412105541965,8.537032519142852e-05
260,4,0.00010966588481198026,0.0019138171994025,13514.979941119516,2.0,4.5940279913030626e-07,2.75e-06,0.10189368451890528,0.09900842290515115,0.0007629390027415065,0.0001907639954067624,0.00011219965032721728
261,0,9.043238059529506e-05,0.2491320005582116,16003.905535505464,2.0,4.780023131753406e-07,2.75e-06,0.04985405662616066,0.0056377382727706,0.0013456259659964153,0.0003323882642958175,3.1189923914233676e-05
261,1,0.00016165792279030343,0.18472682028541412,10957.082255701038,1.0,4.5493886408550637e-07,2.75e-06,0.02167613169300574,0.008450973706732852,0.006558145908174255,0.000257892683958711,5.650945338258434e-05
261,2,9.796265689697264e-05,0.21199591574333929,9442.228267269324,2.0,4.5034339791957066e-07,2.75e-06,0.025846225199289013,0.006164637368255991,0.0033602201628661846,0.0004101180025578091,4.098612262287121e-05
261,3,2.383447079410262e-05,0.1734382508766424,15679.922560551695,3.0,4.675634096335854e-07,2.75e-06,0.028186184634370188,0.0057151414616141046,0.0004961786625199367,0.00013592263674676582,3.065359196499344e-05
261,4,2.29447881057051e-05,0.09787323388350101,16942.683901075445,1.0,4.5614901037654974e-07,2.75e-06,0.022160951703851555,0.005890907996798686,0.0005024815342352767,0.00034149781188599253,3.180900888515574e-05
262,0,0.0009705750393483077,0.1685366636121933,19629.38933705324,1.0,4.577681407974606e-07,2.75e-06,0.023117997649410086,0.012816696235707218,0.006212758639607013,0.00021934330886943265,4.521533709156118e-05
262,1,0.0001596404552990057,0.21390531702385396,10470.01631562226,2.0,4.6815025513353844e-07,2.75e-06,0.02821528219807713,0.010245934011821849,0.008971962338202471,0.00016583714134851165,8.258567777061946e-05
262,2,0.0006427429871644495,0.17779653062362272,23467.60809508608,1.0,4.615459241532676e-07,2.75e-06,0.02355684389416457,0.008420985536380895,0.0051359890529218775,0.0001389620336719403,3.440153550920377e-05
262,3,0.00028544982971015514,0.01472924547716764,4353.965232563964,2.0,4.6628520393108465e-07,2.75e-06,0.09001694866943699,0.0902979756834168,0.030145029253993372,0.00021087257634015295,0.0006759443355723453
262,4,0.0001132491684930545,0.2338729786067513,4237.082300162336,1.0,4.7126283348848576e-07,2.75e-06,0.031439202750586884,0.008395220151174837,0.006384325279858847,0.00018541491303063036,9.314072400707641e-05
263,0,0.0009760333110833282,0.17118034291091577,13996.859591117945,2.0,4.686283237961148e-07,2.75e-06,0.024346378356826598,0.021159245192462206,0.012611939612569359,0.0001573089866878308,0.0001428756519484354
263,1,4.8630481461810734e-05,0.25688354807818503,20757.962219144676,1.0,4.6579261764362567e-07,2.75e-06,0.03196608657844558,0.006348119648273062,0.0004920329572447287,0.00014515343243375335,3.2316511728470566e-05
263,2,0.00016128979357849096,0.2820345596977373,13524.05435312098,3.0,4.646813715013546e-07,2.75e-06,0.02505594531291942,0.010665021289323251,0.009572342524165703,0.00014540168848251758,7.943759388670371e-05
263,3,0.00015203212154340907,0.2874994068893217,5380.8183806014595,1.0,4.7636456105814615e-07,2.75e-06,0.03610483034115455,0.011840386225004496,0.01117093900946492,0.0002542291463458531,0.00013497298514715005
263,4,2.9165556218539078e-05,0.1892172834334735,14549.536432059178,2.0,4.544514078316807e-07,2.75e-06,0.021619807058325585,0.005891115555826081,0.000495912164183081,0.00031788262580310125,3.1304139648890315e-05
264,0,3.390005367333328e-05,0.17280285312001734,2997.20451228471,3.0,4.741597524910437e-07,2.75e-06,0.020854435323799325,0.00888278834709732,0.0005958445909999203,0.0001459602802151641,1.8466569952262075e-05
264,1,2.515479216287439e-05,0.233964234241631,5890.320824059897,3.0,4.6073775069645354e-07,2.75e-06,0.020985697625489356,0.005707522409047123,0.0005182865619790669,0.00024126197440037882,2.4797687449164014e-05
264,2,0.0005729667095846291,0.08979007963248835,9961.439199697747,3.0,4.568390904097479e-07,2.75e-06,0.038539908201658514,0.03224318900715783,0.02113216763705068,0.0002028484354602534,0.00023548173378275236
264,3,0.0008922460059481596,0.1123446909997186,19162.261748913654,3.0,4.4665287463096727e-07,2.75e-06,0.0586519163402499,0.0235946888393854,0.012382638068187237,0.0005995307512902303,0.00010550557412581664
264,4,0.0003665183251254327,0.007395989432188975,8909.940819459041,2.0,4.687559786063813e-07,2.75e-06,0.05070643343082931,0.07332447769009638,0.013175699537302873,0.00025811087596229904,0.00028204321298221574
265,0,0.0018073310489173967,0.0374381440394194,2460.153142132408,1.0,4.6663555637332556e-07,2.75e-06,0.16855045123122525,0.1484261064633772,0.0438386674135817,0.0003428391578356726,0.0017905786651848587
265,1,4.922966957907322e-05,0.1707357762008734,22713.49342580505,1.0,4.550113437172561e-07,2.75e-06,0.021085496481405796,0.006220007727693946,0.000496011303922695,0.00020306925460874528,3.225766680512747e-05
265,2,0.0004931417380971406,0.01372503877897946,22760.04282027102,1.0,4.811009314840786e-07,2.75e-06,0.03969297676257631,0.015055071440778897,0.0038403160842861075,0.00038410736584375705,3.026705645341539e-05
265,3,0.00029566528143487445,0.19745878000509245,19924.661866348088,3.0,4.732386404661342e-07,2.75e-06,0.030574962277363227,0.010122541373116266,0.008646739611490267,0.0001825720635423294,5.981129871206599e-05
265,4,9.143867855907681e-05,0.22897433372457607,15334.20851511162,2.0,4.6606120337299996e-07,2.75e-06,0.02705711644046939,0.005570724462542353,0.0015303619096913217,0.00013571052995031414,3.104845185178823e-05
266,0,5.1935490589090114e-05,0.2209752116646245,22616.823231722778,3.0,4.506131614393123e-07,2.75e-06,0.021079813003478293,0.005957410408685488,0.0005029739449753458,0.00026209931813909467,3.168653412052587e-05
266,1,2.9178888352032565e-05,0.03721258993523811,7609.105447010531,1.0,4.6799349990370203e-07,2.75e-06,0.03151208908654642,0.007577273968330164,0.0004561179868351305,0.0001825140024277397,2.479111827341356e-05
266,2,0.00011765369961387614,0.2080103960307858,19714.300039514474,1.0,4.5353340428626725e-07,2.75e-06,0.020717086921450436,0.005806279464650892,0.0017643205336220873,0.00025771486435454446,3.168464237913081e-05
266,3,7.523521742799308e-05,0.015940894912668455,22560.903977689537,1.0,4.834404562088148e-07,2.75e-06,0.05786542648088253,0.0076750717305982446,0.0019466336907382616,0.0005103479408524843,2.927778451211525e-05
266,4,0.002039361096951909,0.20101622899547633,8102.067515493552,3.0,4.736899111710149e-07,2.75e-06,0.09533224352576107,0.09296877952486948,0.04200822015391361,0.00023533222657330793,0.0008375071372054814
267,0,0.00018432014199319517,0.19576251359150795,23402.57348601491,1.0,4.5395218685126695e-07,2.75e-06,0.021974324898022285,0.006337700271457088,0.0034373650719309867,0.00032890228902673094,3.196208568368508e-05
267,1,0.00011024456454443953,0.07360685341744548,8316.912842836391,1.0,4.7015223307240545e-07,2.75e-06,0.031220623838122713,0.008893840764176231,0.006050862152069715,0.00019240644208158496,5.986780738330264e-05
267,2,0.001832330852258436,0.19881519220653254,11393.726743538313,1.0,4.742767105851772e-07,2.75e-06,0.027581940238445766,0.02862512189698764,0.010676370870836194,0.0002452343936793986,0.00016332098387340606
267,3,5.606093797010076e-05,0.19280319393782508,24560.39173181019,2.0,4.6877533996044174e-07,2.75e-06,0.029273080245278527,0.006032712252321989,0.000524555570101865,0.00013714358059757506,3.199656135564048e-05
267,4,0.0002982195544867541,0.052959675725371254,2749.250475203638,3.0,4.5607609380831174e-07,2.75e-06,0.11581811308077727,0.09102937481080337,0.06459254686824024,0.00035097115485834316,0.0012423313899218873
268,0,0.00019785881638857035,0.29451689897444083,6324.689821376034,1.0,4.570611721586971e-07,2.75e-06,0.027371167278518783,0.013465991640785553,0.013407623895666916,0.00029999541983807197,0.00014640627116632992
268,1,4.960908654819143e-05,0.0849261497002288,10670.166935147667,1.0,4.621381331206366e-07,2.75e-06,0.022165746009074772,0.005584059491320697,0.0005850881589659995,0.00015769379532805418,3.0281076908701647e-05
268,2,7.70361113110218e-05,0.2900657421982018,12649.75922531298,2.0,4.642083984390832e-07,2.75e-06,0.026280509057131137,0.005754621629151399,0.0007807123410124286,0.0001372140620339149,3.1039168545044395e-05
268,3,8.81146714621748e-06,0.11213023602992349,9975.999853362682,2.0,4.668046117187159e-07,2.75e-06,0.025109260846645786,0.005763891942109948,0.0005100412494943896,0.00013620168076599538,2.861620125662038e-05
268,4,4.2431136693715165e-05,0.26556829653327957,19062.027349354543,1.0,4.6377400409632516e-07,2.75e-06,0.031028687531350924,0.006354042216286326,0.0004937413203117538,0.0001409403139353453,3.229678868770916e-05
269,0,4.077616421628429e-05,0.14642025636040154,20813.63975507273,1.0,4.609603411844825e-07,2.75e-06,0.02588631192792439,0.006149285960418623,0.0004953396380187842,0.0001385209767451786,3.217563876520419e-05
269,1,6.303838321327627e-06,0.256050600332422,15119.738198284016,3.0,4.4577452418425767e-07,2.75e-06,0.0344716196604438,0.005942550803528385,0.0005096436577226388,0.0005910483963407696,3.117769153971912e-05
269,2,2.1128281700577373e-05,0.05859061997806583,22905.419661981,3.0,4.6695407379131876e-07,2.75e-06,0.024827469328027194,0.006089522275574764,0.0005308326029748308,0.00013491131007495772,2.9705842498077817e-05
269,3,8.559572532203727e-06,0.1288800886849242,9878.397929471217,2.0,4.7364279908010643e-07,2.75e-06,0.03882577812732128,0.005670539935491148,0.0005087502975561344,0.0002141600624067906,2.907668347877776e-05
269,4,0.00014999883035170114,0.11949167378850606,17461.980336706245,3.0,4.791592233366623e-07,2.75e-06,0.0513141289101951,0.009763581883430432,0.007837716554307199,0.0004431057679038031,5.938423870228878e-05
270,0,0.0004169655590709893,0.015447400820927635,22779.16281536122,2.0,4.7020048318635336e-07,2.75e-06,0.022620330566425272,0.02017030690781746,0.006121125212901426,0.00018554871462120952,4.5668060425734305e-05
270,1,7.529928109958072e-05,0.12466816853084803,9317.565435694623,1.0,4.539126201962947e-07,2.75e-06,0.02073835161448039,0.005484733743027409,0.001163213753823109,0.00020592915014552903,3.0166394672603063e-05
270,2,0.00036479258198011727,0.2674235228652672,2865.882339537145,2.0,4.651018846047252e-07,2.75e-06,0.05785818098443474,0.04556880094643739,0.0481619010748105,0.00028613379180368685,0.000904929267959308
270,3,0.00023861632745462752,0.03951756430611151,20675.71697994039,3.0,4.536130878611078e-07,2.75e-06,0.028892023489218432,0.014531085361505816,0.008146056694424019,0.00031726634958995423,5.608953984437103e-05
270,4,3.238103492465162e-06,0.030412857530143233,13344.483264790859,1.0,4.735500527522348e-07,2.75e-06,0.04435447947878146,0.006531134042986279,0.0005281135248855969,0.0003051820617524107,2.895660851372567e-05
271,0,1.2220188509333297e-05,0.026719356603122024,16642.6083891335,2.0,4.7587361607652125e-07,2.75e-06,0.034030140352968155,0.008934883383654337,0.0004718780070567482,0.00022851374388029697,2.5603638012889067e-05
271,1,0.000521858001024553,0.1540671058264199,7030.332696803657,3.0,4.6113765069968295e-07,2.75e-06,0.04592040191359099,0.0358229287076672,0.030313616629770463,0.00025007573930356763,0.0003732830745155644
271,2,7.559390499277807e-05,0.17206878027835065,15780.468040702775,3.0,4.500009676521914e-07,2.75e-06,0.021606417754575058,0.005439662220638695,0.0009398404502185386,0.0003084173295671547,3.017714643786184e-05
271,3,0.0001321579594772519,0.06622574540946076,3186.4707599556014,2.0,4.699890197982197e-07,2.75e-06,0.03439162580181595,0.03570402152070227,0.026660405112251925,0.00018893097117660143,0.00042997531970889215
271,4,1.0593380891658122e-05,0.2476553593071114,13347.144737077771,1.0,4.921476781402116e-07,2.75e-06,0.08008095830076029,0.006270843327256324,0.0005059585924799412,0.0007099599270566842,3.2087409725948874e-05
272,0,0.0002153930481638707,0.28236938792385197,9038.221312716472,1.0,4.6144328625788796e-07,2.75e-06,0.02183190375448886,0.010901013159646472,0.009881131098483391,0.0001746618757160807,9.029687759393188e-05
272,1,4.073766013875203e-05,0.0497797100676009,10186.307997168322,1.0,4.6183076317708173e-07,2.75e-06,0.02258475374402096,0.005968840179116151,0.0005481054090479147,0.000146066424827276,2.87071167432937e-05
272,2,0.0003638419957501096,0.05080914671590892,16890.05034208653,1.0,4.7240517702721205e-07,2.75e-06,0.02361293395464895,0.010637052624330552,0.006102239094952183,0.00014174956109185908,4.1428707295686304e-05
272,3,0.001179860481361793,0.12291638148149582,14525.13140579179,2.0,4.625586740057888e-07,2.75e-06,0.028273127027710464,0.02571342509808389,0.013021377151567266,0.00019336905854997038,0.0001556358107685773
272,4,4.941208172674816e-05,0.004665638726514042,8369.769673014318,3.0,4.610753451888856e-07,2.75e-06,0.1312390342510602,0.12499696981671893,0.0016903149386148606,0.0002062693924605356,0.00023743055943761292
273,0,0.00035773480952867626,0.23238695797946612,17969.794296784843,3.0,4.648523568057573e-07,2.75e-06,0.027833861181732544,0.011273817855106808,0.009921964909631003,0.00015218308969940956,7.150593627311824e-05
273,1,0.00015356915333149864,0.13963080448663523,12649.651386807069,1.0,4.820633151361961e-07,2.75e-06,0.04281326939582209,0.007868824735746254,0.005774831393308536,0.0002982270709719897,4.7036826610005354e-05
273,2,0.00010581544479458687,0.18350028457685372,11127.810475547407,1.0,4.838136029694885e-07,2.75e-06,0.06535075212222725,0.005756274691620971,0.0023585692182088516,0.0005461938027978559,3.2074595523432364e-05
273,3,0.00015932840116466285,0.2832223925929647,5538.472921453431,3.0,4.696994466318547e-07,2.75e-06,0.034437212305132074,0.020947938253508363,0.023345592337098767,0.00022488585377728495,0.00030030808220902333
273,4,2.5969707234490415e-05,0.2556138764348653,11177.288428639193,3.0,4.6109390940789173e-07,2.75e-06,0.026392886358408585,0.005792711154661667,0.0005026153488482577,0.000136629649297462,3.009235793574654e-05
274,0,0.00029481041809287174,0.04879548573772691,4169.896341314079,3.0,4.5036392848973457e-07,2.75e-06,0.09647911412650345,0.0633533887215924,0.04363394037215749,0.000507980565995307,0.0006965564468036704
274,1,2.8764574745411783e-05,0.014454605267793096,3647.0203682507104,1.0,4.696691590177207e-07,2.75e-06,0.025434331646864417,0.03543733382405165,0.00048573663243795965,0.00014103746860579222,6.272513240072456e-05
274,2,0.00011221855367692613,0.04847270370827576,9192.043007183323,3.0,4.60995162027387e-07,2.75e-06,0.024216294214099616,0.019992249851893146,0.011663211851976637,0.000162190280687444,0.00011876736771741683
274,3,7.889200087359135e-06,0.09240435008639249,11155.261047252387,3.0,4.6269865784760473e-07,2.75e-06,0.021022867826436333,0.006450469386136792,0.0005682435153071226,0.00017503292822246397,2.6226058719407123e-05
274,4,0.001184931161628556,0.10620593342825382,22912.956787818053,3.0,4.619439494806269e-07,2.75e-06,0.027821563462081828,0.02532569156467575,0.011223784060000986,0.00015609231352993661,9.848223401653178e-05
275,0,0.0010297461500864585,0.29760741589656015,23371.53438106206,1.0,4.610763289942285e-07,2.75e-06,0.022408033087099138,0.010615991773383585,0.005358358078752948,0.0002360144571627988,3.654501452427e-05
275,1,0.0002595828205695224,0.20476509489799763,20977.710790765068,3.0,4.6582002734477906e-07,2.75e-06,0.024480626795646766,0.009565043179605118,0.008069304576052419,0.00014085228544930052,5.539051024679609e-05
275,2,5.211947754724724e-05,0.10069895984954681,16993.16617212025,2.0,4.747444226721731e-07,2.75e-06,0.03201164795348222,0.005570982556001772,0.0005574728782772598,0.0001545737646732093,3.0648051316556434e-05
275,3,0.0016932399650989884,0.1651719241989071,3552.8215286975637,2.0,4.656601453132938e-07,2.75e-06,0.15820625564932633,0.12433426984487082,0.06825129154392506,0.0004578791823469523,0.0019497576699982527
275,4,0.00028898981136474684,0.0430112389471588,4132.923329003919,3.0,4.7198342056256857e-07,2.75e-06,0.05903399184558363,0.06914795530500221,0.04485432934143795,0.0002416094452413815,0.0007393839843330731
276,0,0.00010117170584379396,0.03587537249786967,14428.303346777613,2.0,4.704485943895163e-07,2.75e-06,0.027673433576222952,0.011554666254531193,0.005051900785753459,0.00018302415534136914,4.391786249394714e-05
276,1,3.196187302017564e-05,0.08130596136525645,21276.68311642478,2.0,4.648310334558913e-07,2.75e-06,0.024986070820488166,0.00564786751693066,0.0004844459073533596,0.00013906761994074464,3.107746515187957e-05
276,2,1.052903014720061e-05,0.23528971798308013,15984.370928024979,3.0,4.833712009173168e-07,2.75e-06,0.0685951697685034,0.005909918161676739,0.000514604378093082,0.0005671284257996325,3.120543350919851e-05
276,3,6.16112911491399e-05,0.10356817556772367,20233.565836769325,1.0,4.697317143245165e-07,2.75e-06,0.03331389524710299,0.005835070449967968,0.0005674777742617253,0.00015627433122683286,3.189205584190098e-05
276,4,1.5090474089634175e-05,0.2077308111636937,16943.741248633964,2.0,4.7656502075758846e-07,2.75e-06,0.04289499929531045,0.00602325815018022,0.0005066746393220853,0.0002383280244689353,3.170862793211439e-05
277,0,4.630873530256428e-06,0.017403726041360777,17043.264744458436,2.0,4.6289856353515036e-07,2.75e-06,0.021021143041423145,0.012243352081317783,0.000459418471903041,0.00013585813299854342,2.2678974041941764e-05
277,1,0.00012893471645489122,0.23496202800332894,4916.322430199565,1.0,4.5825750732466597e-07,2.75e-06,0.023457923700528543,0.010266352049276702,0.008941850124994474,0.0002733909065594025,0.00011520913132042096
277,2,0.00026007852347042885,0.08631419893514924,8029.524494539016,3.0,4.6935840509481713e-07,2.75e-06,0.03426173326138618,0.02601865274310468,0.021867687032577174,0.0001878492040400174,0.00023196595423112944
277,3,0.00014440768930555517,0.2200555429279642,21410.747924308558,1.0,4.6703363087941026e-07,2.75e-06,0.030952794894700732,0.006107684709756078,0.0028994647471721094,0.00015398176677031323,3.18252293985911e-05
277,4,0.00016974616078041036,0.07291954578780942,6537.252684428651,3.0,4.605388832893377e-07,2.75e-06,0.04390512275001208,0.02873600979337691,0.023113123091456227,0.00032531111275235325,0.00027604510886106284
278,0,0.0013060759955124028,0.1834022220840434,7961.051926588528,3.0,4.6589073358729004e-07,2.75e-06,0.07666029321942358,0.06647898286389393,0.033737969699684615,0.00024753049020021753,0.0006424949823546836
278,1,0.00019958237437666074,0.2723663955449602,24287.209055247306,1.0,4.543121381593378e-07,2.75e-06,0.020099542485898108,0.006449377464402016,0.0035202708227740254,0.00021170604145055347,3.206754223890372e-05
278,2,2.927177025083507e-05,0.23972379619829828,22489.440401764405,3.0,4.735736485765768e-07,2.75e-06,0.04632603297322299,0.006069595277906144,0.0005053622707144298,0.0002766589955718771,3.183152301811614e-05
278,3,4.5823507648321144e-05,0.27951529996850394,22996.94096619788,1.0,4.6172090130817914e-07,2.75e-06,0.023261949492026285,0.006400596990380061,0.0004963866821209407,0.0001589441446721551,3.2384715785761636e-05
278,4,0.00012042249192287798,0.2247288452444697,7267.687979301393,3.0,4.706106034859782e-07,2.75e-06,0.023454355939108325,0.01144248466627639,0.010095364900305924,0.00015140149768273252,0.00011841801526818918
279,0,7.283577518605e-05,0.2514167099363609,18922.97758192502,3.0,4.898344560750619e-07,2.75e-06,0.079658882438832,0.005790520228319727,0.0006310469517325922,0.0007141264784256722,3.1346581979103094e-05
279,1,1.8654149418289002e-05,0.17770982542400257,20013.888214089733,1.0,4.6465499462875365e-07,2.75e-06,0.030835205427699852,0.006251940516929872,0.0005075308504577319,0.00014079098644034142,3.22579164360386e-05
279,2,4.8963150707147905e-05,0.28172256233881543,14135.172210268074,3.0,4.6469468597566016e-07,2.75e-06,0.023147735890949983,0.005903757794378481,0.0004983426708539865,0.00015481135208294524,3.095684787404597e-05
279,3,9.743885581692861e-05,0.02624698286040352,6279.090930713757,1.0,4.7062471775699644e-07,2.75e-06,0.031789694818710426,0.018551643396641386,0.00842961981627119,0.00031453005012071496,9.147179513908285e-05
279,4,4.081916312913398e-05,0.2926528486780082,15164.122655105582,2.0,4.7449526567568114e-07,2.75e-06,0.035577305700496005,0.006152278493581835,0.000488655017532677,0.00016814425055520542,3.172263192600172e-05
280,0,5.633734730679479e-05,0.14918918157578637,8992.472851984048,2.0,4.595301724949624e-07,2.75e-06,0.021051150369587487,0.005533523780291053,0.0006775876273416632,0.00023960613496174692,2.8530543077087806e-05
280,1,5.2671992114380386e-05,0.19785227964383403,24404.624480277987,3.0,4.719306338182861e-07,2.75e-06,0.04416198887570555,0.005928743216992764,0.000502828883023812,0.00025422807380825525,3.1722819820693454e-05
280,2,0.00015052521212571634,0.10843709186631169,12123.648004119294,1.0,4.7354150636848676e-07,2.75e-06,0.040748481613164717,0.008146042215409885,0.0060061568435302096,0.00028105257662610483,4.968726006766343e-05
280,3,0.0005021857298293616,0.11982798468190656,7791.254415121859,3.0,4.743507772886385e-07,2.75e-06,0.0371556503512407,0.03279254557200342,0.02558973185259963,0.0002494851715704288,0.000301993190145846
280,4,4.249275797947004e-05,0.11269913028681239,15400.712871549282,3.0,4.7155033185315657e-07,2.75e-06,0.0319200759989255,0.005691405254754139,0.000499484103592391,0.00015738634687303588,2.9413418676866303e-05
281,0,2.7517762483281562e-05,0.03788919435077304,8820.891465171706,1.0,4.6371714633663297e-07,2.75e-06,0.021734293807346622,0.007051393056657186,0.0004936073353138832,0.0002687047219478073,2.6365180377191908e-05
281,1,0.0014773289819924595,0.07169474632811884,12463.179118054859,2.0,4.575376914851251e-07,2.75e-06,0.039148455900685705,0.04127442583240172,0.017475835732781244,0.00018218186557627156,0.00025946236425165436
281,2,9.467943335015922e-05,0.1548617805065122,4715.770463442617,3.0,4.6050586601256136e-07,2.75e-06,0.02285285997288125,0.012436765019665034,0.008055789747920206,0.00022021878414556608,0.00011938029289607054
281,3,2.612877794623158e-05,0.12906240922544515,3382.1233158177088,2.0,4.648649876874459e-07,2.75e-06,0.021394915124680277,0.008308766055852764,0.0005059673923962024,0.0002012817271881116,1.7208808186275066e-05
281,4,5.099244573589895e-05,0.28132988804688264,2965.872824144705,2.0,4.634985040728298e-07,2.75e-06,0.020893986147717303,0.005632608803354186,0.0006643741440178659,0.00022370049160846204,2.2993028527792557e-05
282,0,1.3836571640991722e-05,0.03735107315217112,8945.91623328341,2.0,4.4994780190865575e-07,2.75e-06,0.025567101923003505,0.01081103512042117,0.0005639348895451055,0.00032880901176175656,1.933363423522905e-05
282,1,0.00012190773676408581,0.014904653843511792,6896.137672287059,2.0,4.7651108163153355e-07,2.75e-06,0.023263770155454822,0.044011639521512415,0.012263443114755143,0.0003968830182522383,0.00017402038064705952
282,2,0.0013740951876278116,0.005601314358943542,11568.678426622411,2.0,4.459312997650159e-07,2.75e-06,0.10826613744110963,0.08574759919472646,0.011785795942263458,0.0003963832679151464,0.0003072100687979326
282,3,0.00013383214860735113,0.10503216873967092,2722.757461363534,1.0,4.680565481719727e-07,2.75e-06,0.028207085443824317,0.02335662163492988,0.02193096960116739,0.0001931064054279351,0.0003669462237766693
282,4,0.00017226921039329237,0.05687265904401871,4900.899308441945,1.0,4.773338743437902e-07,2.75e-06,0.03181886104083841,0.021112283259217417,0.016652743845661594,0.00026004620521658,0.00019809293349716105
283,0,8.116259930927634e-06,0.1932471696266935,5952.886150988888,2.0,4.7342356133308815e-07,2.75e-06,0.028304338874790155,0.0057041994658410785,0.00047584968069025175,0.0001372326154055626,2.6837618722284043e-05
283,1,0.000634753527452211,0.17918707644117476,11510.78099526469,2.0,4.6303243140076735e-07,2.75e-06,0.02732084446399898,0.020294499647310962,0.014791229371625978,0.00017858126692998563,0.00016106875452758258
283,2,5.488959158598861e-05,0.015621473354308944,3203.879939091761,3.0,4.6999962775351106e-07,2.75e-06,0.10912326796461914,0.10519619081318066,0.009741078260165055,0.00020136428158645843,0.00037109259151023376
283,3,5.998983859846226e-05,0.14712477951936803,17624.25683786846,2.0,4.566070778198617e-07,2.75e-06,0.027010040520493456,0.005653646472966585,0.0005946985857849889,0.0004655524040226703,3.125671310042239e-05
283,4,0.0005560172811687369,0.10058943530163222,19813.526970521787,1.0,4.654992764521653e-07,2.75e-06,0.027995195843175513,0.009760572752961558,0.0056414097003266335,0.00016367597513828152,3.8008490559649854e-05
284,0,0.0001431023915751987,0.03072328108387605,20264.71058364188,3.0,4.55134250897343e-07,2.75e-06,0.02094452441074336,0.014472904011162436,0.006737703733142593,0.00014865574793728638,5.081673921446543e-05
284,1,9.086745946006877e-05,0.0011516982427488766,17058.24760550989,3.0,4.806901372977248e-07,2.75e-06,0.09996796871190465,0.1385890207939905,0.0013290014428789234,0.0004739880899238898,0.00017190351148583955
284,2,0.00010571102835071489,0.02325776905253315,9813.241959566034,2.0,4.623152718877806e-07,2.75e-06,0.02346480500866587,0.022219383110687035,0.008282884715008036,0.00015318899671139537,7.898250575698178e-05
284,3,6.463187054592278e-05,0.295606979699223,11915.39019776556,3.0,4.640241418635187e-07,2.75e-06,0.028169338627682537,0.005740733590838598,0.0005842191624990325,0.00013618528421551227,3.0336722209621112e-05
284,4,4.662355345689323e-05,0.21318852807307273,2234.700517847787,2.0,4.562916536033213e-07,2.75e-06,0.04241106344308535,0.007177175825398039,0.0008448173038540701,0.0006294174672215094,2.60492526976942e-05
285,0,0.0005741193881914228,0.17623505614377552,6130.241798266154,3.0,4.838342459884408e-07,2.75e-06,0.05081477210327933,0.04231738194631945,0.035853888336000374,0.00045368127267700624,0.00048470844423394323
285,1,0.00041596054625136754,0.0807473496498821,15323.779548017385,3.0,4.791605815569778e-07,2.75e-06,0.035511168624672074,0.0181911227043656,0.012686121973524223,0.00033608433239040855,9.832659637294672e-05
285,2,3.228406081327562e-05,0.09615284538177661,11250.473627142395,3.0,4.5851985790011827e-07,2.75e-06,0.021603857437425152,0.0062757779255835046,0.0004620009846994372,0.0002766046941914916,2.643349612292234e-05
285,3,6.633250932151312e-06,0.04303737509670051,21065.00697739913,1.0,4.6387513025195007e-07,2.75e-06,0.025212045820462273,0.005682989190889855,0.000515908501828911,0.00013747313691472664,3.147631165806111e-05
285,4,7.0346115107603256e-06,0.04445082999229124,13284.44344953942,3.0,4.668221952191951e-07,2.75e-06,0.024066178414384798,0.00933558646635906,0.00041643840258160747,0.0001419219212708155,2.2814418051506524e-05
286,0,5.371065290470671e-05,0.12550659420188515,8997.316635438725,3.0,4.594987332475378e-07,2.75e-06,0.020769941399578745,0.006174301779243218,0.0005954411615177457,0.0001855549230376229,2.528052470220263e-05
286,1,2.669438100289978e-05,0.0037260126938699614,7947.79856034102,3.0,4.767150578056033e-07,2.75e-06,0.11475735287873583,0.15600726644742643,0.00256455758115369,0.0005336449638571687,0.00029021644163662445
286,2,9.525468005547677e-05,0.15890254201935128,21164.68418441437,1.0,4.6235338615496855e-07,2.75e-06,0.02155138535270011,0.0057972969860447246,0.001022152203080152,0.00017574300253061213,3.1887072142894524e-05
286,3,6.068067241163307e-05,0.22097177863775846,24912.7723015693,2.0,4.6772370817188894e-07,2.75e-06,0.023708451293435875,0.006095478031257813,0.0005268339658600997,0.000151538144944171,3.206412877424878e-05
286,4,0.00022828167356124703,0.24077210654920272,22896.82491965459,2.0,4.701269109551043e-07,2.75e-06,0.025278613729456768,0.007195327253256733,0.004983775437218795,0.0001394805193203107,3.656367776854073e-05
287,0,0.0001949639368946183,0.26384809925006764,19738.229719248888,1.0,4.576754732917305e-07,2.75e-06,0.020788608153657715,0.006922660742752611,0.004353905764933995,0.00027618973563890573,3.422434457522985e-05
287,1,4.615070121314639e-06,0.2393064119492827,4497.252639137936,1.0,4.5932394634195835e-07,2.75e-06,0.020912262394895312,0.005835664955673412,0.0005173313676966226,0.0002433033954438973,2.9201827371297945e-05
287,2,0.00029130311137470067,0.007682836075538412,4187.891957607497,1.0,4.7026719623292827e-07,2.75e-06,0.08229718765402737,0.08511257090038683,0.016869009665094633,0.00019213592831055797,0.0004514967628167997
287,3,2.9520444574472053e-05,0.23844454883471733,18785.24161732448,2.0,4.813221175847924e-07,2.75e-06,0.07208450847689866,0.006137946577521404,0.0005022132721775022,0.0006071218391206565,3.190953395792105e-05
287,4,5.616497321464112e-05,0.27176035551131306,7911.066533161326,3.0,4.630069210220724e-07,2.75e-06,0.022908410025790943,0.0055937474236283135,0.0005696487381602508,0.0001521087157254848,2.799384273937824e-05
288,0,0.0013836439891639634,0.24475940170511248,2505.5116149703367,1.0,4.686493961346243e-07,2.75e-06,0.12202284215095861,0.10144406626956116,0.05301018657426345,0.00041226633031564924,0.0017803551361950003
288,1,8.523955615823312e-05,0.2421132640433362,13613.245348165201,2.0,4.73538370635451e-07,2.75e-06,0.03336061541354974,0.005581342435933621,0.001275773333790201,0.00016212495569338343,3.0890889201397e-05
288,2,6.789343190126358e-05,0.2602266219691183,11069.109371267761,1.0,4.747358142691887e-07,2.75e-06,0.03776265118950941,0.006047109832415065,0.0005803038287419295,0.00018684787503665638,3.1645483922655656e-05
288,3,0.0002459340340252463,0.06425993144644845,14636.436493005243,3.0,4.499029692902134e-07,2.75e-06,0.039622364405577266,0.01577901924397804,0.011135039873640819,0.0004642199071231738,8.863157318892013e-05
288,4,3.8068029481463015e-05,0.18429527396122097,4441.60709058228,2.0,4.6656254961351057e-07,2.75e-06,0.021616834586819813,0.005951347751685573,0.0004994919100909661,0.00016472664146040324,2.2753970452832166e-05
289,0,0.00013156696251600815,0.05434571129983688,18475.522311519282,2.0,4.812555648642593e-07,2.75e-06,0.051177850422010424,0.008595643371272452,0.004986045483705178,0.00043402235675021227,3.947359300197642e-05
289,1,0.00037241014940334494,0.11916232760921558,4880.8662157901845,2.0,4.5779689173798675e-07,2.75e-06,0.055109663402598236,0.03477276292215878,0.027747937465531464,0.0003941172415211696,0.0004422212420511858
289,2,2.5009170384812437e-06,0.24122285292592271,2278.5032046692545,3.0,4.854377204772525e-07,2.75e-06,0.03222709685569589,0.007660925968256449,0.0003833996197180626,0.00019265141479323013,1.843246227569989e-05
289,3,0.00013734526750673628,0.1679478205615039,16882.38665403978,2.0,4.6491982196299276e-07,2.75e-06,0.019895520775561937,0.007281302370771909,0.005020168449140685,0.0001940282760565079,4.130458084646392e-05
289,4,0.00029142718783447554,0.2428677128642745,20728.096925091264,2.0,4.6774626711880437e-07,2.75e-06,0.03355740527338507,0.00792866807414036,0.00590958987482005,0.00019244509917207603,4.2603768308500295e-05
290,0,2.446149486164829e-05,0.2239351114107382,2579.1023015629244,1.0,4.5635368360923395e-07,2.75e-06,0.024145809326836614,0.005686422402186231,0.0004997863161510366,0.0003878044812457542,2.3645649254280382e-05
290,1,1.5413474810089592e-06,0.27315275192074123,19501.135297929268,2.0,4.884715510847068e-07,2.75e-06,0.06091804245863025,0.006237320927447987,0.0005083503057232774,0.0004591998114881858,3.206924627782097e-05
290,2,0.0002682458416279528,0.085740002897005,20646.288615621852,3.0,4.5695272292846e-07,2.75e-06,0.021893029719668593,0.011548134959628963,0.008775648633632201,0.00016491220792180382,6.017630342568587e-05
290,3,4.924126423767533e-05,0.23842673293660696,7705.31724969966,2.0,4.6179880662860637e-07,2.75e-06,0.020840284990117367,0.005660810412468748,0.0005514960268022626,0.00021531489430130245,2.9211241146551755e-05
290,4,9.255627710244456e-05,0.1774556497263149,2789.927846065179,3.0,4.6614784590155846e-07,2.75e-06,0.022546583685381715,0.016093552378305984,0.009877236032480393,0.0001757216047157098,0.0001838315148778997
291,0,0.00015450400715998603,0.19618606791897406,11560.666425548096,2.0,4.584329258243543e-07,2.75e-06,0.021628226420321278,0.009564221207065614,0.0080222203312651,0.00016518325376248277,7.125031377280473e-05
291,1,3.4405488659658006e-05,0.14913084933348875,21069.73000993572,1.0,4.7645086266645655e-07,2.75e-06,0.04824735737989328,0.006178663222422556,0.0004971617976302833,0.00029790038175137403,3.2212591685877556e-05
291,2,8.458984700450634e-05,0.22913766433408578,24377.542119428774,2.0,4.6872904691321017e-07,2.75e-06,0.026841016988299448,0.005854779259561193,0.0007400292512652688,0.00013610136351704095,3.188514239298602e-05
291,3,0.000633751826284042,0.11158105083945043,9863.152428337824,2.0,4.58082596240107e-07,2.75e-06,0.03069244618532944,0.02448637427171138,0.015806457411159287,0.00020796092855901707,0.00020116481055987238
291,4,0.001744672271610896,0.18125363767751407,21393.736210414405,2.0,4.531818393301006e-07,2.75e-06,0.03152140505291461,0.022996998945769703,0.010523231698503535,0.0002633107524152613,0.00010022323653455254
292,0,3.563089620195502e-05,0.18041853908681016,12990.163097895911,1.0,4.520705608595613e-07,2.75e-06,0.0214298941328087,0.006083712400372095,0.0004937787170854418,0.0003030654568530007,3.181500526290053e-05
292,1,1.4970772974709963e-05,0.26700555035244183,3576.551868274032,1.0,4.6704894733566183e-07,2.75e-06,0.021792132539374648,0.005785168407994337,0.000505035882275596,0.00017568044504225424,2.7907147500426795e-05
292,2,0.00030074808551869856,0.11776607867609704,3487.4489788377587,3.0,4.7125640657238583e-07,2.75e-06,0.057934666980554834,0.05459653680209612,0.05259012553149187,0.00022399209932754565,0.0008493892844091616
292,3,0.0008211276848798988,0.1032215249838446,10688.906190477079,1.0,4.874961531095612e-07,2.75e-06,0.03529235909622637,0.021281548297521113,0.010977719019022183,0.00038502407066729995,0.00011549297672812092
292,4,0.002278924992544439,0.2968309155457445,24148.541381755655,1.0,4.6794353942843077e-07,2.75e-06,0.02490246805813104,0.015419578719358765,0.005006077187896764,0.00016425461621138936,4.613102835568255e-05
293,0,0.00023492061860614372,0.2015168012052465,10448.88052981163,3.0,4.7349068025910914e-07,2.75e-06,0.032404710498945354,0.014890982694526636,0.014668051093693438,0.0001753198655096681,0.00013707071650679358
293,1,4.744799853985388e-05,0.190124651733596,16898.336086722287,1.0,4.4265072171291706e-07,2.75e-06,0.0330957535526549,0.006176798590916722,0.0004947827486195083,0.0005757284182464586,3.20887922654035e-05
293,2,3.951776522955146e-05,0.030458940436106828,20355.85529548291,1.0,4.676507700929766e-07,2.75e-06,0.034764070971654716,0.005793644978215922,0.0005087449546216501,0.00018359212108321724,3.071894909107294e-05
293,3,3.9815204566794606e-05,0.1837764146711463,2158.325047076931,3.0,4.581866584574086e-07,2.75e-06,0.02576228627929354,0.010361541225440578,0.0006521165669035744,0.0003331536172922695,3.453089469413267e-05
293,4,0.00015854237157159986,0.03574150665715681,7736.785758532523,2.0,4.726834636564625e-07,2.75e-06,0.024911938265750753,0.024729161732899806,0.013464415912367167,0.00018366344752056895,0.00014454263443856248
294,0,2.7747489194854822e-05,0.18639930474398897,3541.370733742635,2.0,4.682837413052989e-07,2.75e-06,0.022236444619932114,0.006249274076717822,0.0005058369557949274,0.00014559862332642025,1.9640529846191178e-05
294,1,2.3992514337291965e-05,0.24980308685810074,11806.657210413174,1.0,4.7595788379341023e-07,2.75e-06,0.048003232262228225,0.006232899205315443,0.000503394960679655,0.00029380487023541974,3.193929181558109e-05
294,2,1.9177326758782212e-05,0.15877074955003515,3885.5452494100246,1.0,4.7289107552744893e-07,2.75e-06,0.03294830745889832,0.0056990950521388604,0.000505123927450801,0.00016328817419970657,2.6164947651311805e-05
294,3,2.0614093373213336e-05,0.09682625253596655,5231.623597368647,2.0,4.6657882102680213e-07,2.75e-06,0.022359302745500843,0.007646360824821574,0.00044952559875691155,0.0001395361870751919,1.9660028379581686e-05
294,4,9.62458535756547e-06,0.19402497614269942,3274.383372082084,2.0,4.6673293994272307e-07,2.75e-06,0.022476751697551714,0.006312555762048372,0.0004771930079927468,0.00014380588769281836,1.9177727599289927e-05
295,0,1.029006099201698e-05,0.22037504821189272,12812.012103567136,1.0,4.7492945305448704e-07,2.75e-06,0.050532496252077314,0.006207821665178189,0.000508935536392527,0.00032588965544354427,3.199086061220745e-05
295,1,1.4257313847416579e-05,0.1249008498492238,14232.917973655107,1.0,4.7321404352777717e-07,2.75e-06,0.038689973929317195,0.005948119871414242,0.0005088005787193185,0.0001973821025109808,3.175670257613826e-05
295,2,0.0011037604520382069,0.05729645379471614,21435.355443293945,2.0,4.6151530505433715e-07,2.75e-06,0.023741091947449545,0.02096469066646442,0.008934798544303742,0.0001685856392739316,7.415432177647125e-05
295,3,4.233922082071163e-05,0.1733105162995602,12181.873052652149,3.0,4.5846302756516607e-07,2.75e-06,0.020966924341581233,0.005651285765995002,0.0004774832270863358,0.00023504567293486538,2.9424588628152885e-05
295,4,3.737372975173391e-05,0.03886553623432354,22176.841203216663,1.0,4.6857100662261487e-07,2.75e-06,0.038849583387437596,0.005627356543145044,0.000496495739492597,0.0002134277232341476,3.132932447446461e-05
296,0,0.0005109693091075964,0.27576204762183215,4855.281285229622,3.0,4.5585576580699476e-07,2.75e-06,0.07106477398350365,0.041826462120179014,0.04199574973221131,0.0004830691328257467,0.0006018418818252501
296,1,0.00013382365051288304,0.14764536215560786,17323.846755637067,2.0,4.7338695953501773e-07,2.75e-06,0.03963393509714532,0.007008562787466997,0.00463263548702287,0.00025052975354364733,3.9037862601890076e-05
296,2,0.00010623198670408474,0.21945547281909616,5257.156524461372,2.0,4.40536017670573e-07,2.75e-06,0.045578824670524536,0.009759537137735745,0.007815057604547964,0.0006379363463547585,0.00010717697203914337
296,3,0.0008024411663749103,0.002363725336268351,17044.579078347502,1.0,4.6758432479534686e-07,2.75e-06,0.030194580685939196,0.04149354228343152,0.001075359863321525,0.0001465136857322797,3.61838679684648e-05
296,4,0.00016714715900327363,0.18347274503781627,14799.630177078623,2.0,4.797412576158285e-07,2.75e-06,0.05689799070982435,0.0085928440128926,0.006786960172444726,0.0004919069086306935,5.460350008883467e-05
297,0,0.00014798139094447947,0.21692978505930613,3981.2485601651224,2.0,4.6425121582059356e-07,2.75e-06,0.03342260603416289,0.020775011713417727,0.02194584582147227,0.0002351262637468631,0.0003262258131641309
297,1,7.20842253108759e-05,0.22393348775022495,24836.95462361179,1.0,4.734760867798894e-07,2.75e-06,0.046063749814531284,0.006251555707850724,0.0005379732995097771,0.0002697303224020819,3.229280101236039e-05
297,2,7.703303641576298e-06,0.16239497982965664,4627.17697565323,2.0,4.4764222683662453e-07,2.75e-06,0.04438221902515029,0.006104843817012998,0.0004895887864922898,0.0006844879077981037,2.2681611450674345e-05
297,3,9.075702999576138e-05,0.28969671851642864,4282.783110149887,3.0,4.585446659652506e-07,2.75e-06,0.022820559108217536,0.007533712413591656,0.004546952404372497,0.00031048322510917556,7.46774154432399e-05
297,4,0.00011130395986880856,0.23268559525060079,7795.925546108858,1.0,4.6183487142192637e-07,2.75e-06,0.020361829473136767,0.006118116550178246,0.003201733524199482,0.0002019297988922073,4.051060478481363e-05
298,0,0.0002767228256529859,0.21307776924115276,7104.2155814967555,1.0,4.814929797843129e-07,2.75e-06,0.04073257505471581,0.014043858787972152,0.013749443356418029,0.00033538063597247854,0.00013968713669853405
298,1,0.0008325228767799734,0.13986082028104957,9048.461095010105,2.0,4.768000939295794e-07,2.75e-06,0.03156991544059166,0.031507970652103034,0.020828085032901917,0.0003231210711934816,0.00029318876121554215
298,2,0.0004400165067245408,0.2636541684805459,15141.373037518159,2.0,4.5398655505928595e-07,2.75e-06,0.027049757140939396,0.01142923616849448,0.009017375639030696,0.0003290816780638288,7.179182582520636e-05
298,3,0.00021947617523508043,0.1970455171450974,17239.326891810495,3.0,4.5584231237322295e-07,2.75e-06,0.0240775348018486,0.010594863956206896,0.009383655431620857,0.00024999512563252075,6.93267352942752e-05
298,4,0.0001508230105472774,0.09943705176993037,16088.187086055217,1.0,4.579465012257011e-07,2.75e-06,0.022776280214463398,0.0069253022816068025,0.004464841023227113,0.0003288276601887506,3.603425559139963e-05
299,0,3.662453312521632e-05,0.15859348052577313,24132.425097657597,2.0,4.4898387803477915e-07,2.75e-06,0.028286933067746,0.005999081863540342,0.0004927463282233528,0.0004972484124363803,3.1962005540429996e-05
299,1,0.0012755839153389783,0.22609808088810082,5245.100172764533,2.0,4.610763883403608e-07,2.75e-06,0.08440659834837609,0.06311255691543316,0.037439547251706534,0.00040521707231287165,0.0009229869825658687
299,2,0.0001373391418717399,0.28940535115943294,8681.604505934749,3.0,4.665738656357629e-07,2.75e-06,0.030210704319906866,0.01222455610352042,0.011647522436558297,0.00016697676373690173,0.0001232286513850635
299,3,2.213170265239713e-05,0.0739307068414841,18277.488236186964,2.0,4.669311732225803e-07,2.75e-06,0.02625801635398248,0.005693131638775213,0.0004887025045261659,0.0001353712800430135,3.0491841086752315e-05
299,4,3.862066961737161e-05,0.15498225667145613,19153.655669767762,1.0,4.669181163274249e-07,2.75e-06,0.04249766709883751,0.006148558428973258,0.0004946987812713671,0.0002317488064928952,3.2135246483773465e-05
300,0,1.0777004399910405e-05,0.11172437575881349,8687.841186627607,3.0,4.6218845783477913e-07,2.75e-06,0.021624152426816142,0.006497669315087963,0.0005093674083789863,0.00027901866769463284,2.474262846821477e-05
300,1,0.00023206866372679354,0.004314114278006752,8700.700350062401,3.0,4.670167894027515e-07,2.75e-06,0.12484156381625879,0.1372361362702604,0.01074605678907444,0.00019520233218125928,0.00037988015453930423
300,2,4.672825315341184e-05,0.05243422714706092,6693.877603650938,1.0,4.664221102514139e-07,2.75e-06,0.023439374289959014,0.006932083625852746,0.0007845107082081488,0.00013624597918320303,2.5572283861916796e-05
300,3,1.2468858474380442e-05,0.15351089783235286,13888.04006536695,3.0,4.7068692491522164e-07,2.75e-06,0.03976940202971763,0.005666977114944727,0.0005145825808098142,0.00021952327007652297,2.9965399595832242e-05
300,4,9.307409877360514e-05,0.14864586154199108,19275.79546495613,2.0,4.661610612352976e-07,2.75e-06,0.024552451642113716,0.00551839073422739,0.0018331379316354184,0.00013867084266511707,3.108935944944416e-05
301,0,0.00043943965346160386,0.20332951533472995,14202.267808863013,3.0,4.489247452325201e-07,2.75e-06,0.034822920911076444,0.015267707580173812,0.013334325420227644,0.00039015853400317766,0.00010618850107292856
301,1,8.390920507173821e-05,0.15487773076224956,22694.712499713693,1.0,4.555175331201849e-07,2.75e-06,0.020958023094292195,0.005914709604663004,0.0006613815917676149,0.0002489508334419586,3.2045245866799985e-05
301,2,0.00010194068700266843,0.11882594028733556,18232.20437179014,2.0,4.661673193776775e-07,2.75e-06,0.02727069268276769,0.0058692425093776,0.0027672648616745067,0.00013890936978051604,3.1548618780748534e-05
301,3,0.0003520785513673143,0.2130916648701969,2984.212552831572,1.0,4.580927466165098e-07,2.75e-06,0.05036558466327914,0.03154038983183883,0.033371205347200526,0.00039381924602886075,0.0005454679284951894
301,4,0.00014187210215909027,0.2551046529962044,15095.3632156431,2.0,4.7479713050983554e-07,2.75e-06,0.04432654384144797,0.007505111243810324,0.005319093933689315,0.00030752383515091634,4.533505982493668e-05
302,0,0.0005134791315996062,0.103493420327875,19011.702892349313,2.0,4.6886869601347743e-07,2.75e-06,0.023019553851379628,0.012576155730504357,0.007957835019773157,0.00014385778797399666,5.9377207408350454e-05
302,1,9.459269752902016e-06,0.13243929733377624,2903.041356675253,1.0,4.731204855502836e-07,2.75e-06,0.029204670080327514,0.006222815340081434,0.0005496328361446281,0.00014799601805637653,2.1598158690872297e-05
302,2,0.00014026703640094017,0.2461885155129064,9948.213430660615,3.0,4.756123890939726e-07,2.75e-06,0.040331740781515975,0.011695761359396109,0.010858143177814967,0.000302910715777204,0.00010609994343700068
302,3,0.00016734850406351787,0.10181535480578953,13052.380370821524,1.0,4.5633637661982256e-07,2.75e-06,0.023565920780304745,0.008359390117077458,0.006252044058983621,0.0003154360410499029,4.895626649911256e-05
302,4,6.643399307247025e-05,0.14471813734262093,17700.12872239982,3.0,4.5428653915373994e-07,2.75e-06,0.02108810820943711,0.005526983397983763,0.0006447602179529725,0.00027177310475464783,3.0408926677309592e-05
303,0,2.8299103602504733e-05,0.16623828535968246,20650.51276765114,2.0,4.7361985494636405e-07,2.75e-06,0.0475395153581372,0.0059586725098128256,0.0004976999711710873,0.000293761307919487,3.1801600264172816e-05
303,1,0.0003618485095925921,0.11775577533703177,6256.396519729036,3.0,4.6572335042209483e-07,2.75e-06,0.04060997248589893,0.0344133305733614,0.03038943420782415,0.00019805793917598423,0.0003798269547484354
303,2,0.00017352262041567322,0.16249674998040325,3905.148653043808,3.0,4.5938376598522465e-07,2.75e-06,0.05437915681686525,0.033669931757199824,0.03551126027045539,0.0003729413325254164,0.0005499840569114491
303,3,0.00010413355747545955,0.28656613894463007,3491.2084222773,1.0,4.607231838200984e-07,2.75e-06,0.020410079621281312,0.006853015997827242,0.004381488343702803,0.00022892847912141766,7.394418055932764e-05
303,4,0.0004173377105769919,0.09563869252354743,2080.959367008493,3.0,4.704387171044313e-07,2.75e-06,0.11142091947476995,0.10521683067624944,0.09029749741566538,0.00030828598792964954,0.001897527974849866
304,0,0.0006088470511557274,0.2827838946031452,11414.399288564864,3.0,4.6178191399075316e-07,2.75e-06,0.031073139593560072,0.02130351760382597,0.018866498437240305,0.00017412922218043418,0.00017294780494324195
304,1,5.513236519350182e-05,0.05763470118843436,3160.6655261282094,3.0,4.6652193659383606e-07,2.75e-06,0.02836155495267043,0.029026424157144168,0.0028915455895944468,0.00017053834909840047,9.854682207936944e-05
304,2,0.00014760403995114942,0.1531749419149733,16564.045471952788,3.0,4.6077763882126185e-07,2.75e-06,0.026985105444354635,0.009439176016208502,0.007679588775781333,0.00014840615884674808,6.0437922149672476e-05
304,3,5.038788859786311e-05,0.11735454040413851,7324.355807002248,2.0,4.5427259434040427e-07,2.75e-06,0.02479390413402402,0.006035366562035772,0.0006497483332428909,0.00038514819096347754,2.5850810004950254e-05
304,4,0.00011630431103151228,0.22232151460937155,3130.1834042855185,2.0,4.691861399946973e-07,2.75e-06,0.02679170572329843,0.017227710880394296,0.016750301415635657,0.0001859607469675376,0.0002867220580224499
305,0,0.0001336946509866685,0.15687565062397377,11683.114225172472,2.0,4.628275176287168e-07,2.75e-06,0.020628768143151215,0.008756493340002822,0.006798539648019387,0.00017213447361330288,6.148683523623051e-05
305,1,6.872567388783429e-05,0.11099613012854552,15852.542075387591,3.0,4.657281227936553e-07,2.75e-06,0.025609604428339084,0.005576753193739085,0.0010027172926955266,0.0001359654681431846,2.9206895295837336e-05
305,2,3.9083404758823495e-05,0.2990687648797469,20338.440820240678,2.0,4.629380411255624e-07,2.75e-06,0.03009014199724423,0.006269062791143963,0.0004948299882092253,0.0001386500179606036,3.20868494460693e-05
305,3,7.048497755319774e-05,0.2098114325728049,15863.898749391272,1.0,4.584291679911111e-07,2.75e-06,0.021880123716509308,0.00605828116221662,0.0005685133999992055,0.00017559151250459603,3.195047554725841e-05
305,4,2.653626211265956e-05,0.013703042329371827,23481.963643286155,2.0,4.515579458019776e-07,2.75e-06,0.025669483288106646,0.011727474656152865,0.00045774860039455575,0.0003037709662373622,2.5026891763169335e-05
306,0,8.360849662723742e-05,0.26418323950020683,20458.323624109005,2.0,4.46035287819117e-07,2.75e-06,0.023018856842016756,0.005868512719569023,0.0007454543251641205,0.0003789321687259831,3.176516394764708e-05
306,1,8.303260392981917e-05,0.17165400989360402,10015.272826181495,3.0,4.5819458307437717e-07,2.75e-06,0.023787320583986468,0.005714955035355501,0.002015423528108276,0.00013835367968525537,3.138148103110092e-05
306,2,0.00027868946697417844,0.16801321304738237,18585.026156470325,3.0,4.737607373965763e-07,2.75e-06,0.03923844687059566,0.01070438559236033,0.009187111043518137,0.00028814226088452716,6.578118725881895e-05
306,3,0.0006972537491496242,0.07251360388128718,22018.597930058117,3.0,4.583556793600176e-07,2.75e-06,0.026513684909373305,0.019275535797266517,0.010347250514857388,0.00020087252272479148,6.958566067317893e-05
306,4,5.550538072784098e-05,0.16286472436601268,4295.041081196515,1.0,4.6097836182249856e-07,2.75e-06,0.021904901893847317,0.005529939759218068,0.0006940548910789007,0.00032010693217777026,2.7072222887328464e-05
307,0,3.022938342377485e-05,0.12210751559884847,22292.687851613093,3.0,4.485495377643175e-07,2.75e-06,0.024845657331013248,0.00570063826045036,0.0005048397788781683,0.00041182558376504666,3.110532489338882e-05
307,1,5.22272257334966e-05,0.10612883421367114,15961.038745573254,2.0,4.5767670076348463e-07,2.75e-06,0.020862848120674637,0.005557113896509727,0.0005650534310717557,0.00022241663286624454,3.0508615064041307e-05
307,2,0.0011577120396247865,0.0069416104876557465,6867.3635101572,1.0,4.6969668692795204e-07,2.75e-06,0.06352961640700082,0.07315909379972674,0.008382467234462898,0.0001838003587547514,0.00027450920075610216
307,3,0.00046023436889645566,0.13627191229402938,9932.61385764531,3.0,4.819569914850263e-07,2.75e-06,0.038128952468368206,0.024562497395175496,0.020368307611191756,0.0003603856368920463,0.00020126978013531582
307,4,0.0006032586501167923,0.09772872438231701,15496.524333630168,3.0,4.643350503506406e-07,2.75e-06,0.026883033549003288,0.021335233647020887,0.013591762432697918,0.00014918103963366142,0.00011184487703398921
308,0,0.00027865038767633436,0.007460482064989314,15524.5881408914,1.0,4.7426068151538233e-07,2.75e-06,0.024823102088036716,0.023750299671036108,0.004462618621406538,0.0002860603734677113,4.145889135170816e-05
308,1,0.00015818789840259866,0.2628971388682105,24103.960409497882,1.0,4.654112410613903e-07,2.75e-06,0.029287268074266914,0.006123453818340602,0.0028156581841988736,0.00014406315575136183,3.18054263191361e-05
308,2,5.836653766847589e-05,0.1979047693785841,8077.816140538764,2.0,4.599072787875801e-07,2.75e-06,0.02100000688282864,0.00551446307784437,0.0006315858906938086,0.00023796900336693505,2.88093955392958e-05
308,3,0.00010330081577916663,0.2847302194115232,9883.574409024925,3.0,4.6023520250614243e-07,2.75e-06,0.02025310338541584,0.006149254258776858,0.003347465418843943,0.00019751512740049968,4.200451882788401e-05
308,4,4.591073242755198e-05,0.2089413244212341,18235.151676282483,3.0,4.734500633961211e-07,2.75e-06,0.04379191876689096,0.005845279400299133,0.00048056986915354555,0.000252224585846421,3.124991947573033e-05
309,0,0.00024428840883061764,0.2432080085629606,13226.767080238162,2.0,4.6974283019408883e-07,2.75e-06,0.03201719146818572,0.010132385404619325,0.008815236770002975,0.00019651325849431433,7.216661132795736e-05
309,1,8.344388330321882e-05,0.009565660721486811,19062.599702076568,2.0,4.586094245272811e-07,2.75e-06,0.025703458389244996,0.022592323152141918,0.0035705260495691557,0.00019437324174810587,2.9350370877597495e-05
309,2,0.0001483601391434383,0.20982925724050383,15477.713469843051,1.0,4.6707859129650446e-07,2.75e-06,0.023437156432425058,0.0066700040022432,0.0040365374394785965,0.00014398730679377443,3.5265247962181226e-05
309,3,6.425920211207841e-05,0.07232236129607868,6787.892337560713,3.0,4.6220460307312374e-07,2.75e-06,0.020459438336568752,0.01232955803777837,0.002406894794376336,0.00014785729146226124,3.4814492090869845e-05
309,4,0.001254463390139609,0.2676759399553584,7881.394029850342,3.0,4.6682666964537213e-07,2.75e-06,0.05817385719017151,0.0618394700333996,0.034275678360250035,0.00024041021717139278,0.0006594250480869709
310,0,0.00022322672997077066,0.29342672940602527,16040.355522981894,2.0,4.7409517150424316e-07,2.75e-06,0.037574935213632775,0.008576621437962078,0.006829994412195552,0.00023924073736237596,5.2994684779581924e-05
310,1,0.0003488943407899379,0.1707431448842043,9090.647927953829,2.0,4.6471317274708587e-07,2.75e-06,0.026623763538970113,0.016665208758625535,0.014137586681918305,0.000200305642576058,0.0001460734152516906
310,2,0.0013115461031431815,0.18089271452415928,24504.975697287355,3.0,4.5931949736719264e-07,2.75e-06,0.036990121631956925,0.023208371924807705,0.010843274963397044,0.00031050193084514746,8.99773389056811e-05
310,3,0.00040917957115559506,0.11159905907321965,2526.503392822362,2.0,4.6368659782591656e-07,2.75e-06,0.08905547231153764,0.07160757848461792,0.05689404451431059,0.0003425646276650582,0.0013175305975171006
310,4,0.0013451826523396564,0.03106924747669285,19734.934651466607,1.0,4.626495606053157e-07,2.75e-06,0.023704362863340888,0.019255861457820937,0.0049202551665568335,0.0001547867535560394,4.442951009576317e-05
311,0,3.704775300935662e-06,0.22153074482723298,12696.568163124428,2.0,4.4950947843752663e-07,2.75e-06,0.027132313507465894,0.005941184652327155,0.0005045030477876794,0.00047374220000764936,3.121685081443434e-05
311,1,1.8780637282384575e-05,0.24998907738076817,17061.643815064323,1.0,4.6183682124690817e-07,2.75e-06,0.023579777920601824,0.006335046539845494,0.0005061782054286667,0.00015544867651332995,3.225843721730853e-05
311,2,4.18542676461679e-05,0.10397525126950385,14039.99082465283,2.0,4.72108653121227e-07,2.75e-06,0.03824224928360307,0.00559658953326241,0.000515857110908444,0.0002081940426781599,3.004523763058905e-05
311,3,4.3021390656443765e-05,0.13925502133806064,19146.560671385432,2.0,4.612539935846316e-07,2.75e-06,0.027897087855687012,0.005777250371962789,0.0004918719233075721,0.00013607792207907406,3.144761750961369e-05
311,4,4.063170774637477e-05,0.036957445066228486,2138.7822258434053,1.0,4.667147450811361e-07,2.75e-06,0.027722761319429176,0.023667972659589632,0.0012789131624453,0.0002137395453752849,7.576444475904741e-05
312,0,5.479477351017283e-05,0.1252848382501431,5916.397070503888,3.0,4.5179191444973363e-07,2.75e-06,0.027813199099701483,0.0076293269086403935,0.00092566987139959,0.0004089553902045312,2.238675996516941e-05
312,1,9.405691930407213e-05,0.279191393981234,4699.415831338723,2.0,4.7379616270969637e-07,2.75e-06,0.028489128650248274,0.007141839699105117,0.004625999217674765,0.00015184196271485545,7.031687489261567e-05
312,2,0.0008414480635424487,0.26336435918811807,22459.45352609487,3.0,4.71131785337739e-07,2.75e-06,0.025915916545769375,0.015402649372845351,0.01085857215258144,0.00015406357066913049,6.778144124539312e-05
312,3,0.00010704356262264698,0.26537251334230316,21753.483836503405,2.0,4.59664651087492e-07,2.75e-06,0.02057275746984288,0.005732509081425513,0.001730510327218402,0.00023969707163158153,3.156286741613813e-05
312,4,8.028506591760244e-05,0.058749918362583774,2240.6040665455885,2.0,4.5899771023715665e-07,2.75e-06,0.057377483697690766,0.03941732689476578,0.020516173250073072,0.00036883671430460726,0.0003900273802434704
313,0,0.0001320378326024767,0.25926154063331736,16212.475650596863,1.0,4.532487426114379e-07,2.75e-06,0.02221928293741256,0.006061378295646437,0.002785264598021874,0.00034564097467870675,3.2068170645753955e-05
313,1,1.9896211140456844e-05,0.1588398000977691,12035.68543993734,3.0,4.6780376604249103e-07,2.75e-06,0.02853436234117218,0.005668465094499887,0.0005091989082967194,0.0001381131793518876,2.9289799751219375e-05
313,2,3.453595640218665e-05,0.22987440406968457,15540.15993126331,2.0,4.650332762631374e-07,2.75e-06,0.02437134440313547,0.006027361195958737,0.00048737157102111424,0.0001460533984423328,3.159980137726094e-05
313,3,1.360275495453065e-05,0.07284282194329451,2004.846041272726,3.0,4.6494611961549394e-07,2.75e-06,0.029334645070782445,0.033132006554634004,0.0006572236752022828,0.00015001459712515452,0.00011160056936538697
313,4,0.00016140333728124036,0.04312673887736579,10248.656288022432,3.0,4.6249875539123616e-07,2.75e-06,0.025642354577997573,0.023043212654433834,0.013932741158697548,0.00015884321821279363,0.000133195417761613
314,0,0.0001282906437400061,0.08051432535173861,20013.723729459987,3.0,4.7192312897764243e-07,2.75e-06,0.043912022236154015,0.008889648035329748,0.006048845271510083,0.0003385565208600786,4.654285584007264e-05
314,1,0.00032223160993317994,0.23091280695648417,8015.216130944957,2.0,4.5922145308684765e-07,2.75e-06,0.03452009017985618,0.017103606129080476,0.01625670176955521,0.000349978582037553,0.0001690990516019605
314,2,0.0005643454506943317,0.17536958087195345,17575.724108067825,3.0,4.817422509291643e-07,2.75e-06,0.053518992636980144,0.015628323133720187,0.012287163415381677,0.0005602083880582942,8.750752589865011e-05
314,3,5.796821346960209e-05,0.032729831900976204,3389.38482125665,3.0,4.456361041149966e-07,2.75e-06,0.09699414266677153,0.04905698266748689,0.007623657035197444,0.0007363696106137133,0.0001812714244585705
314,4,2.143202454224694e-05,0.12994655568715807,20232.243108505016,2.0,4.611105724099545e-07,2.75e-06,0.021669300137828584,0.0058206328349088956,0.0004992875930843303,0.00017630548817646323,3.157945117926773e-05
315,0,1.0971440887838521e-05,0.038702671615811056,9259.89338303737,3.0,4.718894836959019e-07,2.75e-06,0.02381095407670929,0.014380347748375736,0.0006263152815929105,0.00017145697245689567,1.5778354000256555e-05
315,1,7.532020501543691e-05,0.09122883938955857,15622.316730888007,2.0,4.6686905668640153e-07,2.75e-06,0.03412616766392402,0.005618479754251574,0.0016869480975687846,0.00018180066165436875,2.99051355562835e-05
315,2,1.3885075168108014e-05,0.18650777099282712,21695.48822322939,2.0,4.493075042579046e-07,2.75e-06,0.021984393381808038,0.006067196301025433,0.0005103049373950789,0.0003355085133813221,3.196893140954335e-05
315,3,0.00045600649387094746,0.1095414036024067,9161.563895568932,2.0,4.540412623777397e-07,2.75e-06,0.04555249986147957,0.022268813503787527,0.016025610274513942,0.00045080893209259817,0.00018586673674436996
315,4,1.0269200613080912e-05,0.25633608981728434,2011.97516996157,2.0,4.740636459216887e-07,2.75e-06,0.021072315428776054,0.006674295118200447,0.0004892354759676457,0.00016318817015786204,1.7137922730522804e-05
316,0,0.00021994101774433392,0.21188263290625628,3909.1212188121226,1.0,4.7122218173526253e-07,2.75e-06,0.0312671654440173,0.021575000814177025,0.023700455695739805,0.0001981929035744951,0.0003349219082450263
316,1,0.00021149179152489075,0.1458602254548804,15804.428620924638,3.0,4.746900920420712e-07,2.75e-06,0.03929840833289905,0.011337830517245543,0.009935025013702711,0.0002918316170565185,7.689449809949405e-05
316,2,0.0006348930555297479,0.13911603257385588,9718.767471711253,2.0,4.702824482815005e-07,2.75e-06,0.02999418438613635,0.024693825069913855,0.017317662558275233,0.00024023770077471148,0.0002125140754672131
316,3,3.181515614390387e-05,0.18667221777390045,15320.30541182701,3.0,4.6108321761303043e-07,2.75e-06,0.022378575442118753,0.005741479648297334,0.0005092134447678008,0.00016182629766559994,3.0649044495703445e-05
316,4,1.5494915964435794e-05,0.162469940917028,7502.3817087380885,2.0,4.638570632319018e-07,2.75e-06,0.03044579248721853,0.005722951276419832,0.0004955518886823918,0.00014714772723091427,2.793680612124313e-05
317,0,0.0005086088903128692,0.29005660489264273,15265.273663589058,1.0,4.559702169610824e-07,2.75e-06,0.02177416766684304,0.009223960179050146,0.00720095863262018,0.0002447272751525311,5.296072819945365e-05
317,1,0.00013718358966912774,0.22617750920736396,18736.837511917467,3.0,4.684851160156527e-07,2.75e-06,0.04445601552831863,0.007569265215986584,0.0053780003685092725,0.00031112653275795944,4.3758612641699094e-05
317,2,0.0003501217092842739,0.12449950341266909,23117.68277957579,3.0,4.4828233426930977e-07,2.75e-06,0.03294443888333187,0.010392797728827572,0.007986155440515756,0.00044493664023506694,5.2070126395465384e-05
317,3,6.250964600252606e-05,0.03691314027540249,22289.018920884067,2.0,4.481791314144261e-07,2.75e-06,0.028731346718917028,0.006510591487854509,0.0012044100673240163,0.0004505619951221684,2.9202311343662205e-05
317,4,6.385832765089396e-05,0.1466436041440158,21127.99807489307,2.0,4.499691271755195e-07,2.75e-06,0.026053819889553687,0.005706913529700648,0.0005974027058262022,0.00044770726586001514,3.155549892802504e-05
318,0,7.051769285246827e-06,0.08609055749265296,5323.069515795627,1.0,4.7360049659379964e-07,2.75e-06,0.024999952238174698,0.0061148031367352215,0.0005189569384789803,0.00013515937482117685,2.611065054723692e-05
318,1,0.00031228348031732753,0.1371798152155092,2689.8941518389506,2.0,4.570580675046128e-07,2.75e-06,0.0742341742058321,0.05132887064343348,0.04673773975675526,0.00040270717638720674,0.0009258469534363754
318,2,7.452882162047512e-05,0.14149327542025303,8396.460482120947,3.0,4.724148256324453e-07,2.75e-06,0.026935265272982584,0.006368567428565748,0.0019148207275969872,0.0001431536175954636,3.094987280687639e-05
318,3,7.153302642993876e-05,0.17173165149953407,6502.073324930978,1.0,4.820767790290291e-07,2.75e-06,0.042424404608784494,0.005509913733052062,0.001060221183587423,0.00024808314410653033,2.964478854746795e-05
318,4,0.000462896056018247,0.24353207898625695,17404.547678714523,2.0,4.644380272315898e-07,2.75e-06,0.022734125157631357,0.010906044273979851,0.0083624707629348,0.0001559239186112125,6.22735709809168e-05
319,0,0.00013064375891858225,0.13861586866244843,17173.48506973601,3.0,4.645183750018975e-07,2.75e-06,0.02425892704577899,0.008588026224896626,0.006456451585619776,0.00014190667116279704,5.171522503634186e-05
319,1,7.214480935423503e-05,0.20365021342105508,12821.209635417139,2.0,4.64232260641175e-07,2.75e-06,0.022859125159367232,0.005563682254965542,0.0008292348224278246,0.00015570464461188945,3.067309547633112e-05
319,2,2.0265368797365148e-05,0.054412694057311514,9479.423507266754,1.0,4.544824676089734e-07,2.75e-06,0.021308783740065673,0.005944970829068294,0.0005020022105151214,0.00027534323540093854,2.879131083865441e-05
319,3,9.018860533484007e-05,0.10183603987430195,11116.265476901972,3.0,4.627628680725964e-07,2.75e-06,0.021501073931152817,0.008173861835662927,0.003982741746335378,0.00014056429707961756,4.451995664528729e-05
319,4,6.0436974734017434e-05,0.2968349225017544,10751.215615450055,1.0,4.629729601730492e-07,2.75e-06,0.022719636143032147,0.0061695405945519435,0.0005371852222076549,0.00016279985654670808,3.1750047752262626e-05
320,0,2.2755207848022842e-05,0.2989927882893922,11215.91220831194,1.0,4.72725359954206e-07,2.75e-06,0.06061567953033659,0.006302308372556139,0.0005080953747483543,0.00045400178637180767,3.196513791638421e-05
320,1,5.4207696163356025e-05,0.01644709833689397,5063.153368369894,2.0,4.768486414447979e-07,2.75e-06,0.021194486183751107,0.04434197907484146,0.005973951395631247,0.00033693322653752944,0.00011696414179152835
320,2,0.0005469149134302166,0.16537468581278367,23188.63916757397,1.0,4.6080448102026383e-07,2.75e-06,0.020470891753737605,0.00786702421902549,0.0049124253274716425,0.00018261662222315964,3.3834273707670984e-05
320,3,5.1450415905552826e-05,0.12409444998964074,9774.986261892289,1.0,4.684204426370051e-07,2.75e-06,0.021155351929753596,0.005667173006803733,0.0005462641667578256,0.00019342179387217385,3.072210796525044e-05
320,4,9.984046750680732e-05,0.19761732953760824,12116.396245195332,2.0,4.6135892944716804e-07,2.75e-06,0.021850505671261785,0.005887046071167613,0.0029017427040934026,0.00015602375787298454,3.457742279124391e-05
321,0,0.00012953477648820286,0.27326612597195205,22333.616833938042,2.0,4.800481786155254e-07,2.75e-06,0.05721810956835894,0.006067900907512558,0.002953511020624765,0.00044188167136067943,3.1929284134236435e-05
321,1,0.00013619450837629727,0.16312497896319256,13353.121295533801,3.0,4.619722145710549e-07,2.75e-06,0.02530997958406116,0.010137567727099141,0.008522146065646706,0.00014349465703245186,7.34692802111628e-05
321,2,4.6835965829876886e-05,0.2482939152589156,9308.330466936306,1.0,4.616291801996007e-07,2.75e-06,0.02337217039376537,0.006087309465636784,0.0005055768835326358,0.00015525153723370917,3.145290740650344e-05
321,3,5.0834574604364505e-05,0.2420020620864895,8370.674108018033,3.0,4.6430400802998023e-07,2.75e-06,0.028379481151627278,0.005599711644460811,0.0005283348282728983,0.0001375312314607194,2.807152361012468e-05
321,4,0.0001031060211770142,0.27269598575587256,13592.939282714475,1.0,4.7284847633861554e-07,2.75e-06,0.03628746474466958,0.005825075075326261,0.001271373767042315,0.00017963995864949097,3.155041918386677e-05
322,0,2.0034021910774324e-05,0.08381345386626683,5833.895875233255,2.0,4.621762923360692e-07,2.75e-06,0.020828448227077054,0.007885452114979883,0.00048742784229134265,0.0001710416868583712,1.9959385069881895e-05
322,1,0.00016803850000107992,0.29720282149668453,3053.1609205942477,2.0,4.563317766425254e-07,2.75e-06,0.04455515913331195,0.027707049740960905,0.03208413082757506,0.0003276166454312584,0.0005478218192861092
322,2,0.00039778322832701243,0.22843938045921577,7680.874517436554,1.0,4.7602125270984e-07,2.75e-06,0.02415450729611948,0.014375705631061365,0.013387191998694772,0.000161111176669867,0.00012989042332620863
322,3,0.0002452030348021994,0.15359889323562007,6238.538485551517,3.0,4.7320110955301916e-07,2.75e-06,0.041107010566459705,0.026232047137524323,0.02647797267730051,0.0002327049829332573,0.00032711517803746953
322,4,8.923212694941274e-06,0.0186691434373614,7425.2768607856815,3.0,4.515805747892148e-07,2.75e-06,0.06085906940672676,0.036130314991393866,0.0008614918206024735,0.000455714342202632,4.1943264278186935e-05
323,0,0.00010970908995140723,0.3006967626651939,16813.465105763415,1.0,4.680736887782069e-07,2.75e-06,0.0460803926240651,0.005885479850206553,0.001293999269504681,0.0002798509981738224,3.176371777116252e-05
323,1,2.771982411860641e-05,0.11144072782865021,17677.688759682456,2.0,4.702615554973992e-07,2.75e-06,0.03470166792219486,0.005691733042139495,0.0004932366958502158,0.0001701533569449794,3.107202594482399e-05
323,2,0.00025888100771703575,0.14472825651863616,2059.5470170388503,3.0,4.569436285275064e-07,2.75e-06,0.11721374382668798,0.0739511537680274,0.08174759057940291,0.0005348921357362105,0.001578914288702507
323,3,1.7681217141259843e-05,0.09843581443102421,16963.08051078362,2.0,4.813969067378805e-07,2.75e-06,0.05827876494442715,0.005658467215097287,0.0004976967467903785,0.0004460372398733775,3.081790244061053e-05
323,4,3.0928303031842437e-05,0.185078323159813,22544.966928812388,2.0,4.5598718589107903e-07,2.75e-06,0.024073822648555537,0.006062989719042335,0.0004981342603170485,0.00014906096199767077,3.1975221871126084e-05
324,0,0.00010347071438633027,0.018326396231647356,9725.25049869344,1.0,4.580006144711021e-07,2.75e-06,0.032997684900259734,0.01612059070568936,0.006116917490007238,0.00037505717535109745,5.298163340398129e-05
324,1,0.0004372597999647589,0.2061345287706828,2374.8188764047045,1.0,4.489583214114095e-07,2.75e-06,0.1026194118699892,0.0475408429765534,0.049666949900419144,0.0008099906001780197,0.0009264569952447043
324,2,5.7374629752751745e-06,0.2506052425127884,16974.35514434789,1.0,4.595581320929512e-07,2.75e-06,0.020934495174519997,0.006340151344699826,0.0005089094497735064,0.00022580388457377537,3.227046648788884e-05
324,3,7.673916366005702e-05,0.05759588658217513,6279.666345579176,2.0,4.6058218887336065e-07,2.75e-06,0.022396366024707126,0.014204515973925204,0.005256965914100122,0.00021891558334830299,6.582496583164835e-05
324,4,0.0002794625668320856,0.041050323874230785,22755.566082497804,1.0,4.677807650581625e-07,2.75e-06,0.03199962842142274,0.007981927359871079,0.004314547165245721,0.00019281850204882684,3.1697030636488916e-05
325,0,0.0015581729482484986,0.2084108170055973,19484.551536697745,2.0,4.5856470739127133e-07,2.75e-06,0.03358987983572198,0.022325531074413933,0.011290117898300535,0.00030018475337813857,0.00011351740049151206
325,1,0.0006116060944278733,0.2885108109560534,5724.503500735042,2.0,4.735395812525957e-07,2.75e-06,0.03767882182666787,0.03377102735082034,0.029155289108879417,0.0002230656366667579,0.0004688915600430093
325,2,2.788837660002725e-05,0.23876488865537157,21697.908526191717,1.0,4.771623144714546e-07,2.75e-06,0.061956475604432126,0.006366206896707207,0.0005049842168995146,0.0004702569798374266,3.2356546865838915e-05
325,3,0.00014828449089901682,0.21369369752163955,13450.201785177356,3.0,4.6167726249568983e-07,2.75e-06,0.025633457951815097,0.010420707083005085,0.00916057492516516,0.0001465253361957665,7.788103200458898e-05
325,4,7.674107387317059e-05,0.1657631490693922,5171.6163222735895,2.0,4.6452662356957743e-07,2.75e-06,0.020661004004697583,0.006672130650145003,0.0028527849403737426,0.00024331834288595844,4.528832528586062e-05
326,0,0.0005824758065116301,0.1517334733774439,2828.043201108765,1.0,4.6520372713795443e-07,2.75e-06,0.05618608289876582,0.049226855826036496,0.041076949189719804,0.0003189206249116534,0.0008039864890830578
326,1,0.0002648371396612641,0.07302224772072624,4922.826107840175,2.0,4.5752332432698905e-07,2.75e-06,0.04009506941339144,0.03414333289397712,0.02586900028976691,0.00020789362043194032,0.0003837922855309949
326,2,0.00013239519091072402,0.07555474392477579,6195.916315890848,2.0,4.739983736742702e-07,2.75e-06,0.02787888408992918,0.01883617506843767,0.01430916514211965,0.00019766685611297122,0.0001685518979912625
326,3,0.0002419404376864657,0.04078219454478694,19362.62161671044,1.0,4.5941970298967065e-07,2.75e-06,0.020952756425774596,0.008518771778576836,0.004792934862173088,0.00023254067071219937,3.404583085945389e-05
326,4,1.5238780197152742e-05,0.0861243380876996,9258.00080835478,2.0,4.5066821549944486e-07,2.75e-06,0.024719303232902858,0.0062987738469953355,0.0005404904171200276,0.0003787570527519351,2.6607768199037068e-05
327,0,0.0013110750973289041,0.08614222216633842,12674.011212502259,2.0,4.609157854196967e-07,2.75e-06,0.03834884628559522,0.035446884640830324,0.016559603701088322,0.00021243002852548723,0.00022079338025637462
327,1,2.8704872666268507e-05,0.14304126873242048,13910.230866799082,3.0,4.587915735327818e-07,2.75e-06,0.02182442148934584,0.005671976146461667,0.0005134556660358903,0.0003051261159792307,2.968690205085522e-05
327,2,0.00031240638838063976,0.031988974092984575,13386.305035420226,1.0,4.6762024140639876e-07,2.75e-06,0.024682232033226396,0.01393114793844013,0.006888403228027679,0.00017130736692046565,5.295282395132154e-05
327,3,0.0004904360973557693,0.02313826016390813,4038.018309671116,3.0,4.5727672997194105e-07,2.75e-06,0.1491576418474662,0.12486957034712381,0.04872183736785047,0.0003464775513987485,0.0011862053691671062
327,4,0.00015887161649915413,0.11856513676418222,20293.31301872209,1.0,4.6423779233107444e-07,2.75e-06,0.024392118974496477,0.006449596700725982,0.0037791028141471745,0.00014075201244035694,3.24897767139971e-05
328,0,2.984894940734451e-05,0.02716735662306514,21469.936923764995,2.0,4.567830040818011e-07,2.75e-06,0.022787788038476985,0.007566806223504437,0.0004813072286589767,0.0003050801946718132,2.8132730979061438e-05
328,1,0.0007154275453747737,0.13376397020582384,8879.0663010337,3.0,4.5358167758915457e-07,2.75e-06,0.06550778100115728,0.03757516262079547,0.025311839043828697,0.0004861539966615071,0.00031054658211696995
328,2,6.78399986397371e-05,0.24726555943310832,18900.09088104934,1.0,4.6554883756999515e-07,2.75e-06,0.03665378650076737,0.006233609011794591,0.0005350633652697916,0.00017474056640523654,3.218002200022728e-05
328,3,9.6425925416129e-05,0.0631265461431437,14459.66433686198,1.0,4.649150048036157e-07,2.75e-06,0.02752281910841679,0.006095141771007344,0.0027918774529634553,0.00014193862947101384,3.1460828470630715e-05
328,4,0.0013095496185584867,0.08591797853148606,20685.803701842757,1.0,4.5331208123208613e-07,2.75e-06,0.026880873564069475,0.015676439269945896,0.005574601985738719,0.00026746697030223494,4.472198986322051e-05
329,0,5.672945878626051e-06,0.022189403889760394,21749.150330182507,2.0,4.767928098764004e-07,2.75e-06,0.04254449661613719,0.008529350833838835,0.00047451461721007183,0.0003237856032782381,2.7364043918730897e-05
329,1,2.5264406311877007e-05,0.06374917547018469,7084.288743587868,1.0,4.79992566410891e-07,2.75e-06,0.04561949335304494,0.006175430201236453,0.0005021504522946636,0.00031273161725520535,2.704433005576983e-05
329,2,0.00010156320436324545,0.3002417533007976,2364.224478468883,1.0,4.488271533215147e-07,2.75e-06,0.05281380084582191,0.008119984371270742,0.005885381777363648,0.0007569158970476493,0.00011646790969371075
329,3,0.00017572366893133973,0.2727303544702237,14864.031847097567,1.0,4.7060917419105095e-07,2.75e-06,0.03833645590672636,0.007363267728684848,0.005017325428295551,0.0002307841123932779,4.0865281815010444e-05
329,4,0.00015881071670955784,0.07579840642140544,2249.755154596726,3.0,4.7061332564312787e-07,2.75e-06,0.07637305873375679,0.07066263170762034,0.060113467924829515,0.0002599272581873995,0.001141448129985138
330,0,1.3129210242895848e-05,0.25875541797493123,2270.937883199248,2.0,4.644322392817283e-07,2.75e-06,0.02286811671186295,0.006260268113363304,0.00050242582508218,0.00032328181087807126,1.7348728381465806e-05
330,1,0.0002469587735791264,0.17191591641828224,22532.91929127525,3.0,4.6765635102073266e-07,2.75e-06,0.029728271408698742,0.00911799377336698,0.007400045728119417,0.00016470506155243556,5.0051979007369956e-05
330,2,1.9547630606915408e-05,0.03566762012437308,18515.25394781734,2.0,4.4329386992444556e-07,2.75e-06,0.03778787361920919,0.006975886381747817,0.0004723764453505754,0.000577504604178626,2.8260143672876e-05
330,3,4.2697168342809203e-05,0.1441731125485641,10211.420315980777,3.0,4.72098552338568e-07,2.75e-06,0.03153187850229483,0.00578036711227336,0.0004905057500846873,0.00015779556615014398,2.7533401748622646e-05
330,4,5.205889936188794e-06,0.08068059298446081,15261.897216727499,2.0,4.6171740951619115e-07,2.75e-06,0.02151597105333675,0.005756260841048259,0.0004890994589007426,0.00016620756696377807,3.002303223379065e-05
331,0,2.5209277094010394e-05,0.26790331380136057,16002.49207060648,3.0,4.702784404195756e-07,2.75e-06,0.04685529978843317,0.006001864539223159,0.000509094660108416,0.00028458612844879677,3.1333170962601457e-05
331,1,0.00016135327978403542,0.036630184206073,4271.512939590686,3.0,4.57465252977831e-07,2.75e-06,0.07925650780069532,0.056979363382195815,0.03213784849584713,0.00039109545370022685,0.00048747998365883334
331,2,0.0005978275771635326,0.20764842318938345,2207.8361527871907,2.0,4.6773075718059225e-07,2.75e-06,0.10755889486241958,0.08426468837293523,0.0736129543018433,0.0004029436860735044,0.0018743561606160291
331,3,0.0002000735405371561,0.2740253119322264,3581.152101411912,2.0,4.653308383313232e-07,2.75e-06,0.03792008776007864,0.02670393521099036,0.0302851657275273,0.0001962177642476097,0.0004819343264224831
331,4,8.772972472766552e-05,0.26090392383305183,8322.526889921646,3.0,4.4816853751110705e-07,2.75e-06,0.0302201291010751,0.005556199888125145,0.0020169559943289707,0.0004982041754022738,3.295737073026857e-05
332,0,0.00011882233570774888,0.08659909372863064,23390.90673106819,1.0,4.66299178042599e-07,2.75e-06,0.02307743410091231,0.005755494880883905,0.0024271929464717242,0.00014697238754548614,3.1443944034873945e-05
332,1,0.0002166797848725144,0.2556693156918045,9347.62498114726,1.0,4.660865598479197e-07,2.75e-06,0.02852699855452821,0.010336701619059353,0.009113535619628275,0.00017132008595852053,8.292204818413107e-05
332,2,6.906390511295312e-05,0.29337405622588575,21071.425742515254,3.0,4.859238701090297e-07,2.75e-06,0.07253176735343354,0.006023099813142303,0.0005610330367378098,0.0006147656218422666,3.1728079230974725e-05
332,3,7.130947537775073e-05,0.17516241324495033,19396.658763424275,1.0,4.5351407158067633e-07,2.75e-06,0.021846628566619796,0.0060356486831258495,0.0005773423980780019,0.0003336616040167171,3.2047953028652746e-05
332,4,0.0014726429685090444,0.12335324711814191,13752.295856045008,2.0,4.556822015228596e-07,2.75e-06,0.03966978439620643,0.03289339402596268,0.01534526580554367,0.0002457611190292893,0.00020567702877912907
333,0,0.0013141516780739598,0.006064433811936542,9597.79246701676,1.0,4.6762686783950534e-07,2.75e-06,0.034002627534368834,0.05613674628965034,0.004703692319270301,0.0002704198402257694,0.0001480190714204649
333,1,0.00027178184304992443,0.26304680633764327,3187.067703963228,2.0,4.5788255540597355e-07,2.75e-06,0.060367682238705846,0.03404302287441192,0.037557901339216646,0.00046261733399489605,0.0006202045726458766
333,2,0.0001976787559727563,0.04194453243833144,5269.063652584399,2.0,4.5429698016627065e-07,2.75e-06,0.0590004751980164,0.03510967898549825,0.02048456275999841,0.0004456459274050661,0.0002869767083182836
333,3,7.26557740729845e-05,0.0699343490636243,6784.56167874228,1.0,4.5809350947705157e-07,2.75e-06,0.020789327955970962,0.006756920851748244,0.0024309871845922307,0.0002206874440675799,3.49816036736393e-05
333,4,0.0004800890415329733,0.05164194569696429,8565.399452920014,1.0,4.6444033699688324e-07,2.75e-06,0.02754496559153616,0.02202685721073543,0.012154763283129437,0.00020678141755639718,0.00013370273836925831
334,0,9.537371310577743e-05,0.08806024817363015,20930.074089749814,2.0,4.642654771378811e-07,2.75e-06,0.02047320361408865,0.0058010762676079545,0.0024720351269904343,0.000183325993252493,3.088938664657401e-05
334,1,0.00016271818775161562,0.0022929580950052032,14019.72075844207,1.0,4.609487981662561e-07,2.75e-06,0.04731571209689563,0.0454583655983292,0.0013720350257719162,0.00019532470546864515,3.798554700027199e-05
334,2,0.0005353825513886732,0.06798810316282063,12595.102021418772,2.0,4.566123952607337e-07,2.75e-06,0.03192904695377407,0.021167356309842598,0.012194717130983019,0.00028543849020440723,0.00012702009367975556
334,3,5.324933472176422e-05,0.2796973454617389,13025.594457004967,2.0,4.6389470687961077e-07,2.75e-06,0.030167537448112486,0.00600464692903125,0.0005275494481914146,0.0001396209748109672,3.134035221037825e-05
334,4,5.4368286472537266e-05,0.18849513192027975,22304.018677583757,3.0,4.6479630585111175e-07,2.75e-06,0.031245080299605894,0.005831597599657771,0.0005156459012891401,0.0001444890071890826,3.151821183410767e-05
335,0,0.00020118749636077106,0.13730506266551237,18724.7794761411,1.0,4.744359888893191e-07,2.75e-06,0.040989172595975724,0.007121840799331401,0.004794456674213893,0.0002642081330263282,3.583805569807853e-05
335,1,0.00011509863054155949,0.17382222349096874,14264.923863272987,3.0,4.623787484387494e-07,2.75e-06,0.023529398442506188,0.007863001311581522,0.005601205301776657,0.00014006173413921963,5.078392434143428e-05
335,2,0.00033153054284779397,0.17737954455460078,15633.834037511122,1.0,4.581518440868324e-07,2.75e-06,0.020800798219263415,0.008459581912000113,0.006447506324395353,0.0002362040091934029,4.7030719761544984e-05
335,3,3.822348628371308e-05,0.14583036254410803,8002.1127406658625,2.0,4.649085086324082e-07,2.75e-06,0.022983262280243128,0.00566770555262516,0.0005078982351435852,0.0001466768434924325,2.7801408417913947e-05
335,4,0.00016796991590108088,0.2881069797514322,16178.243779882025,3.0,4.589034620384045e-07,2.75e-06,0.024013933541449595,0.00970514479913713,0.008276265188093908,0.0002750274660602786,6.34211189726802e-05
336,0,0.0004028328371058003,0.14580028919686625,7298.739226282409,3.0,4.6330459495657095e-07,2.75e-06,0.037458283781719094,0.030521701789537378,0.027699062210175606,0.00016711593401855208,0.0003205654259195114
336,1,3.815924801344678e-05,0.3008445225106625,9459.80413439239,2.0,4.637405643404658e-07,2.75e-06,0.022973337236354308,0.005964320825885011,0.00048446512522606666,0.0001583897408687728,3.065408622734978e-05
336,2,0.00021802889597793534,0.20672975481619651,8129.546521109145,2.0,4.772843106248492e-07,2.75e-06,0.036438949151981676,0.014400613754585396,0.013993860069099777,0.0002520191335653162,0.00014294092078284131
336,3,0.0003050425935971412,0.06416074653634547,9405.23832354035,1.0,4.6590084922190444e-07,2.75e-06,0.024783104520169883,0.014505535891074941,0.010267498903624585,0.0001761406914017379,8.841716790316119e-05
336,4,0.0008530979020546347,0.2277086327793944,13425.27014856859,2.0,4.5425918414911755e-07,2.75e-06,0.027939647916116205,0.019663296936045654,0.01382308527298511,0.000239733208739153,0.0001473927799335228
337,0,5.116794870387085e-05,0.1713341788765959,3142.9667279343244,1.0,4.6820726221568953e-07,2.75e-06,0.026027457013331045,0.005667500574468167,0.0007300824509946837,0.0001360130477453023,2.5359382821718155e-05
337,1,0.00019038718600538233,0.22399557821439728,22235.24098518769,2.0,4.5018979208131624e-07,2.75e-06,0.020067034364200168,0.007049164348440753,0.004731566242194653,0.0002136796040919487,3.6312935678899325e-05
337,2,4.6912469149769523e-05,0.1374330987333045,11752.623581259968,1.0,4.690443778578418e-07,2.75e-06,0.03541794245213232,0.005840858676375483,0.000512730680370309,0.00017109818989872344,3.13362615967226e-05
337,3,3.3418052089305936e-05,0.014732030940686213,15174.138969398293,1.0,4.685646786396185e-07,2.75e-06,0.0292076876544993,0.009384736759225007,0.0004909830621730029,0.0001801302609656958,2.6466101380486678e-05
337,4,4.752993657964623e-05,0.1343590313436166,16796.180077491637,3.0,4.638445522491159e-07,2.75e-06,0.02675580892018456,0.005583849039811792,0.0005060240965959613,0.00013663392899946358,3.023659532972057e-05
338,0,0.00012763256238825573,0.1558537026918966,12465.06396633951,2.0,4.554330265323254e-07,2.75e-06,0.02583329327841652,0.008213192416008498,0.006132051026344699,0.0003654024224953155,5.4669731181295924e-05
338,1,3.626488821261071e-05,0.17577206523885328,21841.64720400537,2.0,4.5648393618361706e-07,2.75e-06,0.020899102964307675,0.0060162524050331595,0.0004944231150234319,0.00023762959057997677,3.190429973006783e-05
338,2,4.3335920885638806e-05,0.2477653122639696,15723.663674136138,1.0,4.4279613783729465e-07,2.75e-06,0.026196421889077896,0.00627901276854663,0.0004910292056681985,0.0004607595882901709,3.214587985112382e-05
338,3,0.0013207557997385127,0.29372907719535485,11474.710644327884,2.0,4.741161080850708e-07,2.75e-06,0.02664657063560622,0.029246328623113424,0.017284827684218948,0.0002657834906481125,0.0002604005176832045
338,4,0.0007542324323832163,0.24629118891672086,22317.0806890609,1.0,4.650206235279534e-07,2.75e-06,0.02487524092944503,0.009072303268948024,0.005359789647933215,0.00014223783220773344,3.5920219242138924e-05
339,0,1.9956163687439027e-05,0.08257866446389303,14021.276799121442,1.0,4.6880667195980106e-07,2.75e-06,0.028030135577400268,0.005745040413038255,0.000502396956564463,0.00013620328657193946,3.131874123715026e-05
339,1,5.458283600179917e-05,0.04135497886077861,5698.405864819611,3.0,4.653450497514299e-07,2.75e-06,0.021361558122998243,0.022685033030129153,0.002766674504682326,0.00014313691195652837,4.8870119571192396e-05
339,2,0.0001836091915974418,0.1395448409253166,16655.41002755775,1.0,4.6389194523173437e-07,2.75e-06,0.022280742055381136,0.0073409961122904285,0.005083694303450168,0.00014763110510802058,3.8605990254518976e-05
339,3,0.0004409848337325487,0.2239175324540121,12121.629678422056,1.0,4.5338614995654697e-07,2.75e-06,0.024563663738936103,0.010814353177013807,0.009001999529486708,0.00029794356311525007,7.075492147085972e-05
339,4,0.00029599005243038245,0.0246115502456291,2441.410740930716,2.0,4.545019662031378e-07,2.75e-06,0.1508456931214309,0.12078458171685051,0.056565844265839126,0.000419413313782101,0.0014424792931529765
340,0,4.671728257408946e-06,0.14912577580031913,8009.976140553643,3.0,4.6987996163638574e-07,2.75e-06,0.02481901806192013,0.006057222750587438,0.000495272616504198,0.0001363528899988526,2.5762517239719065e-05
340,1,0.00010270843865522776,0.15478282321236003,4178.271600782817,3.0,4.489815059768962e-07,2.75e-06,0.055187665569140086,0.01680353705365267,0.013411111054723807,0.0006491398781872824,0.0002028492938025209
340,2,7.377336871170301e-05,0.17690036131777467,23224.011117076745,1.0,4.6027390523718893e-07,2.75e-06,0.020928565004281075,0.006103149447736441,0.0005666661696038184,0.0002380118616683374,3.2181802433264206e-05
340,3,0.00015797495202341484,0.09831389709802991,13949.0618380104,3.0,4.7084983249172405e-07,2.75e-06,0.029819217635680326,0.012557079680282525,0.010341860692915034,0.0001745967402662626,8.476803057152589e-05
340,4,2.6541856424641808e-05,0.22497049106684536,4467.938508464739,2.0,4.78143450443305e-07,2.75e-06,0.0461668815724923,0.005717025024728411,0.0004769323811761876,0.00029991865244414557,2.449101791513892e-05
341,0,0.0001535558550885674,0.2199616695746408,23607.48436747045,2.0,4.6313934850042036e-07,2.75e-06,0.020051522241364875,0.006580596164383751,0.003975164644393152,0.00022128292859748488,3.307894816675528e-05
341,1,0.0012585004686795154,0.2571690809044336,12407.68936647796,1.0,4.4835216440384755e-07,2.75e-06,0.04360348321697835,0.021451253681686728,0.010146793352999556,0.0004481747108970396,0.00011477393692826939
341,2,2.730843286454188e-05,0.2126901915608258,10871.283876844807,3.0,4.804167269595836e-07,2.75e-06,0.05604854828081076,0.005712046407767338,0.0005017516459140116,0.00041332442640549686,2.9531666242595865e-05
341,3,0.0001488130637647203,0.14014549961238665,4817.281425993182,2.0,4.6484075092212845e-07,2.75e-06,0.029721868641544604,0.019836936993909107,0.0189027891548695,0.0001638375940171349,0.0002559816518601215
341,4,5.0258518774107066e-05,0.08975658861679643,2092.5914224606427,3.0,4.7014769001339884e-07,2.75e-06,0.02464045351370887,0.027043024674815203,0.0017863717179758334,0.00014927160667433032,0.0001152356667636521
342,0,0.00011413618846749792,0.2812842552933258,9380.96001599931,3.0,4.597306483793378e-07,2.75e-06,0.02023122495129807,0.007872714696012072,0.00579017215763943,0.0001776629201028682,6.379902503852551e-05
342,1,0.00017229311864175268,0.07029018588882296,22303.923648559015,1.0,4.6543366796494705e-07,2.75e-06,0.023524643398236122,0.006484803904018436,0.0037474088000143805,0.00013974105916044266,3.177178261584475e-05
342,2,1.2525191001846932e-05,0.23057884990760644,12694.237388054327,1.0,4.578542353281361e-07,2.75e-06,0.024171740589338287,0.006227754597864361,0.0005068765155083465,0.00014935835620942149,3.199725751889266e-05
342,3,6.307030317553541e-05,0.21198052269308257,9413.553791700153,2.0,4.708126048967263e-07,2.75e-06,0.035892848444088875,0.00554530675936615,0.0006630264944139137,0.00018022497944767692,2.9665909465703883e-05
342,4,0.001166843050755238,0.22285488357120778,10737.078183637203,1.0,4.746670594207546e-07,2.75e-06,0.031711268006345605,0.023664641845125678,0.011821801433166816,0.0003343393830077019,0.0001445063925459439
343,0,0.00013753007630908914,0.19789030108393801,11660.71426038323,1.0,4.588904433708619e-07,2.75e-06,0.020213829896194194,0.0070057388245816365,0.004595779693168447,0.00023294083588584129,4.260652020978212e-05
343,1,0.00022282088007502583,0.05364068351546975,18618.651053094993,3.0,4.595878462832976e-07,2.75e-06,0.028383048225862142,0.01335041756281277,0.00861701200737295,0.0003193609701476713,6.170664762873769e-05
343,2,0.00014834110431423127,0.25537696581953184,7316.3966143381085,3.0,4.6237657238311654e-07,2.75e-06,0.027299526460484325,0.01436690466336101,0.014318700941733589,0.00021754439645168094,0.00016316934264298732
343,3,0.00013670340229438385,0.24508258628805102,5170.2638764964995,1.0,4.7329742778602097e-07,2.75e-06,0.03261844986608199,0.010234683306581909,0.008939729538864164,0.00020905369601973678,0.0001128085364424547
343,4,3.863875656942255e-05,0.14355053021380507,16259.915117176672,1.0,4.7247089139437017e-07,2.75e-06,0.04708627779549699,0.006044783023117829,0.0004912515466284942,0.00028638455645878464,3.1932428550874785e-05
344,0,0.0004982813366861971,0.09194638807395358,2424.098075509564,3.0,4.577769109514571e-07,2.75e-06,0.15315619666326197,0.10751742792429252,0.08849082566082277,0.0005325258084407769,0.001797984999643022
344,1,0.00021988398569588996,0.3008792774908147,18462.339454280518,2.0,4.724876897806858e-07,2.75e-06,0.035623142598513347,0.00791336254251594,0.005921502671345715,0.00020846303213247028,4.462537780678677e-05
344,2,0.0014328492859648188,0.014388855543294252,9363.868022385803,2.0,4.589715418929192e-07,2.75e-06,0.08352029035782253,0.0783230441424816,0.020982148664565718,0.0002288408815747034,0.0004625543265482917
344,3,0.0010103008997128895,0.050105477508652706,23287.975399371728,3.0,4.661779825789175e-07,2.75e-06,0.02783915596980627,0.026597990354680096,0.010741251097097252,0.00015265581895839166,8.78433272965908e-05
344,4,2.2334574712232384e-05,0.029495801425224843,19632.895117631033,2.0,4.592881112670074e-07,2.75e-06,0.021012561777085683,0.0075837028890532905,0.0004624654614621066,0.00021135531675919782,2.7761856971550787e-05
345,0,0.0009060029211442247,0.1499974013604213,15847.818097371537,1.0,4.540348395615872e-07,2.75e-06,0.025845724663477846,0.014889697891958905,0.007540411614272389,0.0002697641528653119,6.202416069488316e-05
345,1,5.454322438844053e-05,0.16029331503816785,14720.331801183369,1.0,4.666255120472359e-07,2.75e-06,0.037909154849073694,0.005987712604971746,0.0005249680130520893,0.0001887263333950779,3.179914462866655e-05
345,2,1.031415982057899e-05,0.2588768008789534,15509.25537974351,3.0,4.6567917492266356e-07,2.75e-06,0.02672673026798854,0.0059612236418683864,0.0005038649397958274,0.00013594316992463512,3.1252188299636556e-05
345,3,0.00039257562344592226,0.06508802800642456,20905.49659783605,2.0,4.62671462222832e-07,2.75e-06,0.021929562059853625,0.0115207933343464,0.006626762240395501,0.00014436861924052764,4.693356492290238e-05
345,4,8.062225777316448e-05,0.2536904595455607,13255.41592496707,2.0,4.6623340028733736e-07,2.75e-06,0.024305350430092628,0.005643718452221637,0.0010077001180372489,0.00014389604937830043,3.093611087200148e-05
346,0,9.356261402009037e-05,0.0566829418376225,12199.492417029945,1.0,4.646786155332329e-07,2.75e-06,0.03192129458003572,0.00661958091833141,0.0032563049670872,0.00017808463967061258,3.372807575176518e-05
346,1,0.0005935285659516083,0.10105380418751747,10103.665763794634,3.0,4.62070118923456e-07,2.75e-06,0.03687534334812096,0.03218947955814033,0.02208482410246509,0.00018325826006737047,0.00023684043434500133
346,2,8.290058441910868e-05,0.146313610599989,3489.0135572651125,3.0,4.7612124447245287e-07,2.75e-06,0.029709372235923414,0.014452674356818289,0.007752902204271307,0.00022685427387411845,0.000130774054183552
346,3,1.0392322964147003e-05,0.2064516522914126,7743.828039622732,1.0,4.788147730176624e-07,2.75e-06,0.05021636039405223,0.00597789087368378,0.0005133711846214462,0.00032711372521000926,3.105111526581816e-05
346,4,0.00028772382890171114,0.07148066829682743,15304.42676272681,1.0,4.680068040503885e-07,2.75e-06,0.026802333741252307,0.009265264424482176,0.006307403797048384,0.0001543061554896668,4.49679544746854e-05
347,0,2.5441037343300892e-05,0.26508640748648665,19397.539772583827,1.0,4.553662889497587e-07,2.75e-06,0.021046777069540164,0.006380078761552395,0.0005057915239070155,0.0002649462693946508,3.2334072510300585e-05
347,1,0.0009506614303467553,0.2776714249057396,21129.104173697604,3.0,4.678027184335112e-07,2.75e-06,0.025423389213922048,0.018162745192782142,0.011868542384941427,0.0001444702553468927,8.221112677274477e-05
347,2,0.00014423716652761496,0.0892797950956675,13175.631466430352,3.0,4.6240804877470177e-07,2.75e-06,0.022873465750022418,0.012844676307632827,0.010262840381900165,0.00017988838929049663,8.700225959451344e-05
347,3,0.0007657726710001054,0.07793470398637993,6756.815138289242,3.0,4.784911869961174e-07,2.75e-06,0.05008655328243864,0.06068997237437837,0.03360743636525589,0.00026103834481762427,0.0005611765147599933
347,4,0.00019415506142738808,0.10947252928891932,22776.135922752146,3.0,4.658704167363037e-07,2.75e-06,0.023139221189488506,0.008951524570146316,0.006801143309341805,0.0001409968061145907,4.7197766069869414e-05
348,0,3.270240883808169e-05,0.10058159207644377,24392.738023073332,3.0,4.5120574896182244e-07,2.75e-06,0.020878250311264,0.005666318178543074,0.000502205067784878,0.0002151158547145885,3.103214372648806e-05
348,1,0.0006312507474003374,0.24967481982944822,3140.319907758751,3.0,4.543010922953171e-07,2.75e-06,0.1220457564297498,0.07850717712532043,0.07682328903670348,0.0005566314079596479,0.0013796210647405585
348,2,0.000177345800499126,0.11712282425760634,3543.3489371273718,3.0,4.774422656446725e-07,2.75e-06,0.04921670682682827,0.04212394700155609,0.04135997343548589,0.00028162679057360733,0.000669648109903948
348,3,0.0002098810280492665,0.06033997376703872,9488.14648283583,1.0,4.625925721712616e-07,2.75e-06,0.020846602605993997,0.012350639239999342,0.009086530947736988,0.00015686496467326019,7.696216406937827e-05
348,4,0.0014063039366011378,0.18628776021949983,10097.942227899457,2.0,4.6962303345790457e-07,2.75e-06,0.02809928789559674,0.03821980055282325,0.020704799815432245,0.00027058427781290954,0.00033347425364673453
349,0,9.231086500818156e-06,0.2755902356289921,8997.769297467412,1.0,4.6330998750613283e-07,2.75e-06,0.02280592732249929,0.0062100912139668165,0.0005096919347062405,0.00016311452975474282,3.166925846855295e-05
349,1,0.0002814666754643265,0.0953235783781911,14878.67630088285,3.0,4.684030566530678e-07,2.75e-06,0.026745667522960617,0.014867808802208275,0.01200210180013022,0.00015880786799773815,9.346895786235659e-05
349,2,1.85910419592005e-05,0.14680705709605965,22952.382571522667,1.0,4.761057088552209e-07,2.75e-06,0.059488176875176955,0.0062182194840089,0.0005081254597461348,0.0004409699148195232,3.228378901427886e-05
349,3,6.144427108293972e-05,0.009783678816321272,24870.43309495369,2.0,4.782350612099462e-07,2.75e-06,0.0283710361852892,0.01633673864492293,0.001696450838778129,0.00024976352704193057,2.343390688729344e-05
349,4,0.0004988670084677498,0.1579369639348999,22243.751700362976,2.0,4.574139878758166e-07,2.75e-06,0.02158103586634999,0.009948433508635154,0.006644946153029363,0.00020880351575537195,4.625001802589175e-05
350,0,0.0012756571549650338,0.26942605830160643,8514.955420145587,1.0,4.5967632219950214e-07,2.75e-06,0.038895094798380346,0.029834430432726707,0.014332321291529337,0.00026738100856988815,0.00022477732827166797
350,1,3.603119143662241e-05,0.16388039584066239,4902.831250375024,2.0,4.755282297219532e-07,2.75e-06,0.036033007060437244,0.0060099002604968935,0.0005291639369597285,0.00020005028367573536,2.3266065671254744e-05
350,2,0.00019050527306161923,0.04555517813256782,17450.972247862497,2.0,4.723689666837348e-07,2.75e-06,0.032915448961146405,0.011179357914553226,0.0064056148706679375,0.00023543309214431364,4.714271454576336e-05
350,3,0.00043377540910944046,0.23563022788076332,14700.799398531006,2.0,4.694044298762022e-07,2.75e-06,0.03638401300498623,0.011959843563157338,0.009543478491560748,0.00027116229529839736,7.742097131616945e-05
350,4,0.0001336109592206512,0.08242940055837845,14073.862604538044,1.0,4.562721282907291e-07,2.75e-06,0.020409204879517123,0.007109172464354048,0.004557456066925781,0.0002378301649670725,3.8408848017926465e-05
351,0,1.982988652562944e-05,0.2946809348250823,24708.85944633613,3.0,4.6091607784981104e-07,2.75e-06,0.02267735005381206,0.006225426800912252,0.0005052846705820112,0.00016523321603953664,3.207063468047138e-05
351,1,5.529364657797581e-05,0.016981809258530232,3160.115202389256,2.0,4.706333193944701e-07,2.75e-06,0.05948834788354906,0.0686534361422065,0.010356239091976352,0.0001530659801807934,0.0002585158802994116
351,2,1.8346496250134037e-05,0.2710304790787389,9962.88006000976,3.0,4.673084612333594e-07,2.75e-06,0.022651151676960413,0.0057839482688927454,0.0005125201479620758,0.00015851162687179947,2.971410939320301e-05
351,3,0.0005344637598960367,0.1826512941311343,24023.44482403185,3.0,4.5483262901192385e-07,2.75e-06,0.028653425132546307,0.011378695438848214,0.00867029241195432,0.00035304494958667026,5.365246813227874e-05
351,4,0.0002720617932891926,0.1301287953196009,8896.750564114014,3.0,4.578930252929134e-07,2.75e-06,0.03721607223997114,0.020549610011272316,0.01923756615727181,0.00033523284506836986,0.0001951379925936998
352,0,0.00012955422711124714,0.07052414137058596,4318.798398885516,3.0,4.7439873259247034e-07,2.75e-06,0.0373928137673143,0.03694040676481983,0.02846443207350197,0.00019582432431175037,0.0004214267237812283
352,1,0.00028236601210614545,0.07563326993294323,13990.561108061805,2.0,4.601079256375565e-07,2.75e-06,0.022134545078353707,0.01292632178081853,0.008709713786683183,0.0001569400804629279,7.073778116639948e-05
352,2,8.658258974961431e-06,0.07173351046171889,7534.638028913598,3.0,4.65971902422431e-07,2.75e-06,0.02245443935275616,0.009756284256492422,0.0006758520620812739,0.0001353137004414615,1.8129237100163896e-05
352,3,0.00014638510995743458,0.24227769589120193,18239.02075135627,1.0,4.692013084986079e-07,2.75e-06,0.038572704121772335,0.0062477451728655655,0.003195994878996145,0.00021691423954959434,3.228766410416248e-05
352,4,0.00013610284728729372,0.12908891301863606,4417.492296771343,2.0,4.656044389417331e-07,2.75e-06,0.028874193574467095,0.02123646227357009,0.019874774833833275,0.00017888527547178052,0.00027924373571961775
353,0,8.684958226539166e-06,0.24569723510817992,17659.830711614588,1.0,4.6054158229990174e-07,2.75e-06,0.02116119284031209,0.006340799701124586,0.0005071434499143251,0.00028927731642514764,3.228889994724199e-05
353,1,1.8495073150612224e-05,0.07930712167617585,11933.59287073705,3.0,4.843995077837819e-07,2.75e-06,0.05598993902065125,0.006753852041483964,0.0004925974856579103,0.0004630293414562804,2.5895378031399216e-05
353,2,0.0001325573237868839,0.05320065191580755,17942.17709868971,1.0,4.4767253943652974e-07,2.75e-06,0.024437717145105203,0.006878332694131105,0.003976547409080968,0.00036434091890018354,3.2951323298037006e-05
353,3,1.7924881483312663e-05,0.006064987330851111,17866.358411791283,3.0,4.691012309862759e-07,2.75e-06,0.02280355638333834,0.04618800595804107,0.0005098005452317127,0.00029533429855005546,2.9327407953433305e-05
353,4,8.133347438313789e-05,0.012301756861437182,17227.897110527498,1.0,4.6297006031149894e-07,2.75e-06,0.024051151211328697,0.01172282500677991,0.0027245139194766632,0.00015287911501499465,2.7929539776848757e-05
354,0,0.0001429938670775964,0.21495247568513662,20401.121625370262,3.0,4.809371707901163e-07,2.75e-06,0.0563501785625533,0.007610658110813902,0.005445558675944661,0.0004653902493540445,4.201077717070858e-05
354,1,0.0001406140018346212,0.255356989916289,13367.174666241803,1.0,4.688494184045664e-07,2.75e-06,0.0352298969270862,0.006577453929763475,0.0038454222719029522,0.00019116919317557765,3.670266697710047e-05
354,2,0.0002710481506788247,0.008373038451007685,3542.3842130786866,2.0,4.786736722815988e-07,2.75e-06,0.1448909809943197,0.15372585375832293,0.03467962612152386,0.0002771221048496176,0.0010043609867706063
354,3,1.7013414840923834e-05,0.273006169576324,21962.036789890877,1.0,4.6492078963745806e-07,2.75e-06,0.030024806060768506,0.0064144310125223486,0.0005075986319773128,0.0001377227496699926,3.2396588423547056e-05
354,4,0.00011659966169270056,0.22460779661521718,5697.667697718471,3.0,4.630245169122988e-07,2.75e-06,0.023738146719928615,0.012861668649023003,0.011620521522459485,0.00017704083678316972,0.0001537864925245753
355,0,6.6393946994381e-05,0.2835002156986013,5208.921277808104,3.0,4.5058390506735334e-07,2.75e-06,0.03506570689466354,0.0055097848238980065,0.0010465025442895353,0.0005720410172933391,2.625113386243727e-05
355,1,3.5543384725779834e-05,0.2994182419880321,9087.242199231805,2.0,4.763224542544153e-07,2.75e-06,0.04375599520105374,0.0059680600872604565,0.0004890291907771643,0.0002489939361270631,3.053806867787658e-05
355,2,1.0889843654532148e-05,0.19030413258212983,11462.011046909587,2.0,4.575153159923056e-07,2.75e-06,0.0213118034791739,0.005790595096233797,0.0005015288697770631,0.00028682487782783086,3.066048794031338e-05
355,3,9.26862921786203e-05,0.143790860563915,16837.159976819545,2.0,4.6493471813679104e-07,2.75e-06,0.025472353794980973,0.005591356263610392,0.00215955269805318,0.00013559171285553627,3.105171476344184e-05
355,4,0.004753497856093089,0.2193953394418532,16520.070942865575,2.0,4.673026078463088e-07,2.75e-06,0.04436836601948599,0.05587700238239605,0.014150000427841689,0.00023470898558124032,0.0003775215921754198
356,0,9.31120836903275e-06,0.2199409133408229,13677.052924375617,3.0,4.638816384502397e-07,2.75e-06,0.021170550174154045,0.00580097334991467,0.0005149730800273923,0.00019930374720116524,3.06570479118688e-05
356,1,3.46718455593682e-05,0.16171220190272154,14717.365285217045,3.0,4.545275676152397e-07,2.75e-06,0.023040008496723188,0.005688655942080682,0.0004884754548347288,0.00035769748920675223,3.022591004751601e-05
356,2,9.990678722604035e-05,0.12393962203381323,5181.50896350294,3.0,4.728350380260865e-07,2.75e-06,0.02445777606685511,0.0160924280100893,0.011407912748037095,0.00015186525832141257,0.00015765867126102393
356,3,1.0855064562703831e-05,0.09306158277307686,12081.30789130295,2.0,4.6689590077273506e-07,2.75e-06,0.0226910928444627,0.005773392827626417,0.0005017386374334762,0.00014913827930639848,2.9214529076814544e-05
356,4,0.00043710485376888367,0.2262998031480284,11822.489603777822,2.0,4.743412537841367e-07,2.75e-06,0.03163720656992127,0.014740115243468249,0.012074149681792776,0.00023628361386302354,0.00011304150744981501
357,0,2.382387014255036e-05,0.24660268419753634,17855.63804293487,2.0,4.732551563817702e-07,2.75e-06,0.03513619114139111,0.00614053343258077,0.0004973529461066064,0.00016494050528264993,3.1890609723977804e-05
357,1,0.0005046657477308681,0.27643063551669805,7242.632095546465,1.0,4.5904046893991314e-07,2.75e-06,0.029315948301285134,0.01657405574842254,0.015298782193429195,0.00029025476210452255,0.0001567669137533518
357,2,6.687975045120067e-05,0.05058566623017273,19088.502952248196,3.0,4.6664708854227275e-07,2.75e-06,0.024895623189803415,0.007131446992078354,0.0014242574781373185,0.00013717652829904834,2.7693727892913808e-05
357,3,0.0005958102376551573,0.03764247324911304,19460.957667663504,1.0,4.540277421522357e-07,2.75e-06,0.026204412511359743,0.013504823736438394,0.005760945394543888,0.0002960247550274858,3.995635610386488e-05
357,4,0.000703892187800475,0.045104027255331455,10766.495271773436,1.0,4.7189686341066956e-07,2.75e-06,0.024060376431261108,0.023798911521633288,0.010009037897140737,0.00018886625064339253,0.00011163726133351325
358,0,2.6871795682814366e-05,0.14035473693917072,18157.822726688202,3.0,4.7023425337760297e-07,2.75e-06,0.045148522442440796,0.005683477485373544,0.0005141908069206302,0.00027632805165132314,3.0741376317086626e-05
358,1,0.00036704735099316076,0.19698894401062494,22976.10746241205,1.0,4.5751039874394034e-07,2.75e-06,0.020209938575150445,0.0069470126896488986,0.00454741683272924,0.00022309810767599401,3.3671876240913476e-05
358,2,0.0002517935886924507,0.051042784315649854,16045.750262841688,3.0,4.7596442670287355e-07,2.75e-06,0.039210525723677656,0.016160489647845732,0.01028312834351681,0.00037606598302671436,7.871195562091832e-05
358,3,1.4068980420668787e-05,0.11676491861288216,3329.866211198545,1.0,4.633446119357395e-07,2.75e-06,0.021052437710143562,0.006252844594293296,0.0005119915360924792,0.00021431191656679234,2.2411782053707346e-05
358,4,3.985896742463891e-05,0.009165056128206017,20977.812737310192,1.0,4.7043914658968745e-07,2.75e-06,0.035029043570830753,0.010725238086709514,0.0005864200617738278,0.0002664084572710143,2.7036801565576717e-05
359,0,0.00017334981498167153,0.09346856664593896,11907.33225255538,1.0,4.7110143738468494e-07,2.75e-06,0.032498523322120554,0.008913673045067308,0.006797497018667143,0.000199409128280286,5.466661440659877e-05
359,1,0.0007150256352030436,0.25267200771738274,5860.7556343256065,2.0,4.602956481815326e-07,2.75e-06,0.04504443989808863,0.03684770488131431,0.029664953408248828,0.0002621361831184714,0.0005065002937847124
359,2,4.839919076111375e-05,0.14580651662303798,7918.8259965302395,3.0,4.701689836021665e-07,2.75e-06,0.032919459504978925,0.006057607339403796,0.0005851422435199084,0.0001746693944091861,2.501700466272273e-05
359,3,0.0006047894836016998,0.2779941813871023,7721.402923602029,2.0,4.5727430656592957e-07,2.75e-06,0.03615219317498156,0.025656113339442538,0.020875728905789818,0.0002572839937936496,0.00029128462783341633
359,4,9.57760776253884e-05,0.007591654910954081,14439.851812386154,1.0,4.526671185933248e-07,2.75e-06,0.03109658545421777,0.020239469199684477,0.0036584827862466934,0.00029733416343526636,3.205380022037265e-05
360,0,0.0002880396698790178,0.11185069020946649,11812.25080213741,3.0,4.6456702319559445e-07,2.75e-06,0.02883173135839101,0.01696239346625296,0.014478249935917934,0.00016606290601037208,0.00012894347866027574
360,1,3.8496227794206273e-05,0.0031270265550305534,11146.05973317351,1.0,4.6102061793113834e-07,2.75e-06,0.03967104113081401,0.045246649149164486,0.0003478782819620921,0.00014467502276089414,2.8972420699849746e-05
360,2,0.00031536280098440036,0.23370144311294452,6651.711440648305,1.0,4.5868286489926903e-07,2.75e-06,0.024990694281246232,0.015097040950785795,0.014986275487964877,0.0002039645976898042,0.00016093849185237267
360,3,0.00019048572642723643,0.20427395952683972,7154.18189641202,1.0,4.6222193759780965e-07,2.75e-06,0.02393531978463087,0.012092698464066604,0.011404010548957394,0.00023104595667129699,0.00011538030648894403
360,4,0.0006377014255618184,0.03424976859744711,4190.944364791193,2.0,4.7006936253334487e-07,2.75e-06,0.10125972549516887,0.08618707635765188,0.03860424368366972,0.00030419803154236707,0.0009498975380216262
361,0,0.00016440544970341194,0.26385579068292664,11429.981989427744,1.0,4.5845775765735734e-07,2.75e-06,0.020640664240257945,0.007948213360062786,0.005833694111748559,0.00017221947342061167,5.12671206304463e-05
361,1,2.181970778982586e-05,0.2930191007430702,23406.518963168543,1.0,4.513590860390539e-07,2.75e-06,0.025037064166825728,0.006439247613126146,0.000506533486578999,0.00043546036878037243,3.242405014060101e-05
361,2,0.001557094273503245,0.2359045750985095,10953.902756833331,2.0,4.5633513571876866e-07,2.75e-06,0.05259325272176888,0.03715281808683322,0.019464394986503666,0.0003419495531862458,0.00031505080326677226
361,3,7.103155425519314e-05,0.13487339849500712,11416.549049973552,3.0,4.64087370434949e-07,2.75e-06,0.0230193535451643,0.005731193492244427,0.001145460272793742,0.00014284643763049903,2.800841487707821e-05
361,4,4.778780741507395e-05,0.07447314746098697,19396.91632012561,1.0,4.740476830155107e-07,2.75e-06,0.03647399527983886,0.00573568200905869,0.0005223755405048898,0.00018164576902474156,3.169295512707844e-05
362,0,9.826785397698475e-05,0.227112063513622,3880.4145442396903,1.0,4.6129489263850115e-07,2.75e-06,0.020336692015768196,0.0065183502998455226,0.003744852017846719,0.00018955184422610421,6.147630077415536e-05
362,1,1.181945558360008e-05,0.1694937629658435,21165.05804858981,2.0,4.5019334495989224e-07,2.75e-06,0.02934292907202413,0.0060014787920376475,0.0005080681384385081,0.0005134219294863516,3.189218105661696e-05
362,2,0.00024351080571222088,0.0711614537291315,22104.572668249177,1.0,4.6528627916218776e-07,2.75e-06,0.0284118135227213,0.006889064365762036,0.004146585276298335,0.00014979504458551227,3.224778443143019e-05
362,3,4.101635760418892e-05,0.2165556423025759,19078.5439392741,3.0,4.663544090411537e-07,2.75e-06,0.03487045667294974,0.005903148396591719,0.000492228714872342,0.0001660448774653172,3.142000211894394e-05
362,4,0.0007600053318270462,0.2965663553121775,11253.723345424467,3.0,4.5796750064881284e-07,2.75e-06,0.0397565553678984,0.026755848695954706,0.022540136843962003,0.0002740654602515,0.0002154204427055208
363,0,0.00016028181965249477,0.16987130038977888,19390.725006429366,2.0,4.591439511269729e-07,2.75e-06,0.020119770692501406,0.007341672115695974,0.005139766238504255,0.0002078940291853688,3.95957088653997e-05
363,1,0.00043712918440242884,0.16721095464970628,19031.056290535198,1.0,4.5507320554672286e-07,2.75e-06,0.020584080294077035,0.008085936995220705,0.005631625471002548,0.00022376648952594707,3.938274514722875e-05
363,2,7.820859919729235e-05,0.18385925733367564,3206.8340527039645,1.0,4.6040139903174956e-07,2.75e-06,0.020606531418532293,0.006119624536109325,0.002514847676771778,0.00021272335121906731,4.874952855063578e-05
363,3,4.482584104501639e-05,0.0741734942677231,23924.190932325095,3.0,4.6156918147978044e-07,2.75e-06,0.022888031305127055,0.005718161603143462,0.0004997198461502635,0.00014714761870673624,3.0360701865292757e-05
363,4,7.894431181758764e-06,0.2469884915379053,19406.918890290934,2.0,4.6153265421094977e-07,2.75e-06,0.022979082232130705,0.006182918781080051,0.0005083657645678593,0.00015993010751701642,3.2007330993317865e-05
364,0,2.642500341223782e-05,0.05810368920323747,21360.77575504734,2.0,4.630653305596736e-07,2.75e-06,0.02100216862717391,0.0057716587075054586,0.0004912658419102197,0.0002060362495424307,3.055026872237202e-05
364,1,7.732314077344668e-05,0.2161942841338825,3088.424422636376,3.0,4.5939114773026217e-07,2.75e-06,0.0206916872626965,0.009289552951373294,0.00363063410816147,0.00022492534453051648,6.885085021748286e-05
364,2,4.5825335576818174e-05,0.2568904333806178,21494.870061530706,1.0,4.706638540388833e-07,2.75e-06,0.040510580658800234,0.006363784523671266,0.0004944423230200743,0.0002082561356709846,3.2341524451064093e-05
364,3,9.748844653688536e-05,0.036591539603757495,10598.606598048409,2.0,4.6356058252815797e-07,2.75e-06,0.023977947785517203,0.014683934659895542,0.006694480279085959,0.00016584200513936913,6.295289565705712e-05
364,4,0.00013142457183702236,0.025512591364888437,10499.59019235269,3.0,4.7541393814644303e-07,2.75e-06,0.027173169934543884,0.029411776200559556,0.01234358585662431,0.0003349554272927021,0.00011982039253034251
365,0,0.00012864438445903606,0.20638314024552923,15536.927513828154,2.0,4.694899646600936e-07,2.75e-06,0.031804609364422205,0.006915538714015928,0.004526151136006694,0.00016813303975555594,4.019940796763143e-05
365,1,0.0004159950890974914,0.2267847397763298,8707.403743773015,2.0,4.871580288677516e-07,2.75e-06,0.04463629686072296,0.018242497011847696,0.015691993720148945,0.0004483535654921573,0.00017314760275601973
365,2,6.661531845781193e-05,0.24192726444229556,19821.780482350627,2.0,4.731179095866894e-07,2.75e-06,0.04462848430318405,0.005999277980544722,0.0005687772125477654,0.0002572979175495343,3.182871588772154e-05
365,3,2.4079486682516432e-05,0.2972041335402588,10950.220357121125,3.0,4.755642913935037e-07,2.75e-06,0.049052770991142525,0.005890944298183477,0.0005037145721986563,0.00031463949801951546,3.0319582255464714e-05
365,4,5.571225515068994e-06,0.010357462208083822,18779.272604061913,3.0,4.638426818679449e-07,2.75e-06,0.02102639280734264,0.02632879265226849,0.00047753363060925913,0.00016024109040427392,1.4472743020251908e-05
366,0,7.861127446456987e-05,0.197128937943141,22149.798190262212,1.0,4.5608047308240907e-07,2.75e-06,0.02146934153932767,0.006096020673267986,0.0005899777317558524,0.000314870761826406,3.2159422118209915e-05
366,1,2.2948689734305157e-05,0.18155834386194372,11371.816161526227,1.0,4.478302049248285e-07,2.75e-06,0.02744706030803851,0.006056048654673057,0.000506232152484592,0.0004823338989633946,3.168029684243978e-05
366,2,0.00031142302986669144,0.14460230592949552,22012.833762372145,1.0,4.780621518725119e-07,2.75e-06,0.04870599282773742,0.00701041529217017,0.004602839766420122,0.00035998458402612806,3.371605598349466e-05
366,3,5.9515772288032646e-05,0.04542271312827375,20758.4300442377,2.0,4.646593392540226e-07,2.75e-06,0.02502877865647311,0.006127384399618042,0.001026712834684451,0.00013643309893306168,2.9444260409226543e-05
366,4,3.636587119293118e-05,0.24464100774954375,7217.84882133202,2.0,4.5219511321526886e-07,2.75e-06,0.02389477712321185,0.005714790964517327,0.0004975731601218981,0.0003903449729625429,2.907106629002618e-05
367,0,7.442378424599946e-05,0.11839269385964685,9034.48092548587,2.0,4.528135532136797e-07,2.75e-06,0.021025104851829842,0.006024536425611393,0.0020800375179628604,0.00027129877646711625,3.132298734716205e-05
367,1,7.180520528308516e-05,0.03064310582220052,11362.936897799142,2.0,4.6627035395063706e-07,2.75e-06,0.020587215553638523,0.013404452027275452,0.0038013275244428856,0.00014662966097404848,3.9137658248020505e-05
367,2,1.9234163064428184e-05,0.08092721480399102,19072.165264345243,2.0,4.628699837506595e-07,2.75e-06,0.022918562491271655,0.005664166238428892,0.0004960398327324378,0.00015031323658197562,3.080840105479884e-05
367,3,1.291541631183265e-05,0.2988006020119721,21056.684565486135,2.0,4.702455923760261e-07,2.75e-06,0.029685514175354963,0.006294381171962761,0.0005046681089804335,0.00013717355998217593,3.2154529929944514e-05
367,4,5.2234336009017615e-05,0.051434357277838245,2613.8503004141216,2.0,4.4682026406191353e-07,2.75e-06,0.07089134546438314,0.028269134263567725,0.0035880428819389074,0.000690214158887756,0.0001040239613492922
368,0,0.00013379379112178473,0.0565745421532081,17959.54691653433,3.0,4.6591445564560696e-07,2.75e-06,0.02237851719954123,0.011177152642169877,0.007009147618537915,0.0001397644898666917,5.428308270101622e-05
368,1,0.0001091844468991021,0.22753772953172213,21289.157171874584,1.0,4.644995765086414e-07,2.75e-06,0.025295411361014864,0.005860567398777611,0.0012490695994428274,0.00013916812473902557,3.190427536677114e-05
368,2,0.0002601295210543594,0.05351085315025036,23085.649351955883,1.0,4.722399585901569e-07,2.75e-06,0.04276257955242976,0.007276760241848854,0.004213905502543819,0.00030029344193312175,3.189681713854365e-05
368,3,0.00013433880845325057,0.28770815376627473,22041.158434236087,2.0,4.7185388752819773e-07,2.75e-06,0.03738693796583904,0.006237604859976588,0.0032637153099499354,0.00020612990526073095,3.2267554903490014e-05
368,4,0.00016784641570086794,0.2733214769109296,3461.5789283317135,3.0,4.6355933010693707e-07,2.75e-06,0.059035727741116394,0.03259194843811619,0.038445908520746384,0.000447699829034774,0.0006206951817841791
369,0,1.3805809957380128e-05,0.12744283202145984,12233.331481761174,3.0,4.765025183813851e-07,2.75e-06,0.04533424036043985,0.005761909727666038,0.0005183519875253814,0.00029356498558286956,2.8641350727384143e-05
369,1,7.68483824548109e-05,0.09162433659082128,7992.183927631008,3.0,4.784918279842888e-07,2.75e-06,0.040398180561765515,0.009627612979357995,0.0032713003844084647,0.00031733678259374224,4.327631246896969e-05
369,2,0.0006028997915316491,0.1382725708943983,15470.36102251076,2.0,4.79036450529271e-07,2.75e-06,0.03324899064961764,0.015449529550680532,0.010386891743055756,0.00028911985396080307,9.105015543606929e-05
369,3,0.004637975898140404,0.05881871389144141,4417.477321444081,2.0,4.6200144840880245e-07,2.75e-06,0.2521189269150554,0.19871964203075435,0.05836291226272596,0.000537699144403298,0.0028739872171417865
369,4,2.2572221589776453e-06,0.23899738900444334,14254.623779317304,1.0,4.5992119589192585e-07,2.75e-06,0.02285418583522716,0.006277496513558227,0.0005116146808483696,0.0001626817509407137,3.2137689281370114e-05
370,0,1.1873796875213029e-05,0.26125493758360674,9636.914100072585,3.0,4.557796369085976e-07,2.75e-06,0.021055067398732762,0.005757677527283611,0.000506847292969496,0.0002578685340231253,2.9497180376743346e-05
370,1,5.58414947641449e-06,0.2513736802477119,16488.009812705335,1.0,4.7196430153563276e-07,2.75e-06,0.051306859873960366,0.006333794142469182,0.0005081444147625124,0.0003333430839927455,3.225069200193482e-05
370,2,2.9347325573110005e-05,0.20340792038106156,5081.208224092335,3.0,4.587063229528533e-07,2.75e-06,0.020867147187419766,0.0060912784102509394,0.0005586687227665283,0.00020599179605088652,2.132330276286205e-05
370,3,0.0009508810293892093,0.2062422577958633,20095.158909075908,1.0,4.640560511710164e-07,2.75e-06,0.024082834449768192,0.012130175409249726,0.006233012728019613,0.00014490055571411882,4.4265241248785506e-05
370,4,9.025014800242858e-05,0.04080995367716957,13760.329493243658,1.0,4.661877069348405e-07,2.75e-06,0.02055988367802341,0.007001709683441669,0.0030998913127554075,0.00016301713252753628,3.163513858031478e-05
371,0,0.00032215523117891447,0.08919696363356407,20685.180089132296,2.0,4.819382288677174e-07,2.75e-06,0.05374179469898207,0.009722182034685526,0.00640417196567952,0.00048196568542268584,4.404586071240773e-05
371,1,9.070618376708936e-05,0.1982331073986148,16863.880409806887,1.0,4.666873701253126e-07,2.75e-06,0.03362384446883835,0.005846417330159825,0.0008685785441544711,0.0001581557015508751,3.1796851214610054e-05
371,2,3.725635756100471e-05,0.08896127122600067,5641.73183473411,1.0,4.749109486844308e-07,2.75e-06,0.048035324156463506,0.00593635233126975,0.0005088330031781715,0.00033714168117726233,2.6511840050513662e-05
371,3,6.45433184656129e-06,0.27004749772343656,15336.770821514747,2.0,4.5894831676002175e-07,2.75e-06,0.020989530715731074,0.006142137493174345,0.0005088484042434418,0.0002167937869679115,3.1752433522002744e-05
371,4,0.00045945561692370076,0.2825754042364449,18866.099286502027,1.0,4.624927836365329e-07,2.75e-06,0.020381179159977243,0.007845850685571568,0.005679501148450447,0.0001680906220180484,4.058467299060104e-05
372,0,4.391077640984088e-05,0.19264010676255774,5315.469573674269,1.0,4.6070252871495664e-07,2.75e-06,0.02600714448345212,0.005683282947393506,0.0005324501051721493,0.0001361396320722038,2.9112183549429157e-05
372,1,0.001587549501283725,0.14743985775949064,14900.827826151322,2.0,4.773702138216081e-07,2.75e-06,0.024471708597738312,0.031080575930746836,0.014532916426040621,0.0002732991011957973,0.0001859932522526725
372,2,8.654996897694283e-05,0.016774725230694853,18015.491966504444,1.0,4.7247300763207377e-07,2.75e-06,0.03570055592003442,0.009224978527022006,0.002768691516973863,0.00025351998434168364,2.8851317676955138e-05
372,3,4.0925195728469326e-05,0.06138668751335393,2815.383235599342,2.0,4.7538335897298115e-07,2.75e-06,0.02519255217353818,0.019991586378344025,0.000892403596757394,0.0002576991065238692,5.2851127991586574e-05
372,4,6.881397435409591e-05,0.2396859686083992,15766.037061363393,3.0,4.6639760057123597e-07,2.75e-06,0.029497815692362633,0.005683795897106825,0.000615961222595167,0.0001397826363934811,3.085987176637611e-05
373,0,0.00029924343743195804,0.22819746420994827,5300.844455579936,2.0,4.807221540574474e-07,2.75e-06,0.05024081996850316,0.02340911172167463,0.023430594975630412,0.0005110860423428095,0.0003116962017002208
373,1,5.649737758464834e-05,0.24884377127855162,16916.06809914655,2.0,4.7193619596992826e-07,2.75e-06,0.040847634629391574,0.006024925958905754,0.000521001234304453,0.00021676335553632068,3.168172673621921e-05
373,2,0.0003235538002782279,0.2603769168993311,7224.305507907841,3.0,4.6889571663173035e-07,2.75e-06,0.03594801755705227,0.022614626529680288,0.024186052209081526,0.0001725455720952352,0.0002776806141818451
373,3,7.013318140905762e-05,0.1155576132932544,23912.803053144933,3.0,4.579467369850086e-07,2.75e-06,0.021079710061783913,0.005493381960025354,0.0007153733703019913,0.00019009138027111305,3.09376847936306e-05
373,4,0.00019474210615397447,0.20433349442731483,12850.626568388196,1.0,4.5944654645048443e-07,2.75e-06,0.02168647772994652,0.008490389932183066,0.006611083777040556,0.0002702944191781035,5.22953054408622e-05
374,0,8.331556586452646e-05,0.0486969042203626,19016.68702192512,3.0,4.5442113419445833e-07,2.75e-06,0.020674170383041784,0.008544234165690974,0.0029740665525671618,0.00022425571341303874,3.115761213191986e-05
374,1,8.79757892890811e-06,0.04619122473632031,12352.068699118434,3.0,4.623767771680442e-07,2.75e-06,0.022923001210019122,0.009371568995501003,0.0005457892760524775,0.00013671344324264303,2.2090241224780097e-05
374,2,0.00035078221855074185,0.1294957377989401,4289.208479148505,3.0,4.7379237388922714e-07,2.75e-06,0.05002776343420098,0.04626343030152443,0.04284421339879349,0.0002048495041371447,0.0006385915068466461
374,3,0.00031604289048445234,0.2949752220051402,9983.771916454476,3.0,4.632846109409804e-07,2.75e-06,0.03088439037224311,0.016501252903493715,0.0169874469476127,0.00015542466884146966,0.0001649723293066288
374,4,1.8307927496027375e-05,0.038825679850892615,22606.19084362509,1.0,4.579110415771247e-07,2.75e-06,0.02113345717612881,0.0056803194969328235,0.0005091677711906246,0.00025794116229908376,3.1486096736200765e-05
375,0,9.262758304091933e-05,0.06448071742498059,14158.46942531509,2.0,4.584766812982342e-07,2.75e-06,0.02040891612541034,0.007711363526090582,0.0038422070364416278,0.00017671199630323771,3.7352067342504075e-05
375,1,8.632100157269344e-06,0.2405363646608144,19463.81335828372,1.0,4.5999229482566865e-07,2.75e-06,0.024234824701335558,0.006353437710389665,0.0005088881890611866,0.00014983842420866983,3.232666005787684e-05
375,2,0.00016378506489800977,0.11918521479864091,21570.221172727954,1.0,4.563053346843746e-07,2.75e-06,0.02036178880958326,0.006361687366190903,0.003612200945845191,0.00018620412352829147,3.204592398911552e-05
375,3,0.0001671230124982492,0.21868533605195448,13337.012116921956,1.0,4.6692106284705205e-07,2.75e-06,0.026688915380799347,0.0076244271740530676,0.005424886803835119,0.00014658434006963812,4.4880491267984176e-05
375,4,0.0002846225623078248,0.07400433942116928,17061.92812091996,1.0,4.6084478883516707e-07,2.75e-06,0.021250413491622867,0.008485824021406302,0.005669648288952192,0.0002512066995978614,3.9857800423431137e-05
376,0,0.000710879488900521,0.2848860435876677,3732.85642635987,3.0,4.6069362709293074e-07,2.75e-06,0.08487085916969482,0.06898265793266839,0.06444010604906697,0.0002980518321719732,0.0011219788481480687
376,1,0.0006199072267545875,0.1042405693520833,22613.884489527823,3.0,4.6829919569668055e-07,2.75e-06,0.024336046210030868,0.015382260488738522,0.009840777767526001,0.00015086243511748984,6.155049612390417e-05
376,2,0.0003407445467909368,0.2754654428555749,4278.071839644303,3.0,4.651268293139257e-07,2.75e-06,0.05514179729360826,0.037282107001724775,0.042383860532894356,0.00030310487295579874,0.0006206964457001928
376,3,7.515435872335472e-06,0.07261548946747219,15030.109225393906,2.0,4.4559390393141043e-07,2.75e-06,0.024665885043520783,0.005859807525539877,0.0005010975223691392,0.0003915783452567528,2.9591829453245774e-05
376,4,0.0009911222925425081,0.11455529032594276,23065.89256832212,2.0,4.5889903995335503e-07,2.75e-06,0.023543216883728166,0.015184211270324715,0.007994608707920339,0.0002230886867597141,6.177693735788689e-05
377,0,0.00010890449416992541,0.1575618418372988,20885.311873698887,1.0,4.550757331555092e-07,2.75e-06,0.02156300065185787,0.005725880849382185,0.0015917456613428616,0.00017291883155346472,3.169348488074549e-05
377,1,3.53562234132014e-05,0.046422167946220304,2097.8642526997764,1.0,4.593742949249867e-07,2.75e-06,0.03535911160493651,0.019070253157229957,0.0009503242727283999,0.00036694560512517325,5.533723604389825e-05
377,2,2.9704282545196474e-05,0.23447911437604713,13507.150727576634,3.0,4.710527697629481e-07,2.75e-06,0.04381101636221798,0.005811169622006601,0.0005054854017391187,0.0002535999097838262,3.066795281028064e-05
377,3,6.301171789766647e-05,0.011739391268353192,19125.530404715584,1.0,4.5889274397039054e-07,2.75e-06,0.020863205519680367,0.010353078628364347,0.0016594653990998423,0.00018265972266690966,2.7151569316939032e-05
377,4,0.00011800985908719842,0.2036508900641176,22885.202216094236,2.0,4.5359986041494673e-07,2.75e-06,0.021345357084020217,0.005858279133973459,0.0026298815655125484,0.00031263218405435853,3.1597204171030664e-05
378,0,4.225084746454398e-05,0.016040365994857163,20777.643847038915,3.0,4.657226706737179e-07,2.75e-06,0.02077589623729782,0.016072413024419276,0.0006898732970503169,0.00014693007330376476,1.9838432239937404e-05
378,1,0.0002179231232976876,0.09700239848986787,23220.173060485817,1.0,4.749449292530111e-07,2.75e-06,0.038149406486394886,0.006527605259354897,0.00390774024101065,0.0002275174514363808,3.199495193922562e-05
378,2,4.823836456787714e-06,0.19695651334783268,16889.545692625485,2.0,4.758069330235356e-07,2.75e-06,0.05140306761049287,0.005984743522758497,0.0005051793183464191,0.000341732138133114,3.166251523472622e-05
378,3,2.6590839528646987e-05,0.02991585737126906,12492.824588992757,2.0,4.855360886330637e-07,2.75e-06,0.06321454426855917,0.009975499336356282,0.00046668591130266337,0.0006194620649330162,2.251759090996034e-05
378,4,3.054035030218942e-06,0.21567818937516706,23229.539545476007,3.0,4.639387600487084e-07,2.75e-06,0.021958479743807966,0.006028540303266009,0.000509010862755958,0.00017353475119543966,3.184784751216906e-05
379,0,5.0218263142946593e-05,0.1825356327546901,15363.135332296117,3.0,4.684559762909727e-07,2.75e-06,0.031714778304861656,0.00566395416712645,0.0004974345834072353,0.00015002163389491919,3.053151002797977e-05
379,1,1.8867051433926265e-05,0.24767024658492254,19600.43330219003,1.0,4.7148410704342236e-07,2.75e-06,0.03654620633978498,0.006364136999995267,0.0005057676891736674,0.00017269882015913946,3.233088486119049e-05
379,2,0.0001282450730122012,0.01630666837766513,6849.050517898198,1.0,4.7317004353700776e-07,2.75e-06,0.021619718043215743,0.026273509503606657,0.010004325816088575,0.00019564256184194235,0.00011028629441057396
379,3,0.00010684377829662912,0.04597110987602263,2609.5293755266416,1.0,4.548628738740778e-07,2.75e-06,0.05288036042510696,0.0318744838275248,0.02077331092619363,0.0004100944549773117,0.0003478465269114368
379,4,3.570440881646308e-05,0.2538908660931944,16405.787590112282,3.0,4.647596547283882e-07,2.75e-06,0.028153573310903564,0.005955924202458051,0.000497892085746776,0.00013573358973449967,3.1295978945546016e-05
380,0,0.00024664280008859026,0.2599806419040679,18126.746352745453,3.0,4.590369516566878e-07,2.75e-06,0.02193146000204474,0.010131294914354952,0.00888684162368421,0.00018904388767160222,6.452194712025892e-05
380,1,0.0010039038053717554,0.22251153996146467,21922.947436912942,3.0,4.4707474354959515e-07,2.75e-06,0.03908490385831228,0.019491371818041503,0.011389491187328677,0.0003952038630409902,8.525930140049541e-05
380,2,8.882326532504034e-05,0.14182974977178187,8138.502485149293,1.0,4.5605588379549996e-07,2.75e-06,0.02083488659346912,0.005621415869225948,0.002036392343569868,0.00024540739177037683,3.189799934659811e-05
380,3,8.27067791806943e-05,0.01693890140089219,8606.697807510063,2.0,4.74532231812777e-07,2.75e-06,0.022714302693646275,0.029837349145572834,0.00740929766078081,0.00031884066603725733,8.076547524352638e-05
380,4,1.235640485238102e-05,0.22984300478235123,16444.221487466646,1.0,4.7616336022598136e-07,2.75e-06,0.05958190598467872,0.006296279987476762,0.0005097269435951143,0.00044070789071260353,3.221300030313557e-05
381,0,1.185863141431785e-05,0.08020046505076027,14273.502528060153,3.0,4.842264101375188e-07,2.75e-06,0.06510448878550079,0.006348390027882379,0.0005591497816462586,0.0005690481824730471,2.7715862224182438e-05
381,1,2.529477280910444e-05,0.20555196638927456,3171.992196285345,1.0,4.676699635656288e-07,2.75e-06,0.029126236111048715,0.005687199785048537,0.0005025163636323273,0.00013997539141756687,2.5369618383559525e-05
381,2,0.0001763642195233694,0.26707661549196965,19625.807641156753,2.0,4.447691115549657e-07,2.75e-06,0.029069862623311224,0.00737084870167648,0.005123761502503556,0.00045498524635798743,3.9590810545828344e-05
381,3,1.3875803038797861e-05,0.24115077186080103,22828.072253755054,1.0,4.619956054695096e-07,2.75e-06,0.02276211011011564,0.006387735531538523,0.0005067031667638287,0.00016469280064245777,3.239129902101077e-05
381,4,0.00017931858111284817,0.19859188038918418,21096.93628522567,1.0,4.481339929104592e-07,2.75e-06,0.023020182210520407,0.006568352733854063,0.0038433578131135356,0.00035499021405787,3.265262615201398e-05
382,0,3.091442721824465e-05,0.07186603204020732,24299.134931732937,2.0,4.7551260058921434e-07,2.75e-06,0.046657081208911634,0.005646521899552014,0.0004881961136135606,0.0002976944655899605,3.12739040810783e-05
382,1,0.003114380199249518,0.22457104066066683,13485.339686364578,1.0,4.7022620234287225e-07,2.75e-06,0.026068495822334406,0.027624280464829374,0.008040157140276375,0.0001845765279337554,0.00013179016941040507
382,2,2.592637615301716e-05,0.04752649072243503,8985.859840769792,3.0,4.613871247772024e-07,2.75e-06,0.022401811523317893,0.012186111448284137,0.0004885070739633472,0.00022404995063556097,1.6673992573263386e-05
382,3,0.00041292211056597557,0.014385960510597349,6804.039171304387,1.0,4.705058314083107e-07,2.75e-06,0.029874193726035957,0.043306850867957776,0.01284481383745271,0.00020436400475697713,0.0002127216189172363
382,4,4.400396329667985e-05,0.12919694683044028,11674.57854822099,1.0,4.5345538468252096e-07,2.75e-06,0.02243043012057482,0.0058104914299420855,0.0005039643544935557,0.0003476845163947653,3.127907635655589e-05
383,0,1.2357756788573298e-05,0.09928821503190723,17403.87111682706,2.0,4.619734137027856e-07,2.75e-06,0.024676089254112476,0.005672655386209755,0.0005056720002080784,0.0001397321117855092,3.0902810439468454e-05
383,1,0.00020844649318801646,0.1841806542033197,16224.19931958652,1.0,4.674026194781819e-07,2.75e-06,0.028561041880611805,0.0076361390581365695,0.005470809632640262,0.00015442702599676938,4.131854029621021e-05
383,2,0.0001870047668773078,0.0019040842096338263,14818.103730595614,1.0,4.6874113732150607e-07,2.75e-06,0.03309322118263686,0.04745972028145973,0.0009174016556958189,0.00015805073560205696,3.558013366447577e-05
383,3,6.61668225704061e-05,0.2942922829531693,10346.031597197798,3.0,4.6507709196869114e-07,2.75e-06,0.02622099908493636,0.0056407190367699514,0.0006192399118121283,0.00013644182244327446,2.9730057618693984e-05
383,4,4.594916134967465e-05,0.16093210082324544,10026.542430387744,2.0,4.641966325387424e-07,2.75e-06,0.025644711752867384,0.005615329939711317,0.0005272431410053361,0.00013681491758808588,2.9533682039487716e-05
384,0,3.5160093465919075e-05,0.2178194154846072,19660.963348116482,2.0,4.7327155864728817e-07,2.75e-06,0.04327467236680075,0.006095769053002682,0.0004921106355297992,0.00024124504453759406,3.190367609069465e-05
384,1,7.015567766539287e-06,0.23794405109512057,24198.545938367293,1.0,4.726252232138073e-07,2.75e-06,0.04878886592556749,0.006394731563223818,0.0005092623252667689,0.000300698714981786,3.2410166451241296e-05
384,2,2.7561673167194207e-05,0.009672425226899817,11863.986489722874,2.0,4.600169034354143e-07,2.75e-06,0.03489877934929477,0.030852571127354813,0.00033369851941990217,0.00021770164567422862,2.134992007167491e-05
384,3,5.325839761185796e-05,0.14536992410891283,21596.799576653495,1.0,4.7644318152073573e-07,2.75e-06,0.0553970506158089,0.006114701254110323,0.000505983086804237,0.0003898247378228232,3.215041211586344e-05
384,4,0.00017379212571282812,0.25467101607277803,18722.849720403952,2.0,4.68707617015546e-07,2.75e-06,0.04123875302652523,0.007550827868706762,0.005384627065361441,0.00027000665197335843,4.164776586096942e-05
385,0,7.312532117935135e-05,0.2738394916298084,15042.064106589836,1.0,4.6450870353456734e-07,2.75e-06,0.0299573547315565,0.006156861040278301,0.0005642208355462777,0.0001385801281835677,3.200648864690066e-05
385,1,1.616839972122329e-05,0.0491615953008287,3996.4517855094828,1.0,4.692672710921137e-07,2.75e-06,0.02126293992495247,0.009627572927071186,0.0005077724206573638,0.00014587370132507877,1.8032429955767813e-05
385,2,8.107401952848998e-05,0.14300815380828458,24781.196332083804,2.0,4.800511926322195e-07,2.75e-06,0.057173346621372335,0.005598140009095893,0.0009584461692559687,0.0004256180684808904,3.160996613141308e-05
385,3,0.0005811729914967983,0.07450762859216696,7873.873727572826,2.0,4.6733024469286117e-07,2.75e-06,0.037494952808213244,0.033222881567983226,0.019958637330224963,0.00020721585277147755,0.00029345986919648165
385,4,1.7132683878270638e-05,0.20248429373663274,7247.74868942426,1.0,4.6307763539181736e-07,2.75e-06,0.021304260806474424,0.0059305006858956025,0.0004990713580179912,0.00018772680821460116,3.0794634816440595e-05
386,0,5.433088598800018e-05,0.2503579712666652,4314.3196123410025,1.0,4.800656704265734e-07,2.75e-06,0.05177078076937335,0.005659524696618357,0.0006064034411106717,0.0003551559740864269,2.8514444591506393e-05
386,1,0.0009721512477609482,0.0817200751137736,15093.693576159207,3.0,4.633564983667775e-07,2.75e-06,0.03730330572044819,0.034248651500350315,0.016071601769184807,0.00017705222501504807,0.0001819965924520799
386,2,1.7043706678668405e-05,0.09385995658988429,13385.73672968254,2.0,4.679191232207947e-07,2.75e-06,0.021138309217979125,0.005685111909414891,0.0004893271964828033,0.00018213996515994936,2.9796770882550147e-05
386,3,2.4002961247760912e-05,0.1385692670744352,12692.705302438919,3.0,4.595940158679807e-07,2.75e-06,0.020939945443554514,0.005681175690697111,0.000525672560640397,0.00023278661368588476,2.9082636722584814e-05
386,4,4.5856547900297116e-05,0.019298810450787185,23273.39735175922,1.0,4.595516245471428e-07,2.75e-06,0.02378917650183707,0.006351742191753956,0.000571760834611658,0.0001377352333042617,3.0253055299132674e-05
387,0,1.348308160506499e-05,0.01800338931220322,14135.022701272585,2.0,4.6852560380673044e-07,2.75e-06,0.03704754523006542,0.014007437653388933,0.000519514438341036,0.0003413231707094599,1.9542269766125637e-05
387,1,0.00044639136182952763,0.1695281039342795,14688.719876683424,3.0,4.672115418039675e-07,2.75e-06,0.029616203704101566,0.015982936479214446,0.013657101838614212,0.00019831227044126313,0.00010684588900283624
387,2,0.00017892652365651492,0.17588020047020791,10917.397813004016,2.0,4.647364621840669e-07,2.75e-06,0.02247162492641543,0.01083909706164335,0.009559223272465967,0.00015940554557333786,8.520748186011167e-05
387,3,0.0002539461015826396,0.015491667015005237,13371.767312848015,1.0,4.629583213025489e-07,2.75e-06,0.020901484480161023,0.01810266473468898,0.006329972909303531,0.00014333816467812624,5.215361981302397e-05
387,4,3.266093092173071e-05,0.013454319448824546,6040.823569720513,3.0,4.626593957228196e-07,2.75e-06,0.05640959002620396,0.05952161131599035,0.0004956061545031736,0.00015691298864350782,0.00011253062624493977
388,0,0.0001082249537583328,0.19027579096816163,7632.007398888112,1.0,4.454452376130357e-07,2.75e-06,0.05034868203457434,0.006297863396384083,0.003512089152380342,0.0007594152168266553,4.2902338795133126e-05
388,1,0.0026648008895695263,0.19864920156469415,12988.882081120179,1.0,4.648169495522815e-07,2.75e-06,0.031506665577971625,0.02755402207259137,0.00830809621908863,0.00020685119457095267,0.00013486540864101804
388,2,8.103291763989472e-06,0.01805787885675404,5245.655374274307,1.0,4.733946121737348e-07,2.75e-06,0.023868552565313308,0.019382876714437478,0.000521234336521523,0.0002180469092000161,1.6161732468918702e-05
388,3,4.6169281989690744e-05,0.28685167660915284,12780.16113801805,2.0,4.6306630827299123e-07,2.75e-06,0.030566877337564424,0.0060575841027975105,0.0004951063577061325,0.00014072644694411194,3.1362413648131856e-05
388,4,5.001415847358471e-05,0.09676748443176582,2238.0831546038003,3.0,4.616935295305699e-07,2.75e-06,0.045754526893452614,0.023406501553675848,0.001999620015127817,0.000441676742155327,9.192700269588837e-05
389,0,0.0001621913608857956,0.08400370590049656,15894.27497838586,1.0,4.6317082013922754e-07,2.75e-06,0.021123217740473366,0.007460275413589394,0.005058208011134178,0.00015683607812536744,3.882044710939465e-05
389,1,0.0003877904784734169,0.2679201596416448,14502.612173448511,1.0,4.88828039609144e-07,2.75e-06,0.0753667873915022,0.008990250972100204,0.007214607288220082,0.000737245779369246,5.446482596874558e-05
389,2,0.0013000811828923792,0.0986384013165963,15342.824161803086,2.0,4.837692031043577e-07,2.75e-06,0.026863724139141714,0.027766029751550358,0.013260017353872671,0.0003145233041677593,0.00014712954426322
389,3,0.00032978309588054184,0.15103029577232194,4561.970745562231,2.0,4.6281470943556566e-07,2.75e-06,0.04370338454188264,0.03103751588598315,0.027616232802258913,0.0002866895010297304,0.00042307820937709234
389,4,2.0002748868863496e-05,0.19894416725725095,6089.07810516971,2.0,4.525669997817213e-07,2.75e-06,0.031566713576533345,0.005688582843414294,0.00048480748619438214,0.0005314493704832255,2.7132728444092786e-05
390,0,0.00012470147782614834,0.2927645458104271,12310.252699853409,3.0,4.7323629185970897e-07,2.75e-06,0.040372967141714095,0.007927705778765422,0.005859074158444202,0.00026257123973868346,5.6475498934747884e-05
390,1,0.000343312659874389,0.17339212643607446,11305.686698084342,3.0,4.440373370972477e-07,2.75e-06,0.05370169816661167,0.017632823591982257,0.016572081314956754,0.0006221880969156166,0.00014819222522415606
390,2,0.0003567473624422851,0.13681068531565563,14609.45538277816,1.0,4.726581675917684e-07,2.75e-06,0.03671664709249641,0.009363202953919271,0.007163345200169401,0.0002472526056377892,5.187097210270096e-05
390,3,0.00011260531377635788,0.05781774736494248,14668.847411333882,3.0,4.6723971943075996e-07,2.75e-06,0.02933083692637257,0.011902798794169334,0.006826488563709672,0.0001971619510674961,5.9294946623413653e-05
390,4,7.099842204905254e-05,0.13414031506974305,8095.1982050038605,2.0,4.7057608060697904e-07,2.75e-06,0.024800683432779178,0.005828388796609393,0.0016761766560253024,0.00013584268474265584,2.955029112669934e-05
391,0,0.0007761386527729411,0.1438202063301454,6474.63991347142,2.0,4.5451997192670526e-07,2.75e-06,0.0591318865717038,0.03950108550016181,0.02608929731336017,0.00039082366968240604,0.0004688600467961577
391,1,2.7758001693321645e-05,0.14942282306841057,17915.83385998254,3.0,4.805115706339436e-07,2.75e-06,0.05097962236467326,0.0056987775808769745,0.0004950607621983766,0.00034753890903170857,3.08440990872921e-05
391,2,0.00025277102553988254,0.09296860013518417,14336.244540925554,3.0,4.68745836752826e-07,2.75e-06,0.031066994525951627,0.014686880224612684,0.01211500824665443,0.00020500758752020466,9.691336924158453e-05
391,3,0.0002304665895075945,0.26505811591019346,20105.891585463563,3.0,4.721533964871188e-07,2.75e-06,0.0285966510765235,0.009600522257602469,0.008183211778152386,0.00015724232552416774,5.631668125379569e-05
391,4,2.5264106807201342e-05,0.0260352002628232,15048.747914018688,3.0,4.6937389052743995e-07,2.75e-06,0.029808305771658095,0.013603782780927024,0.0005703147548780223,0.00023917650356061033,1.894038041027313e-05
392,0,0.00026398480448382324,0.01993080978199684,24747.66629820758,1.0,4.626926428884905e-07,2.75e-06,0.02157466517043446,0.009350442538003816,0.00364363500339918,0.0002540529770188809,2.9684235474610567e-05
392,1,3.779105509572766e-05,0.0715095927139985,5570.219113653588,1.0,4.603157071654817e-07,2.75e-06,0.022040475753975955,0.00635208590468141,0.0005049251032381124,0.0001520543083876723,2.520582188965016e-05
392,2,1.7279698704317543e-05,0.1419841353506794,4362.381014599434,2.0,4.7436979007625966e-07,2.75e-06,0.04371546462587269,0.006691730366028041,0.0005312636554033,0.0003007028238484891,2.0248746200963463e-05
392,3,0.0003380109119155598,0.06409899446351704,5392.748365821933,1.0,4.755771417775149e-07,2.75e-06,0.029127732884540635,0.025674822995241906,0.018729445302789874,0.00028039872217172634,0.00023693849401111596
392,4,1.6431638846852656e-05,0.2913097314417648,20052.84251248225,1.0,4.577116725517783e-07,2.75e-06,0.021683888757778224,0.006415654506673041,0.0005075956065212199,0.000185425547146934,3.237153076279734e-05
393,0,5.763454400870789e-05,0.23964472716407506,17578.79667898884,3.0,4.6179363056814607e-07,2.75e-06,0.02082871262823034,0.005856306610124369,0.0005285101867564234,0.00022743087166870787,3.127197464408948e-05
393,1,4.574926012517038e-06,0.13725082079091405,16921.850323620078,1.0,4.5884622507686557e-07,2.75e-06,0.021025728800189682,0.006081411311841436,0.0005134532885302966,0.00025209283673685004,3.204535863144657e-05
393,2,2.5991944145575817e-05,0.20360418888369974,6182.996565200976,2.0,4.62944401675449e-07,2.75e-06,0.021002297637358124,0.005677501873715432,0.0004908234667845658,0.00019652243922657262,2.7296933541062478e-05
393,3,6.484590924615104e-06,0.02734575005296017,5510.371652217232,1.0,4.770497784632621e-07,2.75e-06,0.03548426090830039,0.012400251171413386,0.0005655079476159019,0.0002937248632161646,1.7538661624041206e-05
393,4,6.594326728849491e-05,0.1578023947677805,18054.105543512043,2.0,4.7007929518210623e-07,2.75e-06,0.03468876773283938,0.005650525245644948,0.0006215595409874334,0.00016746125954044574,3.131331093236299e-05
394,0,0.011555684473274456,0.02510799433200489,17162.767092154412,3.0,4.7351377387955593e-07,2.75e-06,0.06581683426091493,0.08708107066609429,0.010935311831536341,0.00028471743855817185,0.0003222143251412413
394,1,0.00011118455695144672,0.2603005819631923,20786.61944854377,2.0,4.701364872053363e-07,2.75e-06,0.0322250167276923,0.005775876263897001,0.002152210859457697,0.00015747593536089322,3.151358204082753e-05
394,2,6.281725448201581e-05,0.013782057797474379,8023.984122278627,2.0,4.6110669221487e-07,2.75e-06,0.029142422360972895,0.03596590290278446,0.00510493068527471,0.00014591396034770827,7.06503866094639e-05
394,3,8.791528234057881e-05,0.21302277557440413,6698.5030972266895,1.0,4.6398147428868424e-07,2.75e-06,0.02110495476922435,0.00555473258030171,0.0016873230140197525,0.0002876297615944414,3.1421124370417674e-05
394,4,6.886506209371727e-05,0.26052803221848136,23023.80423051125,2.0,4.680637205150835e-07,2.75e-06,0.028520143695899,0.00608833783997174,0.0005623426343131036,0.00013633703782651063,3.201262766354318e-05
395,0,1.2912968576796598e-05,0.05665914237582246,23912.715805496984,2.0,4.640304164764281e-07,2.75e-06,0.02721899248156809,0.005701847193306456,0.0004899859172183969,0.00013692134684359768,3.094473081701972e-05
395,1,3.252493637499339e-05,0.024198640656149528,18419.902726756445,1.0,4.803956547067459e-07,2.75e-06,0.05904242628676389,0.006285899846899969,0.0004921070129241565,0.0004896425727170393,2.9927072902083028e-05
395,2,0.000170522254938244,0.09980316766140991,10203.18569630124,3.0,4.772752415423829e-07,2.75e-06,0.035770408512752955,0.016374118530205022,0.014147366514895907,0.0002472663041254437,0.0001358098929681732
395,3,0.00014258114836553546,0.06459005051117683,7608.206081671445,3.0,4.796407533123047e-07,2.75e-06,0.04254239874677951,0.024163071224034143,0.017938955759155672,0.00044605395179839587,0.00020151826651751303
395,4,0.00044070194089110574,0.21421280486270186,14213.508217669892,3.0,4.635061813039697e-07,2.75e-06,0.027369054907002633,0.015107819931988445,0.013516440325505837,0.00015713582127022964,0.0001078656227755037
396,0,2.4920158631444333e-05,0.2477169670374299,8683.969732150697,1.0,4.5057393895756295e-07,2.75e-06,0.025557961897408485,0.006120538987130865,0.0005021492592095216,0.0004422580566067114,3.1450180026506234e-05
396,1,0.00022770300833888484,0.05243203419903914,6125.3316437584235,3.0,4.6244558378284324e-07,2.75e-06,0.040301848458514984,0.038528820697370736,0.02739921565305624,0.00017172052107026147,0.0003484964774362241
396,2,0.00015594142322804085,0.2388212503689064,20486.357950162008,3.0,4.516103738814472e-07,2.75e-06,0.023198282257706388,0.008291376101508032,0.006344319865950159,0.0003088887008506063,4.6365143418957145e-05
396,3,5.11050125188818e-05,0.23018204216904276,7808.2038869843855,3.0,4.566660630796248e-07,2.75e-06,0.021049477586299176,0.005587895336926362,0.000553267937561925,0.00018162680505589133,2.7261456346896532e-05
396,4,0.0005007885539061938,0.24404153476667365,20747.179756329162,2.0,4.564843557154915e-07,2.75e-06,0.022939317046322214,0.00981378838180878,0.006936573493980005,0.00026437778332623834,4.9862936953956584e-05
397,0,5.659490555430264e-05,0.08594800296256512,17533.231596430793,2.0,4.6189847892843574e-07,2.75e-06,0.020899735405911935,0.005537323574795835,0.0005999914567244837,0.00018619256096439577,3.0424098156349668e-05
397,1,0.0010434437146807159,0.05752412034144694,15125.719488321021,2.0,4.773239787071291e-07,2.75e-06,0.025103499387418526,0.02816228429940561,0.012615979337174668,0.0002735018813758167,0.00013620790405764096
397,2,6.703021039214965e-05,0.09963855724978136,23366.97042701114,3.0,4.6435840390222777e-07,2.75e-06,0.024927000787300216,0.005491868282767094,0.0006851544511394925,0.00013704894242382533,3.067614001000317e-05
397,3,0.0004115701387636694,0.0811968938779328,16295.635410559635,1.0,4.599454669681609e-07,2.75e-06,0.021999725333808586,0.009887663275021193,0.0062335119515444515,0.00014209470307313245,4.374621282336551e-05
397,4,4.1330146211409e-05,0.21175512038905056,14706.549050626463,3.0,4.763202344159344e-07,2.75e-06,0.05159973776528826,0.005785044006182707,0.0004964283296257586,0.00035056647705286083,3.0725113672234645e-05
398,0,6.612533467680283e-06,0.23343925110644692,11233.951748174748,1.0,4.574396719518536e-07,2.75e-06,0.02104252332885234,0.006196378072648119,0.0005099114534698379,0.0002619020548805699,3.187674168698007e-05
398,1,7.917463483831712e-06,0.15479529528525499,3322.9479634289933,1.0,4.6839052256281084e-07,2.75e-06,0.021270785155746357,0.005802159973053654,0.0005033781105915472,0.00018282654316877564,2.4560258003336332e-05
398,2,1.8643880083591325e-05,0.033664866923248146,19929.795594094896,2.0,4.6623671558856155e-07,2.75e-06,0.024736373658235628,0.006870034257373428,0.00047214425679598327,0.0001363590723215747,2.863694000775847e-05
398,3,7.233007794643489e-05,0.14132284615359894,5337.068042073715,3.0,4.6673194564198767e-07,2.75e-06,0.020883414396076504,0.008526234096925614,0.0026502587196927455,0.0001417377650074209,4.3292417919881486e-05
398,4,0.00026963275401395203,0.28395607791104494,22916.08322012657,2.0,4.5581051077231384e-07,2.75e-06,0.020650645354838265,0.007363191682327919,0.005214280669186984,0.00023770446071954827,3.788142732449658e-05
399,0,0.0009427733736447828,0.023188283116686668,4483.212465231518,2.0,4.547165850104951e-07,2.75e-06,0.1437371887281956,0.1157734770176092,0.04276233386625111,0.0004120341475961732,0.0011815329548049436
399,1,6.620319880477734e-05,0.02513356717997678,24148.623684443948,1.0,4.621514090161041e-07,2.75e-06,0.02212408687631874,0.005891693519462934,0.0011860057700879098,0.00014714383532643383,3.066461859273417e-05
399,2,3.417340488362931e-05,0.23220878339685277,21859.732169518436,3.0,4.6210728784747966e-07,2.75e-06,0.026081136917205403,0.006028316427107855,0.0005001113707625977,0.00013794338312661316,3.175543689814195e-05
399,3,8.23094153009643e-05,0.07704500978072541,17526.416132453807,3.0,4.493258377350263e-07,2.75e-06,0.027703787400252297,0.0065068587023470225,0.002267192421824155,0.0004270798032069049,2.9803352232900422e-05
399,4,0.00017775410249237629,0.13872667779061496,22986.720685714332,1.0,4.5518350442582293e-07,2.75e-06,0.020626946903331087,0.00634865231432574,0.0035621195961353757,0.0002654463943164854,3.1940738721709254e-05
400,0,1.834421774499181e-05,0.25878962240323417,8679.06027504009,2.0,4.7111434017345727e-07,2.75e-06,0.04856258489008953,0.005855766897212177,0.0004983162680002263,0.0003094965903679463,3.015114494288878e-05
400,1,0.0002490320849562831,0.16263565050885825,13722.860482834087,3.0,4.6088007452274785e-07,2.75e-06,0.028104707787064587,0.013357905882369722,0.012393179603120903,0.0002837779880778206,0.00010017356279558836
400,2,0.00018222841911961325,0.15081238320818177,24298.79600396778,2.0,4.74037688507865e-07,2.75e-06,0.035557997402352826,0.006801686334342615,0.0044176341665663026,0.00020430336377980885,3.3932316904824193e-05
400,3,0.00026407991026388463,0.23913896919564337,24236.39581717647,2.0,4.5736934632608273e-07,2.75e-06,0.02035554647728542,0.007190307777643449,0.004985430603034367,0.0001818363232110356,3.622877700753537e-05
400,4,6.23892319289705e-06,0.17511701296728452,12301.241150649994,1.0,4.711933665683808e-07,2.75e-06,0.03261425364684153,0.006071117504552898,0.0005122278945929748,0.00015040925177068227,3.180841840570699e-05
401,0,2.6858362104767198e-05,0.16157490118084336,4155.591717250617,2.0,4.7629346740130564e-07,2.75e-06,0.04281544049810781,0.006316694777151359,0.000467508058755134,0.0002822054300023304,2.1138399592338395e-05
401,1,0.0022257142940622344,0.2211885685813273,3901.9823449849996,3.0,4.634623035193062e-07,2.75e-06,0.23566104924444917,0.19032352455758625,0.09882770695392042,0.0004161815873171752,0.0026318227332705374
401,2,0.00042031081788112683,0.24063242135904328,2588.0505384259486,1.0,4.782233682290284e-07,2.75e-06,0.042412355731452266,0.03991743851824291,0.04308339248529849,0.000260119487549717,0.000756011587073766
401,3,0.0007757083787634406,0.27609502454727675,15723.981746206387,3.0,4.71722046717949e-07,2.75e-06,0.029637351284593813,0.02004396410376315,0.015306413740079258,0.00014875192387525676,0.00011912336179392344
401,4,0.0016419341543796033,0.11298568235840303,4380.891021633205,2.0,4.6830792382307184e-07,2.75e-06,0.12119865535693164,0.10731708790668192,0.05222116509750956,0.0003437464497497834,0.00145595247667244
402,0,9.506764364079014e-05,0.09449264730989639,22737.600312171424,2.0,4.5859885928667325e-07,2.75e-06,0.020667820947510265,0.005613813472395788,0.002192702932883864,0.00022396880229873925,3.092360729463364e-05
402,1,9.943532133182279e-05,0.017279364161222277,17957.837500652,3.0,4.4271222732445047e-07,2.75e-06,0.04930712474471414,0.021385502336190132,0.005620647638962428,0.0005132930584404153,4.454998608540195e-05
402,2,0.0007514183837060537,0.2022685224326908,5486.367294285862,2.0,4.678068447568528e-07,2.75e-06,0.054030324415319575,0.04366459521912427,0.03347409703668708,0.00029103912474939,0.0005976045313419334
402,3,9.535545922426447e-05,0.17423152530801858,19567.55333464779,2.0,4.7068554247492895e-07,2.75e-06,0.03707732338140251,0.005578256677299876,0.0017901453098528245,0.00019531177077000757,3.119147971900835e-05
402,4,0.00019515778769660722,0.038196055666940065,7355.604966986824,1.0,4.673952201271645e-07,2.75e-06,0.022616939054563173,0.018561861739989912,0.012091842033435126,0.00015201061570775624,0.00011594166704388339
403,0,0.00016229358248974883,0.17945496205808348,10455.781590711062,2.0,4.530541499729456e-07,2.75e-06,0.02647705533640605,0.010937492158259475,0.009721179294440855,0.00031649070245593874,8.892138489558823e-05
403,1,2.0012374515946475e-05,0.01789086937141603,9637.845387730062,1.0,4.629373360940781e-07,2.75e-06,0.021158170835995454,0.011192137197551457,0.0005405132410046354,0.00014920348637568063,2.21654996603945e-05
403,2,0.00013550445932241148,0.13286474813828228,18849.008418591893,1.0,4.589591997941081e-07,2.75e-06,0.020522472144227703,0.0061914635154225114,0.0033010844460914022,0.0002634036272204596,3.2068167547946246e-05
403,3,0.0011871952904003165,0.0654569627776555,20897.10829377507,3.0,4.774605660858929e-07,2.75e-06,0.029069883885051512,0.030631743245944334,0.012786885355119028,0.0003687172931386528,0.00011777620170413013
403,4,8.402923499367632e-06,0.01686682084771246,15166.557429855238,3.0,4.6362231103884724e-07,2.75e-06,0.021206654588304685,0.020127531851580175,0.0005137841109996518,0.0001387349889040259,1.5329581982458602e-05
404,0,1.6964685304471444e-05,0.2689317215562693,8394.812027501957,2.0,4.771954013379486e-07,2.75e-06,0.04773576463219681,0.005880023764389367,0.0005040709644798583,0.0002984765674938049,3.0154122966443407e-05
404,1,0.0003249722550764768,0.2533380087266432,19708.926762001494,2.0,4.7432691320380254e-07,2.75e-06,0.035606593106777024,0.00835714956985083,0.006367545367028018,0.00021962298886253067,4.570166073966613e-05
404,2,1.9887009201102107e-05,0.2963991348114383,21947.63777809667,3.0,4.743193620134179e-07,2.75e-06,0.044268326394203854,0.006192751371173008,0.0005118116446337392,0.0002506208743600797,3.19505237677058e-05
404,3,1.1184566696037903e-05,0.2187704105997176,2225.8955703963675,3.0,4.6718425862895883e-07,2.75e-06,0.020867002774993763,0.008725429217348847,0.0005108112128599471,0.0002005016739069625,2.2265170563068343e-05
404,4,0.00011114268327108046,0.29212344659646367,3456.7120075125754,1.0,4.54940747139328e-07,2.75e-06,0.026910491391444916,0.008295035400541724,0.006317502238472953,0.00039470616271951526,0.00010254329320470515
405,0,2.0428448562095052e-05,0.05716078108534251,8279.472384522735,1.0,4.736314998298598e-07,2.75e-06,0.038747433272233685,0.006128980519235356,0.0005172991286128264,0.00022943068341135838,2.7867527906922203e-05
405,1,2.7011667214215985e-05,0.19025463177141946,5208.158284420171,2.0,4.605749139576932e-07,2.75e-06,0.021183421157850362,0.0057245835995067135,0.0004985044466255067,0.00026548130486987563,2.5285630440776328e-05
405,2,0.0004360715721606168,0.1894810004348503,20128.447898978553,1.0,4.6573719520343807e-07,2.75e-06,0.021749123053645025,0.007809444698145328,0.005477072238525578,0.00015127515721358818,3.794075396553783e-05
405,3,0.00020414095803472816,0.23991324528345656,9507.107579605043,2.0,4.751859821320255e-07,2.75e-06,0.033630124038085775,0.012373239101234034,0.011782950019682553,0.00022941547893041192,0.00011151735321371061
405,4,4.564181590924533e-05,0.09907179085090176,12331.947319188585,3.0,4.678510055872026e-07,2.75e-06,0.031348624616942294,0.006041352264818054,0.0005327090366828802,0.00016272673210720515,2.7322885404312053e-05
406,0,0.00011356621676181847,0.11857434154031896,20676.292818512127,2.0,4.7236256847555386e-07,2.75e-06,0.037494233409762844,0.00609408794923694,0.003214680265831443,0.00021699954903880815,3.203374878340222e-05
406,1,6.849802170203216e-05,0.1743047962783965,17958.273784094952,2.0,4.5259628090979716e-07,2.75e-06,0.0207954139499805,0.005687005808341549,0.000628135910206682,0.000207108780664432,3.1369210222705004e-05
406,2,0.0004209508490117858,0.036680666557124694,17312.735624928588,3.0,4.6590869674053195e-07,2.75e-06,0.022951269750859944,0.02275182058903545,0.011104115782803597,0.00015949461865559213,8.651506901005954e-05
406,3,6.217696354968033e-05,0.22383890796383374,4755.644328745111,1.0,4.75784620194389e-07,2.75e-06,0.04456040047000839,0.005570548458644573,0.0006732844370019439,0.0002688209125583465,2.8639623726074544e-05
406,4,0.00031040009165097897,0.26785130470859003,21485.862267675555,1.0,4.7012365781424987e-07,2.75e-06,0.039368635783557766,0.007044557596198857,0.004655323193230285,0.00024063717207330017,3.468427603491232e-05
407,0,0.00010192606962943202,0.06782678690466394,14825.934897894098,1.0,4.7572271221588765e-07,2.75e-06,0.046014669763813305,0.006141157935315327,0.002977028984594512,0.000319092872797993,3.1752919747881775e-05
407,1,3.7416027937862285e-05,0.0101245742197556,15652.124443907735,3.0,4.5627779007283735e-07,2.75e-06,0.05424054432428116,0.033503852875580824,0.0004517257167246797,0.00041067129528866097,2.3683343354534173e-05
407,2,2.7749487437842705e-05,0.22970942565588265,10601.082536372425,2.0,4.710079203904215e-07,2.75e-06,0.04626974044048531,0.005859017204133002,0.0004950752540507764,0.00028106829535463456,3.0664512374167044e-05
407,3,0.0001625634452802144,0.0390037125707094,24637.98227503199,2.0,4.622717028694129e-07,2.75e-06,0.020275115561084824,0.008507300176059607,0.0043174492629449905,0.00019425646899475977,3.2604784189787984e-05
407,4,0.00021763145022921744,0.24342318024668144,22000.002431266043,2.0,4.7190905087876544e-07,2.75e-06,0.04157609735754935,0.0073518797727733605,0.005170790546483703,0.00027156759858802497,3.8171020288632825e-05
408,0,0.0006808882899534178,0.29710809861278753,13199.121692438002,3.0,4.643726400906937e-07,2.75e-06,0.03025973171040584,0.020285478154415518,0.01727112316545228,0.00015356714812744983,0.00014678638532345442
408,1,0.00014599211232436748,0.14023621034736597,19005.57537773613,1.0,4.6671649972888714e-07,2.75e-06,0.03429126008794308,0.006337640303039165,0.0035369402502967904,0.00018185127556751967,3.242802029115183e-05
408,2,4.7324593420503284e-05,0.12835606210427536,18507.628061764128,3.0,4.5439870020858365e-07,2.75e-06,0.022348303714643844,0.005613547823284478,0.0005107505855543079,0.0003336476537092853,3.0556197567336165e-05
408,3,2.698520865564551e-05,0.04524273633131659,5680.444217113154,3.0,4.829174937753177e-07,2.75e-06,0.04674785144194402,0.019828194519564205,0.0005493948071209018,0.000558780918356387,2.444645979348241e-05
408,4,8.515906432358842e-05,0.1289201624042912,4811.899505839356,2.0,4.482626308032604e-07,2.75e-06,0.03264692181886991,0.009664149209632223,0.005278520030345604,0.0004590301696407487,7.64161586730281e-05
409,0,0.0001522823196315551,0.010908556488944718,21425.99608692814,2.0,4.6267342730246905e-07,2.75e-06,0.02039603869915989,0.019828552039479794,0.004359900170271076,0.00013445801076729643,3.311953794033412e-05
409,1,4.507194247093216e-05,0.09930919585568519,14579.164544304693,2.0,4.801721965577342e-07,2.75e-06,0.05038659028189644,0.005629907884466039,0.0005192476410906437,0.0003503094864645475,3.0102100613270503e-05
409,2,0.0001597296185807074,0.092561246788275,3123.34985932394,1.0,4.6726437548666914e-07,2.75e-06,0.030250656790488745,0.02564030263654497,0.02428921048104414,0.0001970871014186868,0.00037166532689901803
409,3,0.00026182546240926846,0.2712894527061386,20389.48713057022,1.0,4.614304837213863e-07,2.75e-06,0.026360292487608128,0.007168879357104555,0.004779952925245092,0.00014062842935057097,3.567791570280145e-05
409,4,2.5407624262508293e-05,0.1087442600328111,18554.669466808515,2.0,4.6134967193970164e-07,2.75e-06,0.02195621041451203,0.005699969341528266,0.0005026236987113694,0.00016717811648342794,3.115832822825071e-05
410,0,0.00015774875686565935,0.28923450324559236,20770.562688562117,1.0,4.7226828245363e-07,2.75e-06,0.03546384736410027,0.0062665277468157725,0.0031463476319967287,0.0001864029509580054,3.20305569577281e-05
410,1,2.768447426486966e-05,0.2920007992974628,16321.39953627989,3.0,4.563838555880448e-07,2.75e-06,0.02234197591262582,0.006063757473600133,0.0005066396856843392,0.000349544135132164,3.1470442128234525e-05
410,2,1.4075992973705835e-05,0.256117688812398,18629.8157342301,2.0,4.6264576692177293e-07,2.75e-06,0.02969917807727913,0.0061791188040398485,0.0005033354344036629,0.00013760030199450933,3.196141070691525e-05
410,3,7.387786999823132e-05,0.08461777871417388,4774.998059617368,3.0,4.5678154299346814e-07,2.75e-06,0.027912058533700008,0.01579269204100411,0.004716812147366683,0.0002975302239677715,7.059356289600424e-05
410,4,5.0503446161172515e-05,0.0693169514347109,18119.65088573614,2.0,4.6320119859045616e-07,2.75e-06,0.02275927441815015,0.005662657056842737,0.000571250371607386,0.0001486890059449844,3.0117669041531147e-05
411,0,0.00017282697583022373,0.08038222375992561,7860.200347373242,3.0,4.745525555835767e-07,2.75e-06,0.040771865118506945,0.022934745588050337,0.019053203198550316,0.0003285628456340175,0.00021020156890930002
411,1,4.054183727066762e-05,0.27938042322253737,6172.397290924845,1.0,4.630975519471807e-07,2.75e-06,0.02125633673389542,0.006022731737156787,0.0004923169551767238,0.000190519364502613,3.063945230197896e-05
411,2,0.00010737749486267056,0.09324891296003579,2378.9267338303903,3.0,4.6232929433950734e-07,2.75e-06,0.0709924230340937,0.04432486048055406,0.032946047264850044,0.00046096317721213087,0.0006191176100354048
411,3,0.00015930622437771195,0.10076481283521496,5314.976488664126,1.0,4.643945860003739e-07,2.75e-06,0.02816997594824211,0.01595186951545154,0.01479817328483442,0.00025340911000830456,0.00016956842594427991
411,4,0.00017899571747924804,0.12877760799026033,24264.349995534063,1.0,4.719447626411652e-07,2.75e-06,0.034142298830906324,0.006289511967040962,0.0034610620616090395,0.00018106631373948084,3.1785155942095494e-05
412,0,0.0001129069370604461,0.053603918443333606,13185.246274911278,2.0,4.604434639365325e-07,2.75e-06,0.021473426947580147,0.010734441978404516,0.006241968383976899,0.00021569717245786477,5.346184563926649e-05
412,1,1.321908077474487e-05,0.19267743501855014,5982.35423264579,3.0,4.628592774644291e-07,2.75e-06,0.020740079868986284,0.005911257096577117,0.0005257187362355094,0.000192004235899758,2.3525702325680732e-05
412,2,7.302109798335767e-05,0.21290575841464296,24290.045892119957,1.0,4.528518958434319e-07,2.75e-06,0.02137247186149184,0.006212995006683084,0.0005443183052073762,0.0003000300798709726,3.2262310398957856e-05
412,3,7.433628391439638e-06,0.09915467855357367,9763.051022339725,3.0,4.5329894342097696e-07,2.75e-06,0.024130313667794837,0.006662352859351211,0.0004756838361847582,0.00035479740856028745,2.5104827563390563e-05
412,4,1.2887325415439624e-05,0.20786375570359764,2046.8001521259368,1.0,4.6550323444486966e-07,2.75e-06,0.021336218064653665,0.0058905893759820084,0.0004909482626955007,0.00018179692008483302,2.029198250568194e-05
413,0,1.7833391209292032e-05,0.02438397363747815,15475.690132360902,3.0,4.793968483139209e-07,2.75e-06,0.04777177563036991,0.013822716348530774,0.0005614075286053932,0.0004798441298532422,1.8694863184185795e-05
413,1,7.3110068289959165e-06,0.01615142932211636,9510.093481333864,2.0,4.630034533428722e-07,2.75e-06,0.0223174629369761,0.022853730864588705,0.0005434946815238106,0.0001362211700756059,1.593951975325092e-05
413,2,0.0025981076797431156,0.0654935044050013,8417.404970452873,1.0,4.6363050315962257e-07,2.75e-06,0.04634888453540952,0.04467824473184701,0.011309964063496117,0.00019765003833418105,0.0002530130405754313
413,3,3.427964643253451e-05,0.23894872666668454,12693.051825357952,3.0,4.71373160150701e-07,2.75e-06,0.039867242462642345,0.005801494625882497,0.0005084126694085751,0.00021264699512043672,3.041548602787986e-05
413,4,0.00026806859343339503,0.003385130896903753,4620.058621548705,2.0,4.640290937450264e-07,2.75e-06,0.22452245985076116,0.20597741029990438,0.01645698678299456,0.00020436579202250547,0.0007807738646345166
414,0,0.00011208308434720483,0.2739573320664377,18716.45144283412,3.0,4.608993490190369e-07,2.75e-06,0.020973937846015412,0.005909197502526993,0.002793545597318363,0.00017668567200086003,3.217064124933058e-05
414,1,0.00015716471522729287,0.06682437973822043,13080.974196779178,3.0,4.5191192132260315e-07,2.75e-06,0.030436048484650906,0.014823895461792204,0.010905111497753618,0.0003247119043370598,9.332825575676033e-05
414,2,0.0003312709111502043,0.2876782101010856,6460.872888526274,1.0,4.77059115107873e-07,2.75e-06,0.032050102730508435,0.015577141744951386,0.015911275746064043,0.00022980596253066796,0.00017435777923632733
414,3,4.788692327796807e-05,0.13142420935169027,16471.847878732828,2.0,4.557002417895372e-07,2.75e-06,0.021300745222285995,0.005653501348161639,0.0005268094597322179,0.0002861536400596072,3.1008963542208794e-05
414,4,0.00034455611724557836,0.2676689586246528,9864.048604187421,1.0,4.506714929451103e-07,2.75e-06,0.03189608332910104,0.011424542188820672,0.010422938481475859,0.0004257821908903636,9.159842785004927e-05
415,0,5.5574334762076275e-05,0.2561296617597229,17667.65922767743,1.0,4.582902070778205e-07,2.75e-06,0.02098783322611183,0.006282778041321306,0.0005032380589923038,0.00021126152027007116,3.219610443698977e-05
415,1,3.601433119422631e-05,0.13135849471393896,6763.056389944519,2.0,4.5812953669222486e-07,2.75e-06,0.02211853873188437,0.0059832355962474056,0.0005276539032291698,0.0003056076897923554,2.5680602475488767e-05
415,2,0.0001819426282738822,0.1639283283294878,21004.630902575267,2.0,4.725754522521008e-07,2.75e-06,0.03482956637682521,0.0072781736359700325,0.0050631428624541225,0.0002003404106455622,3.815296596599699e-05
415,3,1.6137980849116715e-05,0.04284289566491337,19257.784151068125,2.0,4.541018932316236e-07,2.75e-06,0.02340899959866999,0.006330046303060722,0.0005075087226436406,0.00034592003419540947,2.932833402904715e-05
415,4,0.0001574259287661353,0.05318034064973247,13993.227495838306,3.0,4.574461616219932e-07,2.75e-06,0.028890362862620433,0.015524336024456678,0.010400852279761874,0.00028353084062869777,8.529737487287448e-05
416,0,1.2821332085806467e-05,0.09069366909026212,6155.247497518607,3.0,4.584601356917706e-07,2.75e-06,0.024348741673790485,0.009365497211792232,0.0005477299890354303,0.00031586530264022665,1.7257372250234348e-05
416,1,5.77139373088305e-05,0.10743533385042257,20876.138916869946,1.0,4.664021454849057e-07,2.75e-06,0.0266863590018106,0.005905584663002853,0.0005409047174586868,0.00013592224573201616,3.1968476868583395e-05
416,2,0.00013151379856532382,0.04779035165592312,22877.64180168898,3.0,4.561132899379459e-07,2.75e-06,0.020403528334125096,0.009872638806504254,0.005558122577451075,0.00017876189513337163,4.1717112391291234e-05
416,3,3.5252950152210516e-06,0.004750515179884573,21792.13252107439,2.0,4.718726734922915e-07,2.75e-06,0.021192857103292096,0.03189780192973896,0.0006154261531403604,0.00021925913738598822,1.4793832341621908e-05
416,4,4.1781709272206694e-05,0.04231374413260051,2912.0694182623665,2.0,4.562117201662e-07,2.75e-06,0.055845993796522664,0.028561027555860624,0.001616282954344488,0.0004978273519419546,7.996962702337656e-05
417,0,0.00011217353094487064,0.07989475344259868,24082.824437082996,2.0,4.5612714460337144e-07,2.75e-06,0.020714536518536605,0.006153514748145651,0.003130236474836217,0.000266853614413823,3.1349288910346826e-05
417,1,4.428284515181636e-05,0.29151818040195887,24653.214144917736,1.0,4.694571214102542e-07,2.75e-06,0.04323269627857754,0.006424889573263318,0.0004985558441326822,0.00023544557834109133,3.24155954749841e-05
417,2,0.00011202750968664637,0.061736979114910495,14542.86226397397,1.0,4.6973408854407575e-07,2.75e-06,0.0256153943250795,0.006687956470391711,0.003696650021393411,0.00013906113879262347,3.3761733471796385e-05
417,3,0.00015207927762434564,0.04449274039748567,3678.0164135762197,1.0,4.721882005914304e-07,2.75e-06,0.029746301846641423,0.029454605640487557,0.02109635807956221,0.00019463820539103842,0.00029489119602071315
417,4,0.0015571064753539222,0.20946488061238513,19947.2929225775,2.0,4.6654425594226335e-07,2.75e-06,0.022128173018985852,0.021769942728331628,0.010734250906108469,0.00015934061128661681,0.00010895833046111238
418,0,2.0499953383640007e-05,0.23009269498569382,23680.26962755685,3.0,4.5852447104859134e-07,2.75e-06,0.022113004095594576,0.006067625879685372,0.0005128088636520545,0.00017061203808846695,3.1888828429877944e-05
418,1,0.0003159565953459039,0.08294799677353122,16814.04286918162,2.0,4.609735613880828e-07,2.75e-06,0.021615357109678646,0.01163663972257259,0.007784874560205747,0.00016234369630272396,5.785717132124691e-05
418,2,7.540423841556058e-05,0.1609605929124666,5156.372707135364,1.0,4.627870436299339e-07,2.75e-06,0.02119308560832156,0.005533449479695497,0.001592778943648028,0.00017166392898457138,3.139398670263818e-05
418,3,0.00026524767318450036,0.2673141730393271,9671.86645105886,1.0,4.5174773817532037e-07,2.75e-06,0.025286300325240364,0.010910917577197789,0.009888943277686635,0.0003070484626625279,8.791919021989738e-05
418,4,2.395361673518731e-05,0.11358402553276442,15786.228722484695,2.0,4.519750020480885e-07,2.75e-06,0.02318457386002346,0.005673676204045464,0.0004949880167717621,0.0003660280724162415,3.081291485831612e-05
419,0,0.0003632124308702112,0.010752332206721602,7932.802402386898,3.0,4.594200528494567e-07,2.75e-06,0.09398029740312625,0.09320577544166682,0.02222189347093716,0.00018647428858418062,0.0004239647616402563
419,1,0.0001471552850497882,0.05184338652158765,13745.529455227635,2.0,4.54764808945195e-07,2.75e-06,0.02633916593123121,0.011595713933352772,0.007096231203638153,0.0003215455232413675,5.752345569639478e-05
419,2,7.34203156633955e-05,0.048073280327799735,21528.88332603806,1.0,4.619653994379989e-07,2.75e-06,0.021677080201512378,0.005489812995041625,0.0010859974869952581,0.00016405555839469404,3.119528158354886e-05
419,3,0.0007424656745571965,0.1362999232210426,8369.188662863153,3.0,4.657048609992288e-07,2.75e-06,0.04382736849155574,0.041253366240304075,0.02722291205931132,0.00017882939111251505,0.00036457640474041797
419,4,0.0003143685495677039,0.117437243023619,24969.897053056033,1.0,4.64615129211104e-07,2.75e-06,0.027724313123124556,0.006570561239646034,0.003907540077165304,0.00014428438866301416,3.1786517698273414e-05
420,0,4.8283211268256204e-05,0.0810946791669886,4505.348186847232,3.0,4.4723033083645313e-07,2.75e-06,0.04016545962570101,0.014403537731853428,0.001057237885227937,0.0004952901152722552,2.96614233225323e-05
420,1,7.322605004340308e-05,0.1805982579691384,4120.996775363245,2.0,4.6587604808390846e-07,2.75e-06,0.021445339749691743,0.0069112301135665355,0.0028310083068810027,0.00015127760799857096,4.8961810544956756e-05
420,2,5.574655917457754e-05,0.1751179545802626,17953.462254173697,1.0,4.691696031160062e-07,2.75e-06,0.04332152656935295,0.0061252648795422915,0.0005141377806972973,0.00024097894804062757,3.206687480937358e-05
420,3,1.4553837179436175e-05,0.16846072312262994,3746.4736571952108,2.0,4.504990439421801e-07,2.75e-06,0.030309746575290064,0.006431691364940675,0.0005096901591649763,0.0004836859604014942,1.959090705458614e-05
420,4,1.710178165392714e-05,0.2359199704080071,15927.658597065463,1.0,4.7519308861535947e-07,2.75e-06,0.04724844884921908,0.006298805017889149,0.0005067497561498977,0.0002834241756061101,3.2199968739552804e-05
421,0,0.00045227899081919695,0.017882539364387273,24734.979407054198,1.0,4.7026794395084694e-07,2.75e-06,0.03837459289126022,0.012190640141944117,0.0037373815438401636,0.00032405614650331,2.9685359855813694e-05
421,1,4.727583552675157e-06,0.03996608097250771,7289.184042297197,3.0,4.6277185093990174e-07,2.75e-06,0.02471816099907895,0.01744680561861499,0.0006729394417156887,0.00022594527609567203,1.6461519256799356e-05
421,2,0.00015933165860413287,0.049006202987301316,23257.32367652538,1.0,4.764168532736809e-07,2.75e-06,0.03444947919724869,0.006487694952939129,0.003485072325311331,0.00019596372393235737,3.121090897825746e-05
421,3,1.3371656433414576e-05,0.046114495414400325,3050.67950462267,3.0,4.56136916725866e-07,2.75e-06,0.04770646977485626,0.03409583899365635,0.0007820636384547936,0.0003242667392069527,8.27565745797274e-05
421,4,3.2109406630262773e-05,0.05476263977506811,13956.661570744338,2.0,4.6521448728226086e-07,2.75e-06,0.02798232219405113,0.006462991099339355,0.0004628384447000389,0.00014470479721677537,2.7903936910496387e-05
422,0,3.554261994929503e-05,0.05378896803884562,18836.080443953,2.0,4.5236784439876885e-07,2.75e-06,0.022191624497524376,0.005977513971663031,0.0004942930121949071,0.0003165887455774831,2.973141747676733e-05
422,1,7.877503574551206e-05,0.18136785400958136,3062.889298416053,3.0,4.759186544027166e-07,2.75e-06,0.02893223582507501,0.01202680748743056,0.0053896698611177705,0.0002008424042314796,9.758176335484236e-05
422,2,4.9291563823144605e-05,0.22537262049024928,3491.194295782825,1.0,4.633639504997082e-07,2.75e-06,0.021181620307299198,0.005584569665423984,0.0006120965687080742,0.0001827487840138243,2.66665732131235e-05
422,3,0.00044834253639353155,0.15969115837419515,12242.078158702498,2.0,4.757850622848269e-07,2.75e-06,0.030575241544052306,0.015421571075864447,0.011657771476381001,0.00022346036104111032,0.00010861134766363458
422,4,2.2175228526309184e-05,0.27530827208578523,16687.188433589985,3.0,4.7464234369725073e-07,2.75e-06,0.036534080705928174,0.00603172015393801,0.0005040596126045223,0.00017629924165638998,3.1471755205737936e-05
423,0,0.00015221743595158598,0.279696391532495,14108.916270059539,3.0,4.4556993214510426e-07,2.75e-06,0.037563890557539316,0.009852990479459848,0.008464665462692235,0.0005397169868148545,6.982170000428062e-05
423,1,9.801260301041799e-05,0.1780052667841722,9731.280797612595,1.0,4.6119820371050624e-07,2.75e-06,0.020654213945703367,0.005638269056029912,0.002083718936653063,0.00023827713421124518,3.168379797824502e-05
423,2,0.0021761690792879125,0.10561848654716198,21751.685740385077,3.0,4.5094182632454914e-07,2.75e-06,0.049468145665452955,0.040773786162661606,0.015729626025992774,0.00025950188978815254,0.00016181205019761863
423,3,5.603609915571164e-05,0.25617088737779603,2054.9548647709244,3.0,4.72490355391937e-07,2.75e-06,0.022486520442788916,0.008255312077984916,0.0014985382486000442,0.00013849960927734292,4.16082413925462e-05
423,4,0.00043835636618902516,0.05337919643957669,6249.0360973079,1.0,4.748240532822033e-07,2.75e-06,0.026444681675105216,0.028147257219472338,0.016912838671083907,0.0002049547767486309,0.0002222064705599381
424,0,8.019158791255644e-05,0.07850976238963954,13908.303994704587,3.0,4.771869315562546e-07,2.75e-06,0.044485099606749366,0.0072110500086107615,0.0024376043455587495,0.0003300502552493117,3.0964667952912514e-05
424,1,0.0019076592128828577,0.2969936542528058,10936.473939485893,2.0,4.781483378250109e-07,2.75e-06,0.026494513399978565,0.04353787674369946,0.021531891963699642,0.0003635177735638896,0.00037167664777186527
424,2,8.963618998353585e-05,0.13749251261901665,24200.57853831486,2.0,4.6379542899733555e-07,2.75e-06,0.02440608751356345,0.005526197169054728,0.0013559051502438592,0.00014281243902518058,3.143047742234817e-05
424,3,0.0004972366264541448,0.16653033732996655,2637.7972874878333,2.0,4.721678630079394e-07,2.75e-06,0.07279263546504804,0.06751710885255373,0.05875977601469088,0.00031205457178121605,0.0013292372968061394
424,4,2.9026698532772498e-05,0.07226722434080962,22185.78488468443,2.0,4.64281436925028e-07,2.75e-06,0.022230122223912685,0.0056431403134600995,0.0004862657410799963,0.0001601752614267707,3.10693487735165e-05
425,0,2.9743553150576806e-05,0.24640051099240737,10696.207755918047,1.0,4.73081584365629e-07,2.75e-06,0.04965785252912019,0.00618991442474275,0.0004973249753050091,0.0003152359860502001,3.177975570872983e-05
425,1,4.425338341910527e-05,0.11565836745527572,9697.362341973563,2.0,4.807556656915181e-07,2.75e-06,0.05875239939584705,0.005715275165897572,0.0005371320398801588,0.00046763178314748543,2.822010933995473e-05
425,2,4.814775209299722e-05,0.2850432739735225,24262.33419415407,1.0,4.6954237363578334e-07,2.75e-06,0.03613888129874158,0.006410005539559505,0.0004945530230131938,0.0001693419239009671,3.240275457921168e-05
425,3,4.106592063836265e-06,0.21339544187767284,5176.854385755258,2.0,4.5558392263884267e-07,2.75e-06,0.021415602314964755,0.0056968142416615524,0.0005100791401463126,0.00028267615521770814,2.5902559031670304e-05
425,4,5.851900238335452e-06,0.2241580040700105,23128.7484030339,3.0,4.7644083373210344e-07,2.75e-06,0.05955600212207258,0.0060482914760806,0.0005098890510720765,0.0004455606785371089,3.185451713006305e-05
426,0,7.023169784579742e-05,0.1685391589617076,11936.917759539121,2.0,4.741021753256023e-07,2.75e-06,0.049863071898984083,0.005481865023722505,0.0008974703606477231,0.0003387471718520845,3.008709247592291e-05
426,1,0.00044359587651190806,0.061965401517527836,19564.111328769035,2.0,4.6001126410337575e-07,2.75e-06,0.021517347415408877,0.013154427488367542,0.00743797424694492,0.0001544913350887795,5.468770106326912e-05
426,2,0.00014365272194550593,0.21167724327193224,8302.325798128471,1.0,4.6809903128261577e-07,2.75e-06,0.02697496834829465,0.00871077026121174,0.0069013523586047495,0.00015069816886666273,6.84647816706487e-05
426,3,0.00014452009148851891,0.19435573133288297,22865.325391214777,1.0,4.590600834378971e-07,2.75e-06,0.022518857484553994,0.005994497082911659,0.0026368170568654655,0.00015205402071243298,3.1711329629442084e-05
426,4,2.030430968351033e-05,0.0579590295974943,3245.91475385467,3.0,4.818776224529389e-07,2.75e-06,0.03320225742275587,0.0249865954125772,0.00026913900509178105,0.000454692753795244,5.3116422282543546e-05
427,0,0.00010294189157254996,0.045569509020833864,5353.086286826975,1.0,4.703876775686033e-07,2.75e-06,0.021076032900513315,0.01514722696131693,0.008906201649403969,0.0001560366820419398,0.00010332674908007314
427,1,0.0001292803637911045,0.07762150793881287,16688.88799942127,3.0,4.7643744991527035e-07,2.75e-06,0.036748925162600116,0.010104367144643541,0.006908583913015578,0.00026036896399529773,5.549546317110938e-05
427,2,8.15705901801196e-06,0.24651677019621882,4095.96841310868,1.0,4.5976896855618577e-07,2.75e-06,0.02233019143670521,0.0058016481867785115,0.0005222046274827766,0.00034202262434772785,2.87062824087326e-05
427,3,0.000110067981067649,0.10961557909209341,5343.755492603792,2.0,4.878757595758413e-07,2.75e-06,0.05618615253450652,0.015011743297558977,0.011801266209458842,0.0005853455031204954,0.00015279743549084424
427,4,1.0855243280789032e-05,0.29625334301906525,2043.4939619742288,3.0,4.6736992009460803e-07,2.75e-06,0.02269435751716938,0.006910995301316919,0.000534220315583197,0.0003082217716757058,1.822293259929822e-05
428,0,0.00013486524254431185,0.12653869612541346,12240.058199656674,2.0,4.6617845835273726e-07,2.75e-06,0.02961000625194027,0.009156711411455827,0.007098206363102656,0.0001697741527215146,6.237033014963501e-05
428,1,0.0002418768823540164,0.021017317255205746,13329.237707241302,3.0,4.5745241377856116e-07,2.75e-06,0.04764907988339059,0.03164641046109761,0.012667391476436479,0.00035298937017074497,0.00011553137834851113
428,2,2.10832625813475e-05,0.14994620392967417,13995.953626146875,1.0,4.5952453152321066e-07,2.75e-06,0.021590803557688526,0.0060418399690815834,0.0005062646053194003,0.0001835045840589784,3.184831997334498e-05
428,3,0.0005636957786764881,0.28419464753231893,6134.167911059376,2.0,4.7533761910510304e-07,2.75e-06,0.035008066589386704,0.029053326650024178,0.024918417579790467,0.00020544006050235688,0.00037830516098888737
428,4,0.0007707633117793122,0.08512402065901825,13070.366779556902,3.0,4.5755604293739476e-07,2.75e-06,0.0449925356835833,0.03251538628402746,0.017843559917887896,0.0002859291473242945,0.0001927238289008769
429,0,1.1942525560934077e-05,0.2458023717266368,19109.07645339993,3.0,4.5382944564960575e-07,2.75e-06,0.02211600958845705,0.006020011590494838,0.0005177913136370558,0.00017138129305238183,3.1613933419299153e-05
429,1,3.400948206559015e-05,0.1265273149741538,3626.870875407026,1.0,4.672110446584976e-07,2.75e-06,0.02371584763894886,0.005955983315473898,0.0004686965406096246,0.0001388724546827122,2.3956451651825757e-05
429,2,3.1129949841717676e-05,0.11686918040853812,16755.73167186343,1.0,4.536235454397396e-07,2.75e-06,0.021647069581372375,0.005971709121409145,0.000499260022321151,0.00018205239646480333,3.1879100136999296e-05
429,3,4.0460767385516726e-05,0.03615226291694685,10966.10761063935,1.0,4.545223629684093e-07,2.75e-06,0.02430914260588107,0.006551230694064121,0.0005574928748697046,0.0003627306614615645,2.7986890725836292e-05
429,4,0.00029961951136565906,0.1608784476477962,17691.0023835897,2.0,4.6446645825056303e-07,2.75e-06,0.023467265305000404,0.009373895385221431,0.007272083607290422,0.00014379396580770226,5.258677493260136e-05
430,0,0.00020367324968587915,0.28013874348631734,21897.616012459344,2.0,4.5668265271320663e-07,2.75e-06,0.02026243874783912,0.007276394938114519,0.005012541023067734,0.00018216801724008167,3.752528072883604e-05
430,1,0.0005501273935350619,0.1985922001836755,8106.556287311095,1.0,4.7264450137435007e-07,2.75e-06,0.0256880880540404,0.01699402661000685,0.013970230727933748,0.0001883291991209104,0.0001384756024835538
430,2,0.0006517096277670631,0.2557620888074105,7891.837510351468,2.0,4.732876620945266e-07,2.75e-06,0.0320139697539712,0.026045266042151387,0.020324649730329214,0.00018755041335793637,0.0002863114353525049
430,3,9.900873104787471e-05,0.09769880836326462,4790.407639846186,1.0,4.510067590764278e-07,2.75e-06,0.03754009468063845,0.009692094346903131,0.0063774365965118636,0.0005293655273542956,8.3712354619927e-05
430,4,1.5702011222708058e-06,0.2606269151392932,7614.265041256295,2.0,4.61790399686603e-07,2.75e-06,0.027745339676504093,0.005827141536626766,0.0005188014005743736,0.00013598669762222428,2.9650051626256166e-05
431,0,9.43867849956383e-05,0.2953991470214701,24967.395651828396,2.0,4.7214087831305385e-07,2.75e-06,0.037953081098010086,0.005895548051284939,0.0009200070887392427,0.00019111249115908208,3.193879781115567e-05
431,1,0.0002435344566360304,0.14282253218206445,12772.944839023914,2.0,4.531509105941068e-07,2.75e-06,0.02516680119691943,0.011013417023094704,0.009121972669507497,0.0002890793046178152,7.504961258557139e-05
431,2,0.00015423033609023845,0.17432340175336256,17672.15526345533,2.0,4.6293521237046546e-07,2.75e-06,0.026105631768588395,0.007414417880580597,0.005225840399052345,0.00013992406680697256,4.185185222258729e-05
431,3,0.00014788465444193614,0.23572518636107007,7195.1712312154295,3.0,4.512566862030895e-07,2.75e-06,0.035351380213553295,0.01576669189324322,0.016169118687503023,0.0003792368278384868,0.00018581254232380798
431,4,4.830091540049403e-05,0.17983642500397748,6304.738485801787,1.0,4.5953829621037764e-07,2.75e-06,0.024349024269513093,0.005683745290582006,0.0005323181638902855,0.0001423595969233146,2.9712241234300523e-05
432,0,0.00013235477769853591,0.2564810494619167,6802.779811231034,2.0,4.649206597334136e-07,2.75e-06,0.024338921297467658,0.011148173537783296,0.010204414434005438,0.00014858331629421007,0.00011803285641010776
432,1,0.00014628684091298367,0.21254889610339647,13575.200665995178,3.0,4.6097822151381674e-07,2.75e-06,0.022486571618485867,0.01020220060405507,0.008897858513034158,0.0001821606887506316,7.467778206316193e-05
432,2,0.0004976316126700313,0.17409821605655418,11172.49172565483,2.0,4.738204555099143e-07,2.75e-06,0.029772578915014586,0.017917797547075287,0.013683184711471117,0.00021228721581227636,0.00014117685500911336
432,3,6.804224285313253e-05,0.27937066028282737,22443.358634226817,1.0,4.857328932385271e-07,2.75e-06,0.056406394156973745,0.006323971978527017,0.0005194832222122648,0.0003988302667389477,3.231160922416119e-05
432,4,0.0008701694081736869,0.05678588777003587,21984.41535970345,1.0,4.679323888840276e-07,2.75e-06,0.02392516483420536,0.013306214554287432,0.00508550028207529,0.00014375161307112543,3.659018532217935e-05
433,0,2.9174874897184917e-05,0.14870243072299108,5095.466858331524,2.0,4.642048996897972e-07,2.75e-06,0.02921279320976462,0.0061623206668071015,0.0004839899499662783,0.00014822685603659396,2.2749265898078246e-05
433,1,9.420488211300685e-05,0.12812291790198135,19912.909375952306,1.0,4.485466354597198e-07,2.75e-06,0.0338687854642444,0.005667499774521251,0.001225940439905992,0.000573928302921341,3.169447667002547e-05
433,2,0.0004465727566953699,0.18629303772116568,6970.940713083067,3.0,4.640352270822102e-07,2.75e-06,0.03882905405430249,0.030119883037117143,0.028319704881169954,0.0001920006932775312,0.0003348210713989999
433,3,0.0008494611014965992,0.23145393051219482,13734.972906638353,2.0,4.719886746509758e-07,2.75e-06,0.026179953786466665,0.019109425912038038,0.01347562872874071,0.00018132693071081627,0.00013965597423676678
433,4,1.5490885196835796e-05,0.11243203060827098,15244.762023916686,2.0,4.78127038944661e-07,2.75e-06,0.050357495069869196,0.0056649422502227,0.0004975050712591695,0.0003429657143194226,3.0672386593262286e-05
434,0,1.3036650855762416e-05,0.12371477379655677,20501.79266601438,3.0,4.5479253044255076e-07,2.75e-06,0.0212213184901185,0.005687770581658299,0.0005147185971649731,0.00019260550569602338,3.095201083049296e-05
434,1,0.00039095783470309244,0.12489035142662108,5294.722364287825,1.0,4.5102349212799794e-07,2.75e-06,0.05491173362837026,0.02330041481911362,0.0204219687283782,0.0005612278290695411,0.00024683745059620924
434,2,4.359552320177216e-06,0.031927327669887824,17702.937501482847,3.0,4.6049960363346435e-07,2.75e-06,0.021219807676466168,0.009849946183523035,0.0005534570806850681,0.00019761668508839366,2.3943241909224366e-05
434,3,1.4023125894481568e-05,0.1941675342076749,8464.124261984307,2.0,4.623714186669292e-07,2.75e-06,0.020946315156605694,0.005717107543181425,0.0005107656483241343,0.0002220486089140114,2.9368632652278327e-05
434,4,2.5734762659540106e-05,0.2457868490910233,17110.5658697834,3.0,4.855153630704076e-07,2.75e-06,0.06191553284677315,0.005972421146444158,0.0005050271288802429,0.00047808708337490846,3.14072690813386e-05
435,0,2.6508870372796545e-05,0.2471865732266878,13151.297839342931,2.0,4.597115906037724e-07,2.75e-06,0.02441984542751205,0.006015947871941523,0.0005032464837253122,0.0001454675446953568,3.1353894778319895e-05
435,1,0.0002479011214691017,0.20265477718208888,4643.497296931318,3.0,4.583265923462967e-07,2.75e-06,0.045459721605542784,0.03306410060816298,0.036613833899283,0.00021667570951691996,0.0005252714951508264
435,2,0.0007680728137290678,0.25375276553151443,6203.82890385169,1.0,4.6340912707961146e-07,2.75e-06,0.03088802727623662,0.026819219488164237,0.01964378596746069,0.00019112671180031,0.0002699987405466203
435,3,3.786882470776241e-05,0.25301745474277865,20221.002999878678,3.0,4.621333799332011e-07,2.75e-06,0.03084934967054852,0.006042964137984788,0.0005005111298990023,0.00014225822135174296,3.168205770308758e-05
435,4,9.835196423734047e-06,0.29514436266801947,12347.869693330367,1.0,4.786945715538458e-07,2.75e-06,0.051021757354007345,0.006327538962037603,0.0005096758053591927,0.00032987990957424637,3.209188981518854e-05
436,0,0.0003231940035226617,0.09959477252754566,4552.179800904296,2.0,4.569455523259737e-07,2.75e-06,0.05846919254635552,0.03672214003849156,0.0294134892521403,0.0004112064406497483,0.00046624650204794084
436,1,0.00019477794933466945,0.09770576878819058,23147.414023884023,3.0,4.6745035134657854e-07,2.75e-06,0.025848168526790883,0.0090700417666133,0.006756940786174758,0.00014757620483599125,4.6599705537159924e-05
436,2,0.0018809810099479718,0.21500140111527655,14301.874062831414,2.0,4.6080089330022935e-07,2.75e-06,0.046024642206649424,0.03549397973709145,0.016687135666123076,0.00028815764904422704,0.00022734605784027544
436,3,8.066657988570803e-05,0.07416503543766424,9666.539806574987,1.0,4.6008150089195456e-07,2.75e-06,0.020721112369306006,0.00594200426797856,0.0022250051543001386,0.00019451487784841065,3.1014055649619046e-05
436,4,0.0002172124609952251,0.18820997616048893,2496.4827190133965,3.0,4.6261426638492655e-07,2.75e-06,0.07136931693982998,0.052784425556241875,0.060836922499549355,0.0003188455334346232,0.0011332139319193198
437,0,3.0486467648621687e-06,0.24836903464437138,17731.618879457536,1.0,4.731190489769178e-07,2.75e-06,0.042725623762071806,0.006344858105561158,0.000509671287043959,0.00023127133324462928,3.229435680215873e-05
437,1,2.8967523869857456e-05,0.0016995054478194484,2964.976144041296,3.0,4.4575208096900877e-07,2.75e-06,0.7043076521649372,0.4878035477049996,0.020268021061121053,0.0004586922223887829,0.0017311605501409897
437,2,1.5720397287414127e-05,0.11124618616248101,8105.337539544909,3.0,4.6173504767771835e-07,2.75e-06,0.020927055054925908,0.006739345987947572,0.0005590288167834047,0.0001938137835338701,2.35727038628419e-05
437,3,0.00015522492424238304,0.004254145489230331,9104.23133437799,3.0,4.553956197593394e-07,2.75e-06,0.14499310910287824,0.12864162317880265,0.010291256774422228,0.0003058057563051679,0.0003051280590898343
437,4,0.000138731686242045,0.04971040765372664,7078.460525483052,1.0,4.6219287881927594e-07,2.75e-06,0.025725503434968978,0.014806666960733522,0.010837093928231034,0.00025005213402353317,0.00010579930294146515
438,0,5.547616624284372e-05,0.12764404989067651,15378.927489634263,3.0,4.6878001384291254e-07,2.75e-06,0.03433692041092201,0.00557505352738923,0.0005772479495090958,0.00017441145544003515,2.9605690586409386e-05
438,1,0.0009785593662280721,0.029550468902390836,24361.598260341838,3.0,4.690657322269663e-07,2.75e-06,0.024119479032962996,0.02959177467137414,0.010352321803546121,0.00018513728658044475,8.440306286249314e-05
438,2,8.100497971289359e-05,0.10249383930878933,21686.671174902865,3.0,4.637901791573659e-07,2.75e-06,0.026114148996617376,0.005495305594669359,0.0014300917555997014,0.00013596435833066606,3.024858230144494e-05
438,3,1.6424217594362986e-05,0.148649311701392,6206.430103652147,3.0,4.686789647492573e-07,2.75e-06,0.022878252338374525,0.0065170198811864135,0.0005039043974637968,0.00013966712369837698,2.199865297094929e-05
438,4,0.0003830976428731641,0.2824551394489046,23784.137424441207,3.0,4.5518301825921656e-07,2.75e-06,0.021640685091164024,0.009414555577130385,0.007822287955071653,0.00017952311135857732,5.123786255458675e-05
439,0,0.0005524094197098637,0.015745896324484775,22889.22767240219,2.0,4.673918243108993e-07,2.75e-06,0.02176428681502098,0.02227125443076856,0.00664295852812594,0.00015114459547971152,5.141506394077309e-05
439,1,1.4915208960375889e-05,0.27974116834493834,12417.860048173752,3.0,4.580499427685996e-07,2.75e-06,0.021244866350291474,0.005912651976895057,0.0005105570438708637,0.0002777663176768029,3.072481307158759e-05
439,2,0.0006606013613261212,0.17927059974206136,15034.83116229441,2.0,4.807394991791346e-07,2.75e-06,0.04207506458904129,0.015741092211822943,0.010841412788910066,0.0004132941236291166,0.00010023975990909801
439,3,5.344028080180491e-05,0.06019085791920622,15535.491272590027,2.0,4.713820416231807e-07,2.75e-06,0.03120373321000731,0.00605174885008941,0.0007363989135401988,0.00016343941768138222,2.874347032787873e-05
439,4,5.761325848823058e-05,0.11163621295878065,18128.323724319067,2.0,4.5259060183591825e-07,2.75e-06,0.02547209667718038,0.005570059044316127,0.0005945793039044707,0.0004262633285656409,3.094578872351107e-05
440,0,6.185471876581498e-05,0.18584424945598702,16467.898884459213,2.0,4.74844297298843e-07,2.75e-06,0.044493318314520254,0.00574784941275491,0.0005797224159192963,0.0002609909522150756,3.13257642689689e-05
440,1,1.8054170102101943e-05,0.19629432490746565,19997.18157035326,1.0,4.503364572248625e-07,2.75e-06,0.02264034781632647,0.006288493197711982,0.000504845300114558,0.00036670526380186186,3.2286318792522344e-05
440,2,2.0475394854850808e-05,0.3005567966900897,17454.811637436113,3.0,4.7499610412373696e-07,2.75e-06,0.056836155332627314,0.0061139425918304785,0.0005070625815892024,0.0004088207612405079,3.161659548642617e-05
440,3,9.297914106751824e-05,0.05228907773479095,18999.85190751875,2.0,4.5932285625252566e-07,2.75e-06,0.02046495228433864,0.007107388667599454,0.00319302690022848,0.0001861762317803821,3.1476384684211204e-05
440,4,0.0010982612874578558,0.13616648181689364,8584.546421099043,2.0,4.637790294438487e-07,2.75e-06,0.04111424957016302,0.0386777442038571,0.021935835861674274,0.00021288538211656021,0.0003710656084815217
441,0,8.851315184884872e-05,0.0059463956022220085,18542.990781031134,1.0,4.680466896154854e-07,2.75e-06,0.02081163815854965,0.01852980933039061,0.002249847466357635,0.0001399700542813437,2.5017017515929467e-05
441,1,0.0003848394989131726,0.27131765747807307,12727.23377561596,2.0,4.677878196562457e-07,2.75e-06,0.02571013713578604,0.012022499570744064,0.01027357180900093,0.00015042760586505332,8.63012009894455e-05
441,2,0.00013909558023720423,0.29710247049570143,8743.67337925986,3.0,4.6369661774018087e-07,2.75e-06,0.026087265073282823,0.011696457266345809,0.010958590588334515,0.0002825073137633093,0.000113902521429343
441,3,1.6767222028244383e-05,0.17795395834389652,11441.043830582694,3.0,4.714661060121775e-07,2.75e-06,0.051134144948771616,0.00567547860862225,0.0005256801875217133,0.00035534039156418315,2.9251150767830537e-05
441,4,8.638617229790444e-05,0.2585445130398981,9681.740015852029,3.0,4.574950693609651e-07,2.75e-06,0.021448792479298557,0.00543786077155762,0.0016822317721303008,0.0003000184556541817,3.0300114433699893e-05
442,0,1.5038194957064046e-05,0.07744931974225867,20596.542993872197,3.0,4.6052212247843075e-07,2.75e-06,0.02114559508093072,0.005841396570153867,0.0005072829420512226,0.00023961573364145793,2.9971818335274617e-05
442,1,9.583781038693606e-05,0.24398975467022616,2164.669976525248,3.0,4.722382595186248e-07,2.75e-06,0.024896187368222716,0.016783435492673072,0.012717382220003926,0.00019076516400031034,0.0002653070599598673
442,2,8.195334717290183e-05,0.2961921494475253,14012.98753962497,2.0,4.560737508359577e-07,2.75e-06,0.020957656751524945,0.0057645052918104955,0.0008559761492627772,0.00024117045957101674,3.1225897572980574e-05
442,3,2.9160651776094906e-05,0.19933267978615957,24463.900113247437,3.0,4.6929774009449e-07,2.75e-06,0.038326075527286944,0.005985228925785978,0.0005052109752058904,0.00019347103534499385,3.181605836602738e-05
442,4,9.323979007160755e-05,0.20449006398935587,19753.71880922761,3.0,4.7576251707789896e-07,2.75e-06,0.041055647330280554,0.005501615018143904,0.0015025532183119874,0.000233446351085938,3.0943006588944734e-05
443,0,0.00019253388798464807,0.019839268145857934,15119.771988876102,3.0,4.665161839353584e-07,2.75e-06,0.023227601509864276,0.026662242466533686,0.010109815831556799,0.0001474885116994638,8.307246092967252e-05
443,1,1.94380609294663e-05,0.2804066975356423,13429.267122274277,2.0,4.7338203572622063e-07,2.75e-06,0.04811471389452581,0.006108705284318997,0.0005036869393667048,0.0002977143690942472,3.154014552639464e-05
443,2,7.408543893246192e-05,0.06517102932269726,5825.573317876704,1.0,4.4741720539441474e-07,2.75e-06,0.036068264537258976,0.00790492328637623,0.0030003978423161644,0.0005326266055522454,4.145726627029455e-05
443,3,0.0002029532288358163,0.28107969675290717,24821.286578629868,1.0,4.4855966365968343e-07,2.75e-06,0.032748835801127994,0.006406227125185806,0.003431267505507421,0.0005395714037543592,3.198226276095983e-05
443,4,0.0004983420232044038,0.07428220540957654,10008.73087955187,3.0,4.4499842273796625e-07,2.75e-06,0.07050502978141955,0.03162256793317023,0.020421722916019402,0.000634900652434922,0.00021953039201179323
444,0,0.0001709429837627511,0.19366214943868693,17346.12022137476,3.0,4.681213645887684e-07,2.75e-06,0.027062827493212663,0.009614963422597154,0.008090751857162312,0.0001501301707209455,6.076642918154267e-05
444,1,3.397400278778747e-05,0.060127864617622824,21531.69871706159,1.0,4.668434209505759e-07,2.75e-06,0.02966779626501237,0.005736583839342598,0.0004909924917796389,0.00013927951337393136,3.1747635512803473e-05
444,2,0.006990700139971839,0.02078206207190515,16190.930583880618,1.0,4.6302912359722867e-07,2.75e-06,0.02661256288658262,0.0312570002109093,0.003341792659854232,0.0001507215628337759,6.738389428801997e-05
444,3,0.00015818229682458085,0.09735886576362796,15090.517320770086,3.0,4.654043989827951e-07,2.75e-06,0.030299698943601894,0.01180479232933842,0.009621531782728303,0.00019183248662974978,7.764410290318644e-05
444,4,6.991445162147345e-05,0.2814160765279741,2897.705966072369,3.0,4.6267260534930106e-07,2.75e-06,0.020695585180135145,0.0067412911999145545,0.0021753863655711927,0.00020831204914555998,4.5029604432729344e-05
445,0,4.2720176136342115e-05,0.0031681258034175976,8916.90070725088,1.0,4.663409630437789e-07,2.75e-06,0.035697471159837825,0.05641000244950404,0.0005935619393146212,0.00020286377866892487,5.1411595095027495e-05
445,1,0.0005941491579925267,0.24343565360709438,18506.455148921967,1.0,4.6561997190534646e-07,2.75e-06,0.026409045042949914,0.009062067252019768,0.006345787967827379,0.00014716872019336253,4.311698807846307e-05
445,2,3.142914156137086e-05,0.2131537835718841,17817.662194007233,1.0,4.597481919017679e-07,2.75e-06,0.021134419055028813,0.006279934810290399,0.0004995322545274241,0.00027508646156361986,3.222703816429752e-05
445,3,8.50039328058973e-06,0.13474236430396905,18760.453273624316,1.0,4.668866906549002e-07,2.75e-06,0.041625398188625845,0.006109110763912649,0.0005109245488445901,0.00022369757549491756,3.212041851326405e-05
445,4,0.001603085283096411,0.2548777371032481,22879.101077020314,3.0,4.6025107860787235e-07,2.75e-06,0.032651404922387946,0.027794306168156518,0.012405609460795941,0.0001830770189837691,0.00011860237294348461
446,0,4.958942399081813e-05,0.2484535811514981,3123.5537313754007,3.0,4.782680368661354e-07,2.75e-06,0.03315522120988674,0.006546097606631395,0.0006851433821343659,0.0001875562625095193,2.014683432637549e-05
446,1,0.00010691386229044415,0.05045778003348047,15047.64830945964,3.0,4.765030423074341e-07,2.75e-06,0.0414309239976692,0.012396470637768041,0.006807958853906182,0.00035981939288914905,5.8223123066439114e-05
446,2,6.255275775223057e-05,0.2234142574495747,2202.679692624641,3.0,4.593239785846205e-07,2.75e-06,0.03413920058011542,0.009639725659494912,0.0022848132047308465,0.00047452087371881255,5.4165294254019765e-05
446,3,7.947384653819552e-05,0.04087164969202436,10475.944971254707,1.0,4.6586689937220237e-07,2.75e-06,0.02060244590487433,0.007646631405156146,0.0030107279997611223,0.0001554172853616668,3.358531443274057e-05
446,4,1.455786212769124e-05,0.2642720451787001,4529.525846897196,3.0,4.599091253620969e-07,2.75e-06,0.021641567529311023,0.005805522936511547,0.0005325148724728963,0.0001624618027831235,2.1914087960778395e-05
447,0,3.212541067816349e-05,0.2982323756948425,4693.002957704322,1.0,4.487145951276336e-07,2.75e-06,0.02492815383888335,0.005970278278860096,0.0004885603002283857,0.00042506415720271483,2.9715155430675647e-05
447,1,5.703979153272161e-05,0.09107238636240612,14347.182956587147,2.0,4.714098422676629e-07,2.75e-06,0.04250265575076214,0.005573363197736558,0.0006482984496125137,0.00026000887559385973,2.962222510284725e-05
447,2,2.2443292346631114e-05,0.24836809556797387,5642.2343599007345,2.0,4.733742769496849e-07,2.75e-06,0.03627571690780266,0.005682465585305311,0.0004813607091361098,0.00018306857599714008,2.745266309717063e-05
447,3,2.337703758333658e-05,0.16704142928336352,21150.574902868353,1.0,4.566228185427603e-07,2.75e-06,0.021763534754639883,0.006236736561321741,0.0005061605491668539,0.00032312253038271893,3.2267617233766256e-05
447,4,0.0002739417472955552,0.19612512378875271,8221.938834353325,1.0,4.7280612525118384e-07,2.75e-06,0.025240009876469783,0.012372146709958306,0.011554269884154192,0.0001657850609462962,0.00010934925190254875
448,0,0.0006880797315247123,0.2806953262870404,19459.74619356155,1.0,4.675272772446872e-07,2.75e-06,0.023232094380330127,0.009199623897694633,0.006139701839602965,0.00013939918278416547,4.1361370009395714e-05
448,1,0.0054526244955530176,0.2830154755923184,11476.112602703177,2.0,4.519117016577835e-07,2.75e-06,0.11437644584414779,0.08435514362689023,0.02094613184935649,0.0005049819088300671,0.0007663118318625954
448,2,0.0001427658481686839,0.18676723106113802,12747.772251830022,2.0,4.7659638324088815e-07,2.75e-06,0.05900279294900281,0.00857741371350665,0.006735217272898791,0.000519465485291577,5.901627198190684e-05
448,3,5.0823205495891046e-05,0.019052971814600816,4290.675781046504,2.0,4.696992645027622e-07,2.75e-06,0.033460205281140486,0.046828200457052306,0.005227144325328164,0.0001528597134378461,0.000128800076898335
448,4,0.0002291857744167881,0.15472996127911132,23365.81502432923,2.0,4.666784945511993e-07,2.75e-06,0.02740999874382984,0.007236651068884545,0.004981757555006005,0.00014424008803689149,3.6444380659369e-05
449,0,0.0009355273966194413,0.2442487517594128,12570.762835579279,2.0,4.873068290473279e-07,2.75e-06,0.04817049850541658,0.021769874280578434,0.015271695344936742,0.0005838412792411932,0.00017401562297721657
449,1,0.0002888791761225116,0.17777321183705777,20626.746242076384,1.0,4.6126047741905613e-07,2.75e-06,0.020081575801423526,0.0070412977285374935,0.00469688945511667,0.0001890193851208611,3.469207396962402e-05
449,2,0.00013468780659850672,0.2789674021940476,24709.625860852982,3.0,4.5499906580734075e-07,2.75e-06,0.02031055979131162,0.006455799620767374,0.0036871755090160576,0.00025081169475623354,3.289190492306731e-05
449,3,3.883863609131824e-05,0.24369882246515,23727.72977451075,2.0,4.8200619617651e-07,2.75e-06,0.04873256699804207,0.006220183599280821,0.0004937215024962843,0.0003030254365903705,3.21493314595205e-05
449,4,0.0003537560624082572,0.01739850739090414,7626.242199730947,2.0,4.7531183857181435e-07,2.75e-06,0.035361131794327844,0.05018812589574297,0.018202698146118926,0.0002148977299951463,0.0002894463219966105
450,0,0.0002422082656265552,0.24228832461640026,19575.210942333764,3.0,4.7636667985786025e-07,2.75e-06,0.038600391513861486,0.009712038417973549,0.008334014264062523,0.0002614543664480645,5.84932835388011e-05
450,1,4.612856477691942e-05,0.2812833146566164,10611.6145434575,1.0,4.614664430381559e-07,2.75e-06,0.020967348913251013,0.00620998975741656,0.0004987434051139651,0.00024937861777574644,3.1792639983003905e-05
450,2,0.00010479716126572464,0.05996400855546273,10782.982201269137,2.0,4.798087070571053e-07,2.75e-06,0.05470540926678973,0.01106019434095,0.006549405137363444,0.0005204400013358043,6.201702554723391e-05
450,3,0.0012942225706201304,0.18256103045081148,17263.45397600565,1.0,4.5707759526620925e-07,2.75e-06,0.02788024469365907,0.016798894383560452,0.0069360922012851834,0.0002688745730936662,6.183648418374715e-05
450,4,0.00019020327184571644,0.12196395567173643,22876.633918464515,3.0,4.716063531084514e-07,2.75e-06,0.024882863898951103,0.008937165583460908,0.006959252416430808,0.00013998682092427236,4.718741609125942e-05
451,0,0.000281564757810712,0.16284753095427643,7803.423838456844,1.0,4.7545599976925414e-07,2.75e-06,0.03216977819413092,0.013528056101539612,0.01264821329696976,0.0002234512805291594,0.00012107299327721384
451,1,0.0001000526969513076,0.010974071460151624,22268.85665134006,1.0,4.6256821161413596e-07,2.75e-06,0.020725070391532596,0.01062545722150357,0.002704819587812766,0.00014970555181967346,2.8242918986582912e-05
451,2,0.002032921047587729,0.10789842140583483,7259.135756595758,1.0,4.6809433392384073e-07,2.75e-06,0.050878002517695343,0.04662620551503608,0.014823526230134033,0.00022520994794693436,0.0003369983332134111
451,3,0.001199619997534609,0.08077197619555528,6180.769191057909,1.0,4.6344975469503626e-07,2.75e-06,0.051746074527457074,0.04599472243990744,0.017904173712394954,0.0002347456802740077,0.0003766194327140617
451,4,8.787716274997376e-05,0.003583319337876977,3422.3603136200863,3.0,4.676831582003681e-07,2.75e-06,0.35552663733957784,0.31496167683876714,0.018625219117202094,0.00019747464738494825,0.001147176300100289
452,0,7.606124450555375e-05,0.2709065717259471,22234.55492954311,1.0,4.736321957326069e-07,2.75e-06,0.04355169507483136,0.006261295549269727,0.0005479432932010221,0.00024092345733390882,3.2264698360768745e-05
452,1,9.074195966781232e-05,0.2588782288790885,19815.292034676597,2.0,4.7420165531808577e-07,2.75e-06,0.04621220516716198,0.005753681117818384,0.001045221966553193,0.0002817755211898144,3.161032564908233e-05
452,2,2.6038914996866686e-05,0.04375149924273864,14992.066690774953,3.0,4.6373996384231706e-07,2.75e-06,0.022250248502702172,0.008549429009282015,0.0005079949188252094,0.00013738580736084911,2.436492550835107e-05
452,3,0.00010382874172706491,0.12902111957545973,10379.128117823893,1.0,4.781884413624066e-07,2.75e-06,0.04991926384900582,0.006096341825627652,0.0031478378776959655,0.00036169872309122316,3.5606585144642054e-05
452,4,5.101653881097604e-05,0.09948865132028051,3195.752417249553,2.0,4.784542153122077e-07,2.75e-06,0.026292131585372348,0.011583530265441991,0.0016664588874797529,0.00017412544253081236,3.581936013389007e-05
453,0,0.00010882334436219463,0.2672354865213862,21553.594238759353,2.0,4.734095153743261e-07,2.75e-06,0.05387718683394199,0.0057483728486250754,0.0019362849413422803,0.00038760187673661517,3.153070551477682e-05
453,1,8.505843862685454e-06,0.259612002853076,6588.404499035981,2.0,4.603313908330916e-07,2.75e-06,0.023990331459294956,0.005766778416387727,0.0005010539195408928,0.00014455680961742194,2.876623977164049e-05
453,2,0.0002481034449914997,0.06316174758804755,24971.620587074576,1.0,4.53936085122697e-07,2.75e-06,0.023109526410747674,0.006672630817708004,0.0037797838428508673,0.00033959033272539744,3.131220942918699e-05
453,3,6.755762491812886e-05,0.25001047126083714,12604.667102492687,1.0,4.6462759014534433e-07,2.75e-06,0.027663083251565936,0.006082522723250699,0.0005664622206573692,0.00013507316576449456,3.1802545552583406e-05
453,4,0.00022551319750675687,0.1888240378810748,15135.151838441196,3.0,4.6837785116620285e-07,2.75e-06,0.04055531307282797,0.011405580917945067,0.01032304165075113,0.0003082684610477942,8.230938950739266e-05
454,0,0.0006094818000375781,0.27983613031589905,19466.508304592044,3.0,4.727912793482901e-07,2.75e-06,0.031088710953102856,0.01379031166445512,0.011544175484510403,0.00021817628598576073,7.74888759917322e-05
454,1,0.00014976267767160555,0.016958651303896042,20588.021171852826,2.0,4.532553546898765e-07,2.75e-06,0.024400357027942698,0.015322090640392666,0.0047688013130340575,0.0002511622430693455,3.502727916482394e-05
454,2,8.390263899068142e-05,0.2865076601373792,12712.65914879856,1.0,4.561542555121054e-07,2.75e-06,0.02156392298466005,0.0059964158676005614,0.0006604495198777432,0.0003231143651709582,3.17534108330972e-05
454,3,0.00010367586457945069,0.12016305834719282,24436.924458131787,1.0,4.7356854890343883e-07,2.75e-06,0.035936228515926955,0.005697636940040387,0.0015136582518771678,0.00018080207070476765,3.1788967513915035e-05
454,4,0.0002810582298841665,0.166863525691712,23932.172256227957,3.0,4.6444867081967865e-07,2.75e-06,0.02645777773298222,0.009036424808418866,0.007213558966930811,0.0001458468086162561,4.800360069712859e-05
455,0,6.912196206888322e-06,0.09952054145569905,2445.3415897157497,3.0,4.545445630407728e-07,2.75e-06,0.03351472090768819,0.0186275206139008,0.0006255336551760312,0.000349571715909057,4.648426009163176e-05
455,1,6.343875888109403e-05,0.2755405380517522,12903.197412007215,2.0,4.742797176549952e-07,2.75e-06,0.05550043938411343,0.005900458752690304,0.0005783161974790497,0.0003952268011342135,3.120991539901265e-05
455,2,0.0006559003187491518,0.145216406505225,5185.427768419664,3.0,4.4097318379152843e-07,2.75e-06,0.10360394987667487,0.05780097416502428,0.04496357040599247,0.000670965677932722,0.0007157171039522146
455,3,7.076341545461637e-05,0.07192789445329502,16787.44478182418,3.0,4.6363551245390946e-07,2.75e-06,0.020819091818415226,0.006440677634080068,0.0015160039676357989,0.00018583210042947605,2.823071620400251e-05
455,4,7.712918584469082e-05,0.04076973349974395,22276.881469981785,3.0,4.77333485869449e-07,2.75e-06,0.04248457630026092,0.008049896584863053,0.002328271532317722,0.00031880997364558357,2.8614505759732808e-05
456,0,3.670736570278029e-05,0.2360929766923683,20596.03794335401,3.0,4.5999362461674755e-07,2.75e-06,0.022307203579046694,0.006006194728294678,0.0005024005922730947,0.00016840239421666916,3.1659607650334045e-05
456,1,0.00014482193527368004,0.13170381134318748,10861.268710952061,3.0,4.5987982470690893e-07,2.75e-06,0.0254305752131484,0.01301542369828495,0.011477435923077033,0.00014856192783586398,0.00010873651980663529
456,2,0.0007331126398012438,0.20520122799386822,6161.094206287227,3.0,4.727207928684098e-07,2.75e-06,0.05059240887373812,0.048682591676571886,0.03894240697945466,0.0001957094754273803,0.0005510764498644179
456,3,0.00013512182828021168,0.25556316277675356,23612.21151733884,2.0,4.4229944692806243e-07,2.75e-06,0.032407922710414594,0.006211859256558534,0.0032587323120292014,0.000533560828684455,3.207384116233508e-05
456,4,0.0001710609068912714,0.11927970346135248,6415.478398464388,3.0,4.626196944088938e-07,2.75e-06,0.03788221824762023,0.025185278641177325,0.024467851101896806,0.00025292493999380086,0.00029545564710574043
457,0,4.3968739915773376e-05,0.0407886333054294,14616.151983088113,3.0,4.555388568295536e-07,2.75e-06,0.024132185966739494,0.009567516595725151,0.0005830579758650689,0.00031392622197796066,2.315423395168233e-05
457,1,4.46354984599535e-06,0.13732640476277697,6416.661271568737,2.0,4.6902547024193923e-07,2.75e-06,0.022527950205776092,0.005971520146658096,0.0005135542439076948,0.00014684549344780393,2.5769440987799873e-05
457,2,1.589438935297762e-05,0.04170170832706196,3036.411784573814,1.0,4.6743198433435847e-07,2.75e-06,0.02341263245764445,0.014580644586338037,0.0005164548648704141,0.0002252251308994095,1.9348046378206704e-05
457,3,8.209451665644521e-05,0.29669210302267884,15014.897212643882,2.0,4.6402639266643726e-07,2.75e-06,0.02203295839122567,0.005804069163107682,0.0008231442440512574,0.0001705681256209527,3.137123511784579e-05
457,4,0.0002993972595943682,0.16573389365022714,3189.942642338374,1.0,4.783635601080874e-07,2.75e-06,0.0346148283009591,0.030042912276530293,0.03146988077814767,0.00022667581090484885,0.0004845529364110155
458,0,5.6208566223005936e-05,0.21898140521596765,11620.672841748248,1.0,4.594449144508971e-07,2.75e-06,0.02090762747771359,0.006051572432629174,0.0005279252222056662,0.00022972851731291351,3.167917299036449e-05
458,1,0.0006987706844205904,0.15903074321069058,10114.999560422362,3.0,4.6368412822855794e-07,2.75e-06,0.03405221552563473,0.03127207400245163,0.022971963857136197,0.00016887399740745388,0.0002483819160493535
458,2,0.004283387505753535,0.28625044406404554,10855.737697272418,2.0,4.6105574274668356e-07,2.75e-06,0.09080478248474814,0.08116118546158985,0.022347959079001972,0.0002917712170579238,0.0007410904317546275
458,3,0.00017303584928417043,0.27863022804265314,16838.882498018058,1.0,4.821189584021547e-07,2.75e-06,0.05857222174483112,0.006986237149467535,0.0044468027855672386,0.0004747587300068707,3.6243866794794156e-05
458,4,0.000589396970976745,0.003685539203139475,4691.881881016187,2.0,4.6759445489635624e-07,2.75e-06,0.21973036999528517,0.20933349636679233,0.02369856054692227,0.00021719074683466066,0.0009962526457001977
459,0,0.00031332840726853604,0.26025919863291846,18133.916356727474,2.0,4.4472439798149227e-07,2.75e-06,0.0316302487334102,0.008819696316409966,0.0069809458542248485,0.00046310140873646573,5.107206876581635e-05
459,1,0.0002623843466227274,0.03273086559042177,19956.475891955703,1.0,4.592925659045983e-07,2.75e-06,0.020528890102203143,0.00913445111663831,0.004646376964619651,0.0002050015146097644,3.305760685715082e-05
459,2,7.139773944793788e-05,0.0024996870960761965,23172.068585141325,1.0,4.789120008074083e-07,2.75e-06,0.021691126845879833,0.026122308394762542,0.0005193166114650897,0.00024045248028555313,2.0504023467156812e-05
459,3,2.4657538127895634e-06,0.06592264750663883,17857.11986460429,2.0,4.807774823278201e-07,2.75e-06,0.05831294354143748,0.005800885342168481,0.0005187820501452541,0.00046049877388229174,3.0188947639001615e-05
459,4,5.36808448665269e-06,0.12900178741134766,19182.241275292465,3.0,4.759037453876509e-07,2.75e-06,0.04901416700512715,0.005676363444059411,0.0005123197585467516,0.00032547296792326963,3.0828897712357864e-05
460,0,0.00016940658916191542,0.047038738933937584,10208.519307309865,1.0,4.695315870426426e-07,2.75e-06,0.02584222708452889,0.011808895354852232,0.008104037556633142,0.00016853310517101717,6.64756514367789e-05
460,1,0.00010919133960249927,0.009788806957868379,5093.364064108428,1.0,4.709434725227694e-07,2.75e-06,0.032547762787517254,0.04747062513734122,0.011069705317752027,0.0001757155805994123,0.00018345325556149163
460,2,0.00011393295768047994,0.24280070539817983,17836.979696201794,1.0,4.502409717099171e-07,2.75e-06,0.02217317817301062,0.005825176148769417,0.001604518401609692,0.00034935582863560103,3.168056458701763e-05
460,3,1.0814319761920301e-05,0.26751690912381926,4579.630866305774,1.0,4.5783071735865913e-07,2.75e-06,0.02212266639587293,0.005927462095001157,0.0005219908056552007,0.00033519096009803874,2.956858903806893e-05
460,4,6.131559697964241e-06,0.2662139756909633,19658.05512703089,3.0,4.659126450538687e-07,2.75e-06,0.025477963314541736,0.006082951720956654,0.000508711105164979,0.00013946425800437617,3.173442278645298e-05
461,0,0.00017821837759124314,0.03204296141598751,24244.645149377007,2.0,4.63420556437289e-07,2.75e-06,0.025239262692836436,0.009701823624425588,0.004602966464474156,0.00014699632212341,3.340036661627293e-05
461,1,8.311288417608874e-05,0.08782676879872692,13951.358849083877,1.0,4.673795836748896e-07,2.75e-06,0.02455585774074906,0.005494338609893658,0.0015652008619651896,0.0001384510188410669,3.0777816960803986e-05
461,2,0.000428094934120641,0.09704648746915989,10497.186784242676,3.0,4.534192054117678e-07,2.75e-06,0.04764663766565284,0.02445381061327875,0.01832423744465151,0.00044341831751712105,0.00017761106698575488
461,3,0.0002223445545199156,0.13653085200255,3529.643217087387,1.0,4.61432942860484e-07,2.75e-06,0.03818526998874205,0.02482662531908635,0.025683608321538376,0.0002965579031866385,0.00037089541404681045
461,4,0.00015645676273523087,0.2521233485533698,17599.215831273345,3.0,4.730918835749988e-07,2.75e-06,0.03372827459916993,0.008776283679350983,0.007018579101569107,0.00019547773474967617,5.3470761279990206e-05
462,0,0.00027857332720119415,0.1857980057986293,17099.729600272978,1.0,4.6407078089125455e-07,2.75e-06,0.027200504324749564,0.007838596075534082,0.005756123364363211,0.00014603759776612727,4.2006432679647594e-05
462,1,2.7428105770268196e-06,0.2700027953919717,14196.514515927905,2.0,4.6184847150183206e-07,2.75e-06,0.02793430937682012,0.006118393673093878,0.0005091938732017815,0.00013536632209786126,3.163390320946812e-05
462,2,1.3430410157895095e-05,0.22875862755957987,16529.070817381125,2.0,4.6567697284671944e-07,2.75e-06,0.023151643359548512,0.006072608066624945,0.0005021035396758587,0.0001575137179126915,3.174934647131156e-05
462,3,0.00013063740796047477,0.10267520046345566,13192.948300175001,2.0,4.489572151060762e-07,2.75e-06,0.03046778781126212,0.008964203905869772,0.006559438828855627,0.0004354513779958665,5.627370077544968e-05
462,4,0.0004052835764233854,0.2245370690376042,17511.013218758082,3.0,4.5771200150833956e-07,2.75e-06,0.026225416108005568,0.01199139431366048,0.010442933001567095,0.00027455316731899354,7.505177585709344e-05
463,0,0.00019209444244757496,0.05450592071409287,23379.755237383582,3.0,4.6829943137984725e-07,2.75e-06,0.026252889211973714,0.010489243385834861,0.006714778714819323,0.0001561983120276252,4.654197119722664e-05
463,1,4.388752707714244e-05,0.1037809464310417,20606.010046684372,2.0,4.5757654289003824e-07,2.75e-06,0.020882495873132272,0.005672298746352142,0.0005030610311042245,0.0002220919433251361,3.1275264958679015e-05
463,2,0.00013437554568497025,0.031059389828604244,4755.676789593069,1.0,4.547518152247086e-07,2.75e-06,0.043939781460701106,0.025560581490530615,0.015144524179073018,0.000386128590982418,0.00018579609129438192
463,3,0.000648041964680531,0.22275302215024192,21598.548403393652,3.0,4.501730693514146e-07,2.75e-06,0.03991807947213261,0.01366917757715431,0.01043966284636231,0.000501201733949025,6.619462150635366e-05
463,4,7.234608739651437e-05,0.1296871323611112,12995.86719130181,2.0,4.4831537024803027e-07,2.75e-06,0.028556643516125534,0.005467623986193708,0.001208915010689028,0.00047812968343760007,2.98649177307081e-05
464,0,2.367473394495334e-05,0.18459585405826232,3861.8503052894666,1.0,4.769503825787194e-07,2.75e-06,0.03485337266880545,0.005687873903303132,0.0005070555134754211,0.0001738906869921268,2.679454597528481e-05
464,1,0.0004528930741554264,0.2179591712409798,9938.960872005198,3.0,4.712233000103161e-07,2.75e-06,0.03570189024796109,0.02149102431407525,0.020420675727392857,0.00019748133684033514,0.00019655104941452263
464,2,7.3948300025560374e-06,0.10303627892579818,23809.63649813716,2.0,4.6411906027693926e-07,2.75e-06,0.03650177331242068,0.005776704350415913,0.0005079184735117347,0.00018106781657905354,3.1676188039831034e-05
464,3,1.6730390052062163e-05,0.01083375633825999,5895.846492992976,2.0,4.744804079643093e-07,2.75e-06,0.030270044792276834,0.052996536088282205,0.000503011490732656,0.00022590446419910428,7.76503346160654e-05
464,4,4.728794830070159e-06,0.26233714504749384,12050.621414975541,2.0,4.7144152591401575e-07,2.75e-06,0.029320869753393278,0.006040719203986594,0.0005074309710373762,0.00013735437345095043,3.131529402671194e-05
465,0,0.00018385106376890518,0.24321338829994038,3061.1223737984865,2.0,4.70608855624521e-07,2.75e-06,0.04036847331441479,0.030342874590586735,0.03453468386180667,0.00021974211717558576,0.0005831991880969688
465,1,9.219762889528018e-05,0.12281462053918517,7892.968800157786,1.0,4.683689348319909e-07,2.75e-06,0.028239721473264017,0.005929458735515365,0.002674213763469265,0.0001466969417232301,3.579770008375322e-05
465,2,3.513148307924358e-05,0.16008455525925036,18755.961490694448,3.0,4.7569821337277495e-07,2.75e-06,0.044648298667161496,0.00573601964633532,0.0005037371341401921,0.00026660099380365707,3.104338660815786e-05
465,3,0.00010387891571830988,0.28848504517369744,9406.073647224166,3.0,4.5756489960703163e-07,2.75e-06,0.025140281226176547,0.006535138332217826,0.003955397782077006,0.00038562615964478564,4.740966797149858e-05
465,4,0.0002202830500641616,0.220650221839986,6274.05026562088,2.0,4.5395443218959355e-07,2.75e-06,0.028659733930940335,0.017454705432795332,0.017835210999893523,0.00020796339818929745,0.00021408289716955662
466,0,9.185734329479403e-06,0.18525313853334613,24544.784111207206,1.0,4.4687639778289434e-07,2.75e-06,0.02750086266522228,0.006324627492189955,0.0005084081554106514,0.0004876798518827601,3.237619340225258e-05
466,1,9.892806025832719e-06,0.05831706759660744,22100.95276757498,3.0,4.595252332182897e-07,2.75e-06,0.023142767538941386,0.006105349219103206,0.0005327559593763153,0.00034052563956589395,2.958324505895021e-05
466,2,3.4701439965880585e-06,0.20108104306040125,9137.399159598244,2.0,4.801480064100494e-07,2.75e-06,0.05884946600272503,0.005747988900837103,0.000520992424747495,0.0004469859685125564,2.990313984520093e-05
466,3,0.0003279907391561437,0.19609077619483126,15744.435589685476,3.0,4.615215779311067e-07,2.75e-06,0.02755287989066349,0.012559516191853226,0.011382463428755015,0.00015713134432568293,8.759492292168301e-05
466,4,1.859026209484301e-05,0.2600520572632789,22083.541851693437,1.0,4.626692071701752e-07,2.75e-06,0.02216288559135074,0.006399557275169308,0.0005082089596345924,0.00017448790842957717,3.238921299447429e-05
467,0,0.00014766146065812262,0.05349286552620983,4339.074825018578,1.0,4.6606264797260013e-07,2.75e-06,0.02894388955898587,0.02256269891677846,0.017303401591222383,0.0001990452974085477,0.00021854031045117936
467,1,1.0837663052048462e-05,0.04445838504762425,19154.43016128266,3.0,4.769374556509753e-07,2.75e-06,0.05288214921347431,0.007260951560228483,0.0004974719602212988,0.00043305031766035536,2.740087405155875e-05
467,2,5.176631543177661e-05,0.25891779118507163,11878.697554138824,2.0,4.574353153278594e-07,2.75e-06,0.021689364549978534,0.005903648026917116,0.0005265012316843041,0.00031873241210121373,3.105327259848208e-05
467,3,0.00023955103278501443,0.09783087892428412,16080.772606917708,2.0,4.789472295249033e-07,2.75e-06,0.05244356219609733,0.009869821428824416,0.00717996164561963,0.000467540125055572,5.433423540994912e-05
467,4,0.0002447780313691306,0.2356047054667294,19048.837710231583,3.0,4.611910048187615e-07,2.75e-06,0.02292897057038465,0.010115207882412278,0.00885048269904672,0.0001568303914366618,6.261998791624782e-05
468,0,0.00011721800120945386,0.25526846083436266,5761.322879441204,3.0,4.5586531895015495e-07,2.75e-06,0.028520343935892395,0.012642014355287832,0.011719844924197143,0.00032713665280086437,0.0001549385486558765
468,1,0.000952956649338556,0.06109630192523832,22601.12617748459,1.0,4.47619611374422e-07,2.75e-06,0.0304619146501956,0.013169305210792697,0.004924374148670619,0.0003753506284992474,3.577477465948933e-05
468,2,0.00024969803829241456,0.008342582533262798,17291.52454271937,1.0,4.6113907925305417e-07,2.75e-06,0.021325542554544375,0.01969308627394153,0.004137315340043303,0.000142979954241852,3.46417729954257e-05
468,3,9.039941940225593e-05,0.26018149120636813,13421.60092553759,3.0,4.6653578901713465e-07,2.75e-06,0.026219544088324987,0.005502414353778121,0.0015956855612253983,0.0001357557778343541,3.0480604450143024e-05
468,4,1.651333195984059e-05,0.17931258523599508,13014.117530168625,2.0,4.701090677976771e-07,2.75e-06,0.03408562968589477,0.005808806470517148,0.0005101607001534865,0.00016199715323525406,3.098137478798393e-05
469,0,4.400286312941008e-05,0.1622230185428177,11177.615231679969,3.0,4.669501500112781e-07,2.75e-06,0.030983814539480445,0.005640760362116978,0.0005222959251104259,0.00015096251686611085,2.8680442740304806e-05
469,1,1.893185288270208e-05,0.26513847312080385,13245.754134228042,3.0,4.4622317964140524e-07,2.75e-06,0.02427459940953187,0.005906744091363501,0.0005105709862597421,0.00040783769262714014,3.082758081945948e-05
469,2,7.763680970607161e-05,0.26177360691716495,22673.568241837565,2.0,4.43607456730857e-07,2.75e-06,0.024684691586092083,0.005980678984109439,0.0006270972361019862,0.0004232896179169338,3.192966642630195e-05
469,3,2.7023036658818358e-05,0.13175054541209189,22587.75631358127,3.0,4.800984704370907e-07,2.75e-06,0.050269674305136326,0.005721525338850886,0.000509508236639056,0.0003371547202550786,3.127116203483496e-05
469,4,0.0003241964111607193,0.07743160758059278,5354.278511573798,2.0,4.7656415359972453e-07,2.75e-06,0.033186153389314584,0.0342382840676068,0.024722458540360783,0.00021750723491383473,0.0003742708781655636
470,0,0.00010789769686910795,0.14373098836072964,17574.723991616498,1.0,4.6271827217478767e-07,2.75e-06,0.03013567822071089,0.00568569105648063,0.0019326833102364554,0.00014644069849276383,3.1450519775762306e-05
470,1,8.623267537606943e-05,0.05377476613775931,19097.527921422217,1.0,4.514550041661017e-07,2.75e-06,0.025515010617955386,0.005582883983345356,0.0017415906858842933,0.00041570975124370575,3.0871091584228336e-05
470,2,1.3809984131223614e-05,0.24751704899555327,2102.0717005524475,3.0,4.513379830362109e-07,2.75e-06,0.05121632572098139,0.008054757250676661,0.000428592537107465,0.0007277360218565116,2.1700072950551482e-05
470,3,0.004398203909103377,0.08543488359893647,4375.374685391103,3.0,4.7348521196307326e-07,2.75e-06,0.2912247017505109,0.27156864429643035,0.07488593829613313,0.0007044695826882563,0.0029611090675316716
470,4,0.0008171526325928023,0.05534444842207241,18483.650344999878,3.0,4.679876268779567e-07,2.75e-06,0.025672429218164206,0.028078564105111198,0.012598245634327978,0.00023323057136328997,0.00011532461779039483
471,0,7.269364012907193e-06,0.10306742032667812,24795.216167505172,2.0,4.728439150804024e-07,2.75e-06,0.04855813643803334,0.0057996430667281796,0.0005028056895177202,0.00031187286313396023,3.173979318115986e-05
471,1,0.00013487927068403264,0.1560910019499758,20764.10265410218,3.0,4.57408836669752e-07,2.75e-06,0.020660426190940873,0.007614017881177469,0.005382635892726358,0.00016562694693322453,4.178188558781393e-05
471,2,0.00022910906886453229,0.2011622274493062,3096.8679573864747,1.0,4.569933873501317e-07,2.75e-06,0.051091854851657514,0.02681971568335884,0.030072571225775932,0.00045987108499239543,0.00047599023394642286
471,3,0.000162155962181184,0.03852032032672011,12353.380561258606,3.0,4.697703370304336e-07,2.75e-06,0.027405422395250078,0.020477019490458683,0.011610933019806742,0.000222614035196745,0.000101549710987756
471,4,4.449720017916892e-05,0.02853200146665544,13435.587561350194,3.0,4.5837091133243043e-07,2.75e-06,0.02270230268106384,0.014116099568574412,0.0008037766078960261,0.0002166706825109956,1.959810212875745e-05
472,0,0.0005293965496425236,0.13883405296063792,16282.589301844826,2.0,4.6930529173487094e-07,2.75e-06,0.024248391570459358,0.013607829935599405,0.00927166539643564,0.00014720353293763298,7.693116244478881e-05
472,1,7.254185478176152e-05,0.2996132058246799,21286.94804919724,2.0,4.526384412484583e-07,2.75e-06,0.02098399291597659,0.00609605645189074,0.0005769544178993624,0.00025551031484066273,3.197647092583666e-05
472,2,3.676312475318109e-05,0.06377871831410113,23286.39950802632,2.0,4.540853482416979e-07,2.75e-06,0.021532551333358657,0.0056512994257947565,0.0004943809940616844,0.00029975573906656914,3.093485920475878e-05
472,3,0.0014192574643877708,0.19959495584045486,8104.361122862326,3.0,4.695980053798687e-07,2.75e-06,0.07110576954119664,0.07039754806127656,0.03481256870622288,0.0002102208688254128,0.0006724183654538768
472,4,4.8373192910308264e-05,0.09596735858810902,8677.597529651885,3.0,4.5700992031473697e-07,2.75e-06,0.021313357444443817,0.0071957948938474155,0.0005451756580701455,0.00024296604874871218,2.3078701871478958e-05
473,0,0.00011240989417081061,0.1690316101471563,10560.379195736487,3.0,4.5911566414047045e-07,2.75e-06,0.021017484744367144,0.008504670343787393,0.0060832407383723365,0.00015060037519352003,6.330251915907528e-05
473,1,0.0003536880845608079,0.06326981049221526,15921.236895910497,1.0,4.753124646036347e-07,2.75e-06,0.03325566607869069,0.010144942929677417,0.0063733914035375575,0.00022468901663466652,4.431018321503493e-05
473,2,4.921892050621486e-05,0.004943357507053114,4429.0768281775945,2.0,4.7070197120004716e-07,2.75e-06,0.139925722864104,0.151835215618544,0.005920483961687511,0.00017764467044064364,0.0003845946375198998
473,3,8.950233001000513e-05,0.2890937638235769,22800.160195683715,1.0,4.682959206431292e-07,2.75e-06,0.04561188701104763,0.006183702109533483,0.0006028431917891861,0.00026549717990767405,3.2219473993909976e-05
473,4,0.0002390891603793436,0.1786529576575595,17809.112642628606,2.0,4.596653858195756e-07,2.75e-06,0.02308950996649597,0.008376390297400815,0.0064001632988048155,0.00014269487664147365,4.804773465989286e-05
474,0,0.0004780337652694055,0.09922905030404783,19760.389301487667,2.0,4.5842781934048944e-07,2.75e-06,0.024841756547321556,0.011803650915765128,0.007438177372313938,0.0002879221302666301,5.4073544683712686e-05
474,1,3.4709731901139686e-05,0.22500982584144888,9315.386562036656,2.0,4.59003662238428e-07,2.75e-06,0.022083490880053028,0.005780672011029102,0.0004876155425610081,0.0001673306307911752,3.0065608471318877e-05
474,2,0.0016623049767096041,0.2960236801533508,13119.522463749068,2.0,4.7063244093141324e-07,2.75e-06,0.02997289501997712,0.03170518881090877,0.016534292339248108,0.00019453256518609332,0.00023797495735536798
474,3,3.999670318284728e-05,0.23979659055913927,14067.567781897182,3.0,4.802108764144151e-07,2.75e-06,0.05895167437832316,0.005843777839016326,0.000497293343811858,0.00044338754562376937,3.077787856807269e-05
474,4,9.394453162837809e-05,0.27070786266869373,11564.289139184968,1.0,4.751005338614394e-07,2.75e-06,0.045172121538478806,0.005811177501170804,0.001039247139625641,0.000268651519635594,3.1409908354773706e-05
475,0,3.967016350129332e-06,0.1281697250415347,24437.558124729556,2.0,4.648586926072207e-07,2.75e-06,0.024457734369377537,0.005902018604066251,0.0005087301546184155,0.00014355483027139556,3.189448037551875e-05
475,1,7.133038274531507e-05,0.19259902172509305,24508.512749807218,3.0,4.5848746550687583e-07,2.75e-06,0.03176463609414303,0.005747826196617703,0.0006076121084660879,0.00014892542505317324,3.156783345452142e-05
475,2,3.481122400427002e-05,0.13353634666326128,12295.428342840767,1.0,4.619727087868055e-07,2.75e-06,0.03499107059267479,0.00588973491407483,0.0004919974024212686,0.0001672356904817263,3.146589678844909e-05
475,3,0.0021320681914007017,0.07776369600308186,2112.171757734325,1.0,4.7304261326771277e-07,2.75e-06,0.1753799624142479,0.15635644009851554,0.05498759648729207,0.0004663404076574586,0.0024005691479722165
475,4,0.00010646750680972641,0.28980848968604916,9006.512605417702,2.0,4.680707252845456e-07,2.75e-06,0.023509027993041654,0.006460126627019454,0.003863195590375058,0.0001432324269324958,4.572245144332959e-05
476,0,1.965127343687242e-05,0.0090468580534675,19829.540508721468,2.0,4.769863865471668e-07,2.75e-06,0.028554615625541097,0.02021018177155535,0.0004525797303184486,0.00030878372014141815,1.8139944205752085e-05
476,1,0.00017519412040663425,0.1580184351078526,18392.680517586516,2.0,4.5711238975126574e-07,2.75e-06,0.023037116390892884,0.007723348367907887,0.00562421664139028,0.000318430982556503,4.283454844612029e-05
476,2,6.551119434525364e-06,0.13787476516623567,24059.065189478162,1.0,4.839007490662423e-07,2.75e-06,0.07255155865122458,0.006211946326732297,0.0005097243097966265,0.0006118153372355732,3.230259917830968e-05
476,3,0.00041138521247238973,0.01628527574377556,21202.106122958194,3.0,4.747285060474858e-07,2.75e-06,0.027267192611600904,0.028849845275907532,0.008746263497714955,0.00039685644937634306,6.947814008783574e-05
476,4,5.959484914156115e-06,0.15860962619916247,8351.393198304117,3.0,4.629183043401363e-07,2.75e-06,0.02475652623074114,0.0058942434926117886,0.0005142572244487812,0.00013691425865154866,2.6412482941197436e-05
477,0,0.00012594748570025037,0.1271294096455137,12614.387720785744,1.0,4.5111581878488085e-07,2.75e-06,0.020116499841305868,0.006708667546713212,0.004169371912284004,0.00022732694895983164,3.8875843811731056e-05
477,1,0.0005511747195059203,0.07411279577440816,15315.432964563772,2.0,4.723657920351766e-07,2.75e-06,0.028084053673240794,0.017750018369289477,0.010465658828860325,0.00022333187816699358,9.338118671385718e-05
477,2,0.0019209727377274798,0.11529526552383762,14657.427401230278,3.0,4.6213566966545523e-07,2.75e-06,0.06299956504943144,0.054480278812192084,0.022600292986355148,0.0002504990243425542,0.0003038541603010985
477,3,0.014336549007710689,0.2610244833902868,8164.1628660039405,2.0,4.6017245052445005e-07,2.75e-06,0.14327476341464543,0.12538876572758273,0.027703928720313287,0.0003736196858433228,0.0014747651177125839
477,4,0.00011675419638237771,0.24855987982066588,8967.58288011069,1.0,4.4653277332347835e-07,2.75e-06,0.029068457172149564,0.006206231506745506,0.0032740996001094074,0.0004814990835283536,3.9085965686212665e-05
478,0,0.00011197910899260866,0.07021242896616131,17078.816082117453,3.0,4.367409772590285e-07,2.75e-06,0.04164009464230437,0.00946620182847927,0.0057932033793919235,0.0005845266497302876,4.839055141164528e-05
478,1,1.854757203192644e-05,0.2804300708214542,3105.4794592276403,1.0,4.667617777339739e-07,2.75e-06,0.021371999882857456,0.005771906308302485,0.0004955278908739537,0.00018372935563668792,2.7050335243795984e-05
478,2,0.00012864557461800716,0.09706356984017728,16746.076565475414,1.0,4.7498614155261655e-07,2.75e-06,0.03210948346597456,0.006374896569297385,0.00365754875149227,0.00016960575851946596,3.297061849505504e-05
478,3,0.0001312214372792429,0.09003164838671318,23624.62695101461,3.0,4.7050458237696776e-07,2.75e-06,0.03378808295380728,0.007729736197845218,0.005092942496725505,0.00019949886373438707,3.846226983089976e-05
478,4,0.00019801114862808653,0.11512055304797414,23361.86109940873,2.0,4.770351337428955e-07,2.75e-06,0.03970394385098864,0.00706598017110751,0.004648726476982189,0.0002567728031399321,3.4818011513334304e-05
479,0,5.04383808158142e-06,0.11130332551014263,6157.679604011079,1.0,4.807197868974945e-07,2.75e-06,0.04608736158822494,0.005710589043054458,0.0005346534786778593,0.0002962576202555349,2.861038958605645e-05
479,1,8.441596799270585e-05,0.08369992948267731,5124.9852636480555,3.0,4.550301517367073e-07,2.75e-06,0.04803475529844883,0.017088719214408733,0.007546657705174685,0.0005556740430814889,0.0001005675671489478
479,2,0.0024507137377734684,0.2430334845384008,10887.759481296764,1.0,4.6360690475107793e-07,2.75e-06,0.031819635657610396,0.03229677212261481,0.01062670969046079,0.00019245797761733617,0.00020077194494326532
479,3,5.532657271888624e-05,0.14070598873897797,22913.78907600266,3.0,4.622170497413669e-07,2.75e-06,0.03259244977552763,0.0056745753868847025,0.0005356273803833134,0.00015443373661985237,3.125113673011881e-05
479,4,1.4636845384249766e-05,0.1483468546252589,12626.586224544051,1.0,4.800573383617783e-07,2.75e-06,0.07203191696331733,0.005998599570451177,0.0005113271553120347,0.0006099751807905335,3.1694172570130134e-05
480,0,5.699982036199765e-05,0.21517662076428004,11228.66178571759,1.0,4.675792178020596e-07,2.75e-06,0.027752242182742037,0.00602339794239997,0.000539505581328509,0.00013529057149732599,3.1618608972980646e-05
480,1,3.190448157700836e-05,0.1476754998962767,16571.779793377555,2.0,4.7509409960137004e-07,2.75e-06,0.04201261244504866,0.005788488302526666,0.000481346263378749,0.00023469112378117922,3.12740165289372e-05
480,2,1.3405614796573242e-05,0.123397261267991,5065.296541160691,1.0,4.546946181073917e-07,2.75e-06,0.023740506167069787,0.005733949842330128,0.0005255185038229031,0.0003689172466431738,2.7429611216277136e-05
480,3,1.3266291287599e-05,0.10194920389557523,10666.311244060242,1.0,4.589198520306371e-07,2.75e-06,0.02193006787696818,0.005737791394042298,0.0005050660826609392,0.0003204949553283151,3.0904561575527556e-05
480,4,0.0004274361015936696,0.07289859065582378,24205.051885943678,2.0,4.706134696068481e-07,2.75e-06,0.03126396411690508,0.010094936518532905,0.005732980456819141,0.00020313431660235327,3.90223105110644e-05
481,0,2.8586833626257698e-05,0.10859182043437632,12961.915231539342,1.0,4.6523790470403814e-07,2.75e-06,0.02480479055634226,0.0058073744928330935,0.0004975688705384211,0.00014196492870291203,3.1378261812501194e-05
481,1,5.3262708241432114e-05,0.058527856829068435,17331.147909276864,1.0,4.598544891713423e-07,2.75e-06,0.021562654705599232,0.005569809479820307,0.0005859710811807057,0.00017231832019560153,3.1155124649263366e-05
481,2,0.00013760285189775518,0.013201991232778553,20835.27730233473,2.0,4.567502179213954e-07,2.75e-06,0.023064729024838,0.017531372167339562,0.004401875882637382,0.00019879231947524697,3.3088015962522806e-05
481,3,5.1934448654353226e-05,0.20615000443837064,9178.26031235903,2.0,4.6242968663567146e-07,2.75e-06,0.020786884755675295,0.0056254515217690525,0.0005570643623569571,0.0002229232145157667,2.9698660536043088e-05
481,4,0.0003595414844966824,0.07362483159512305,22796.91629668896,2.0,4.5200246154938875e-07,2.75e-06,0.02466976412657441,0.009809311514728096,0.005856880863788362,0.00031372586690962026,4.0060016962540814e-05
482,0,0.00037291129277046523,0.27425548683257883,5396.583333567574,1.0,4.726692315501924e-07,2.75e-06,0.02994723868299663,0.01866918737781374,0.019338619247822028,0.0001864648534215012,0.00023304901251077837
482,1,0.00018198125342263916,0.17307295200314896,15407.510318541892,3.0,4.670933103008862e-07,2.75e-06,0.026299701424016424,0.010870148945208108,0.009616628743462365,0.00014514087536557677,7.51045275347711e-05
482,2,0.00029306876774191595,0.06518130678299373,17055.570666219,1.0,4.643218325481819e-07,2.75e-06,0.021172092443494623,0.008837683648909871,0.00570977812437764,0.0001512359394041661,4.000220162113106e-05
482,3,2.7880954129490183e-05,0.020679769216524233,22200.522060941104,1.0,4.5396733613897143e-07,2.75e-06,0.02431541936006378,0.00623366715027392,0.00046562381956447566,0.0003680797706263342,3.0406323294921182e-05
482,4,0.0002311929873101811,0.04596890644790776,22463.816375792398,3.0,4.784810919317016e-07,2.75e-06,0.0498927882412035,0.01247440698953252,0.007591303030277077,0.00047978844434920395,5.1407175845406376e-05
483,0,0.0005719169441659702,0.29076677440749865,17209.28769410954,3.0,4.7048644698359006e-07,2.75e-06,0.030804577938340294,0.014627964524829375,0.012792393438156581,0.00019452229072444469,9.111513557333241e-05
483,1,0.00017753434738692136,0.0034726785302036313,3336.1607505020397,3.0,4.531922774266355e-07,2.75e-06,0.4262307492070911,0.3333517974573832,0.022876162878927336,0.0004290071309853511,0.0013954959139342805
483,2,0.00015285948876941026,0.14890515643535196,13891.208384234522,3.0,4.667819249249318e-07,2.75e-06,0.02718065710358732,0.010996300836087101,0.009529609006787683,0.00015763951249979683,7.919433510013572e-05
483,3,3.153415485508665e-05,0.24046203092388035,16498.90008989301,3.0,4.750563408141472e-07,2.75e-06,0.041505208970408936,0.005931763142799584,0.0005005158547390356,0.0002258331985731357,3.127940773502568e-05
483,4,5.0789218150568035e-05,0.05798680833934988,2438.8792573662313,1.0,4.4404033163944294e-07,2.75e-06,0.04578297859535189,0.014637168678483636,0.002163404505260244,0.0005628520923131974,5.7554748292834114e-05
484,0,0.0012697133991547201,0.1264631022887233,22463.469369726936,2.0,4.661294588346477e-07,2.75e-06,0.02215815430360779,0.01827441041089493,0.008786730557434105,0.00015181245966942893,7.44660674204959e-05
484,1,0.0010095112447245087,0.07661427543400143,15519.38162645266,1.0,4.5538405281215734e-07,2.75e-06,0.02448069720067376,0.018202970424859785,0.007319201247464616,0.00017518150459097128,6.747304818014131e-05
484,2,0.0001272526008063614,0.24857350509943987,23536.799893835,3.0,4.6830364200894806e-07,2.75e-06,0.0301119126021962,0.006306523677613845,0.003498529484861337,0.00015128040023804749,3.269905779430063e-05
484,3,0.0002815636447789106,0.1652142667362826,4335.725988016449,2.0,4.6444798126597755e-07,2.75e-06,0.03604443064501603,0.029478856121975133,0.028523304825345777,0.00020641747581867894,0.0004218452620911147
484,4,0.0033483877870083747,0.12297135000013347,16434.885075119357,2.0,4.634461994242482e-07,2.75e-06,0.04639529793868763,0.0499384045681191,0.014725239232516249,0.00019949268499601228,0.00030433075577285555
485,0,6.704823924682603e-05,0.16949153321214808,5771.859516459515,3.0,4.672680732713185e-07,2.75e-06,0.02574751959905187,0.00651999093490089,0.0015112016920101124,0.00013791512646199716,2.851322844395976e-05
485,1,0.000400472862282933,0.3005311733328837,16771.058668968417,2.0,4.587402557051412e-07,2.75e-06,0.022106579926020598,0.01018405861478819,0.008255000017561147,0.0002115425192492382,6.0862239964541274e-05
485,2,5.0228758312920474e-05,0.06103544859940527,17228.8692594179,1.0,4.6436336011692366e-07,2.75e-06,0.02810487620559778,0.005606772762647673,0.0005519158348855809,0.00013731195271554829,3.12195487863603e-05
485,3,0.00016366989513183676,0.01033312108271145,23734.092175379945,2.0,4.6897225689873174e-07,2.75e-06,0.020783471789656643,0.019232182391100684,0.004063209459842653,0.00014779498775089093,3.021642361362901e-05
485,4,8.104126250268918e-05,0.05717357681195766,22376.104846151524,3.0,4.7518273895164795e-07,2.75e-06,0.04299566837640432,0.006644743464784312,0.002185308262472222,0.00030007227491127053,2.941496541328131e-05
486,0,7.848733095587403e-05,0.14844792307658514,16541.38030509608,1.0,4.64766547088764e-07,2.75e-06,0.021518317771199887,0.0057842120802549975,0.0007053070145003346,0.00018289877270416728,3.173006479979699e-05
486,1,0.00010365018468654655,0.16147396065782568,12181.538647736154,1.0,4.557596908624302e-07,2.75e-06,0.020500855806947115,0.005684740364663731,0.002175683868552247,0.00023548591825637479,3.1515234032401306e-05
486,2,1.6799734978898153e-05,0.033647132044462014,19983.644640334882,3.0,4.631520984353414e-07,2.75e-06,0.02400856358051866,0.008604056571741408,0.0005338212531939007,0.0001379596864355618,2.5949896014710797e-05
486,3,0.00016287905683741465,0.15724405832537097,9917.142938431813,2.0,4.6083521295163504e-07,2.75e-06,0.022514283775378636,0.011198861738231328,0.0097711173519483,0.0001587632238061983,9.196185860549905e-05
486,4,8.468247619101433e-05,0.15420865636645098,2017.768453268751,2.0,4.6840960320262673e-07,2.75e-06,0.02466492202659276,0.018439527312129538,0.011751286325763744,0.00019987883723471657,0.00024437808341129996
487,0,1.4849505171697205e-05,0.2327993453136191,17932.9858393251,2.0,4.578004079840426e-07,2.75e-06,0.022750553924607037,0.006123366223989284,0.0005059742368398019,0.00016233542956246315,3.186818138101758e-05
487,1,6.144187329175126e-05,0.025731916523263263,7747.739437694416,3.0,4.6467959392925826e-07,2.75e-06,0.02439138997024327,0.02785525217404145,0.004153572326805621,0.00014364662763030592,5.833371144681e-05
487,2,0.00023140345288162958,0.019712128217944345,16572.96174477981,1.0,4.3991498970242284e-07,2.75e-06,0.05254055705568098,0.012805423957472377,0.005286258317685877,0.0006743720085943999,3.794460356906954e-05
487,3,0.0003513536801585622,0.20793324692999274,21313.298866562604,3.0,4.743318732325817e-07,2.75e-06,0.04197327721213288,0.01027962721599447,0.008691244830314486,0.00032049512932910516,5.8349842943278756e-05
487,4,4.022246562074367e-05,0.21913608017690953,18969.057501636584,2.0,4.503916242258027e-07,2.75e-06,0.021104710912007538,0.0060711402519718115,0.0004914098436382449,0.0002773034265596698,3.18359787270716e-05
488,0,0.0026437553030504548,0.05349049599611196,2558.7659308429884,3.0,4.454124088182639e-07,2.75e-06,0.49882322203573115,0.3484546516826919,0.17111979574507988,0.0007510643957581612,0.004834506133354493
488,1,0.00013216813586582282,0.2599794794954408,9095.7409508961,3.0,4.7578835883827836e-07,2.75e-06,0.043115376825969776,0.01111531969883627,0.01006341722796805,0.0003312872722862673,0.0001051500247941006
488,2,3.159249168677425e-05,0.22578879176709077,17846.08904129364,2.0,4.5615257647467884e-07,2.75e-06,0.0219615450983979,0.006078741967172556,0.0005005028351658074,0.00017438036462824407,3.179684415829274e-05
488,3,0.00011010022718979582,0.0013906110059673784,14040.488664735029,3.0,4.5552896420974124e-07,2.75e-06,0.17795454828447596,0.1563548352265699,0.0016713199775777634,0.00031889561609829594,0.00022964169005359818
488,4,0.00011245723847489522,0.1571735854018473,2818.9027513848428,1.0,4.6385313552377156e-07,2.75e-06,0.0250039227320734,0.013847344097904843,0.012178652332399856,0.00024397944427835723,0.00020607574579286066
489,0,0.0008885415991548956,0.21412129273453956,14240.648824634874,1.0,4.635568018378898e-07,2.75e-06,0.022871003049760873,0.015120061475575973,0.00859865739280616,0.00018070996802077265,7.24877381754253e-05
489,1,0.0001265535204832628,0.28808614577753205,19108.67302060642,1.0,4.6833286846132896e-07,2.75e-06,0.03573674640500165,0.005901436750431682,0.001979923082575244,0.0001791069401563166,3.1719252580242514e-05
489,2,5.658962213669701e-05,0.029888264001121698,12394.576449933906,3.0,4.6991090317840107e-07,2.75e-06,0.033734669415685696,0.015577868337303251,0.0017168771135838928,0.00031750035119207446,2.4211706960225515e-05
489,3,0.00026286397231324533,0.18442830249326655,24646.057485094538,1.0,4.6943026328521404e-07,2.75e-06,0.0410741349111961,0.006540494326132514,0.0038960421265207498,0.00025230834143981183,3.220253037799664e-05
489,4,5.7517395119331735e-05,0.029933584930869436,7143.631388695035,1.0,4.848570291179115e-07,2.75e-06,0.05501780540101752,0.01066043834385579,0.0021480036135295877,0.0005229255886133737,3.0644018712911395e-05
490,0,2.0332763327237344e-05,0.028067446669935037,13764.093843101671,3.0,4.6756838312467e-07,2.75e-06,0.021243289834357415,0.013456322047273662,0.0005659641228594655,0.00016585303303962452,1.8374042186120598e-05
490,1,0.00021956437743532128,0.04945305824736338,19038.22525759446,3.0,4.536547074668614e-07,2.75e-06,0.03063693768606843,0.014031380427485746,0.008995693267063632,0.0003503360319615097,6.367765758089483e-05
490,2,0.00035203721563407557,0.013351914252342677,9881.839080825845,3.0,4.592173189667837e-07,2.75e-06,0.07428376469955321,0.06313442746413883,0.01812774376089058,0.0002720523310932533,0.0002711245410221142
490,3,2.4566303234939794e-05,0.05748010019418349,16206.451704738245,1.0,4.643825769364165e-07,2.75e-06,0.028931210220590118,0.005679744142453117,0.0005051432722712345,0.00013901045158949408,3.114305898985599e-05
490,4,2.1584281151563777e-05,0.08557868566320721,6145.97473922009,1.0,4.6219525951033344e-07,2.75e-06,0.02332195141968867,0.005920687566542508,0.0005009652548342594,0.00014212153646638395,2.7270306656540196e-05
491,0,0.00029779704512395273,0.015987776149039498,24018.9553851377,3.0,4.622783754493882e-07,2.75e-06,0.023702822734411308,0.022415394383646786,0.0070585243526834875,0.00015090465075483215,4.701903357683351e-05
491,1,0.0001596445589551051,0.24033852010059062,10012.408943525743,3.0,4.647330203790627e-07,2.75e-06,0.025879209142591394,0.013440492463429404,0.013198692124892192,0.00015723477982279265,0.00012674660275398798
491,2,0.00011628845742798012,0.07944718333910403,5174.272640837877,2.0,4.5971392996486417e-07,2.75e-06,0.02930342915677051,0.01981273001616345,0.014582284060438348,0.00023456019832943318,0.00018887655710554872
491,3,5.6052552338129516e-05,0.01769429329262028,7802.2186919842,2.0,4.6987935734112565e-07,2.75e-06,0.020588143398116945,0.028149083532063506,0.0036896071358251425,0.00017490789066254163,5.278384278927101e-05
491,4,4.1459371228326175e-06,0.24155147959249113,22332.867808769897,1.0,4.5846274147529987e-07,2.75e-06,0.021040296879271916,0.0063867503007680225,0.0005093514240835737,0.0002081209064768718,3.238974596352179e-05
492,0,0.002201758858050132,0.1681615351941268,17643.66182292939,1.0,4.5848239390428323e-07,2.75e-06,0.031257450042828955,0.02029517714282145,0.0064832255176686705,0.00028927491049887357,7.235078933259501e-05
492,1,1.1965063118324338e-05,0.02541217251696477,18582.158524722527,1.0,4.829797323367843e-07,2.75e-06,0.054944917116273806,0.006170280430087043,0.0005400901698729333,0.00043134564459451174,3.0216102868399752e-05
492,2,9.122188042380013e-05,0.2864382196974513,20136.59107941051,2.0,4.840471405639152e-07,2.75e-06,0.06667881191881828,0.005800959818462734,0.001025281251936401,0.0005437294167245032,3.167803246326576e-05
492,3,0.0008504180419137921,0.29312195463044705,16781.815607921944,2.0,4.7283002529873017e-07,2.75e-06,0.030048910331944415,0.015379058011851259,0.01090474293838909,0.00022769725487448337,9.906121970535251e-05
492,4,0.00041460686998560556,0.16183354079593165,16205.210491732614,3.0,4.5082654668497277e-07,2.75e-06,0.0314085248795341,0.014224223150384128,0.01194335651671126,0.00034533821429444394,8.84889229362372e-05
493,0,1.7110290811526048e-05,0.2821645869267365,18335.698928950038,3.0,4.7798634365185e-07,2.75e-06,0.06685856884433651,0.006097303150173161,0.0005119340244039467,0.0005396574137991101,3.1651289888659544e-05
493,1,3.6795908787351067e-05,0.12716684960010874,22973.34044931295,3.0,4.593179968199253e-07,2.75e-06,0.021792780718943545,0.005697184780020387,0.00048499106175432316,0.00016938688202032312,3.1223147081461975e-05
493,2,3.547919197981041e-05,0.1157410616135285,12451.419508766292,2.0,4.5698574341586457e-07,2.75e-06,0.022565481229883475,0.005641047940444218,0.00047768633990679803,0.00034426089279531114,2.9818463267913873e-05
493,3,9.262760107644634e-05,0.01523792625024658,6924.5666542261515,1.0,4.527744417495002e-07,2.75e-06,0.03308571520710204,0.02454356812190243,0.007991028006688591,0.00026866326302231886,8.602316803776004e-05
493,4,0.00023279174700908126,0.08786389250833974,17064.63172023964,3.0,4.6103726369226e-07,2.75e-06,0.022606295446326117,0.012035718937167518,0.009165743347489643,0.00015983503888533963,6.886101613054227e-05
494,0,2.032349622424275e-05,0.23718361692984088,13887.642962824373,2.0,4.735376498491481e-07,2.75e-06,0.03602496862040825,0.006011659579017545,0.0005001528176736943,0.00017265904844447185,3.146465020700694e-05
494,1,0.0002799497834108127,0.2946063745993692,24292.388995300757,2.0,4.55079142982761e-07,2.75e-06,0.021526654087606373,0.007267589836007879,0.005080992660108728,0.0002872578808377516,3.654861025314916e-05
494,2,0.0005985407639509064,0.2953146690832921,24267.902983848966,2.0,4.771632454848847e-07,2.75e-06,0.04117119862738834,0.009522471315510641,0.00669494257390041,0.00031025097010884095,4.505222967640378e-05
494,3,8.559970126581543e-05,0.21149782407093345,3646.6454276777804,2.0,4.6013223578800755e-07,2.75e-06,0.022564318493653965,0.008623816137636702,0.005379237239293157,0.000285831548954441,9.032015309468716e-05
494,4,0.00011327404008078506,0.18474223218236446,8637.6978510712,3.0,4.6634524632404013e-07,2.75e-06,0.02726819083417684,0.00981264944281384,0.00771796534282775,0.00015990442431370507,8.566872226906759e-05
495,0,0.00012058553267150627,0.16634969097712715,17049.69944462607,1.0,4.802874571948952e-07,2.75e-06,0.05854902395826315,0.00590648787872738,0.0026128552507188123,0.0004578648595942564,3.170951746102779e-05
495,1,0.0003098386023288064,0.22502024291959702,15933.983263152053,1.0,4.673805186674598e-07,2.75e-06,0.02387125082569916,0.008246198978932948,0.006302134395168858,0.00014323396058229406,4.6319225214950816e-05
495,2,2.7178554390319984e-05,0.19909085605583302,22355.65456031295,3.0,4.5690516539121166e-07,2.75e-06,0.021143484401195446,0.0059496350631072226,0.0005049357059609352,0.0002756653988955611,3.169548141171919e-05
495,3,0.0002135867376418752,0.1395836619053851,14894.667910160339,1.0,4.755037872663459e-07,2.75e-06,0.03673087333828889,0.00810030330711456,0.0060713981863863495,0.0002290066827416366,4.5454910924585364e-05
495,4,2.7231999728837692e-05,0.04339514960000864,2204.314097737402,1.0,4.808071144115845e-07,2.75e-06,0.028133423755371176,0.01924472716742577,0.0005627627389522473,0.0002858116614642142,4.4986035448841134e-05
496,0,8.531481952592143e-05,0.23131684680703096,16410.66608160233,3.0,4.5642468034925094e-07,2.75e-06,0.021534737104219912,0.005514285213906403,0.0011643547927563615,0.00031711143538705255,3.0718716143275066e-05
496,1,0.00032420175640392385,0.1851812683617068,7816.509944757205,2.0,4.6453118972421467e-07,2.75e-06,0.028259015559443917,0.017935712138596144,0.016158984326568242,0.0002151632026562648,0.00017499075381735484
496,2,0.0003291018490009089,0.12944878269908316,23518.303689605236,1.0,4.626228980350334e-07,2.75e-06,0.022997216130985054,0.00682878324958915,0.004295995634146392,0.00014192695515010276,3.2586676207137433e-05
496,3,9.353695867119301e-05,0.0273390391125361,11769.814145984757,1.0,4.766074156486015e-07,2.75e-06,0.05102500746038643,0.010099524878900194,0.00450003020960089,0.00045862321076222496,3.982621145312556e-05
496,4,0.005064706589454781,0.13114568671652327,6031.12763512894,2.0,4.4905870454787635e-07,2.75e-06,0.20473055220716221,0.14995831330031803,0.04057011124701257,0.0007004232411808461,0.001933099339279421
497,0,0.00013192357921037835,0.0710704408277594,13548.405333033843,1.0,4.675796473508601e-07,2.75e-06,0.029848122779256175,0.007547925777091788,0.004948300310315571,0.00016583160761210794,4.091901416802781e-05
497,1,9.147171175425961e-05,0.009268652349754224,8045.061747295631,2.0,4.6099183867383403e-07,2.75e-06,0.057137549677910425,0.053615403789608336,0.008392105342623109,0.00019958479301153016,0.0001284836721509539
497,2,1.4185075428021838e-05,0.13478299099895805,13394.273490458434,1.0,4.6273554096658555e-07,2.75e-06,0.024793764884546727,0.005968168320614162,0.0005081532094282571,0.00014305025360082129,3.1721955384244444e-05
497,3,0.00030515400200185444,0.016795915435979913,14299.38995911459,1.0,4.6298806442099185e-07,2.75e-06,0.02128549654478037,0.01733359505341948,0.006124309661273306,0.00015254476881271811,4.917156263446634e-05
497,4,3.902869110966251e-05,0.2787326811662705,13276.550096038925,3.0,4.619047901742715e-07,2.75e-06,0.025401320258296393,0.005913379770810243,0.000483826253785154,0.00013896530386686638,3.0829790058766394e-05
498,0,0.0013690538971473552,0.1646985721978475,23721.838262217636,2.0,4.72943950510648e-07,2.75e-06,0.03945054333384563,0.017220005934001564,0.008255505359831128,0.00040642984433417027,7.208211868310885e-05
498,1,2.0990007704772988e-05,0.23826659777332695,8842.374573007364,2.0,4.620146832887332e-07,2.75e-06,0.024353832923127178,0.005820185478894564,0.0004958838185640614,0.00014430919493191524,3.0065596794804186e-05
498,2,0.0003064940866660707,0.13153653039852645,15162.155204667986,2.0,4.5892283243999856e-07,2.75e-06,0.024076591946026724,0.010820207345722282,0.008260200366982684,0.0002698506178190223,6.272244279277146e-05
498,3,6.039048936163419e-05,0.19246498587951136,16609.02231084327,2.0,4.6665985777473295e-07,2.75e-06,0.03280005202412479,0.005803178980180078,0.0005638732210467164,0.0001531641027235135,3.139547643703521e-05
498,4,5.574153591521727e-05,0.02429594628341609,21826.53260172082,2.0,4.7573867123576293e-07,2.75e-06,0.04167775289577454,0.008272514222633517,0.0011466022670940748,0.00031126169315052424,2.760352826403851e-05
499,0,0.00012222276401601813,0.11647242667205127,20042.44251040605,2.0,4.6849281247789225e-07,2.75e-06,0.037172389682554305,0.00648920466794969,0.0038371826155677567,0.0002196538294941063,3.380598045911676e-05
499,1,0.0006836546868802204,0.1558210628904523,11863.55669202441,1.0,4.4624121952956683e-07,2.75e-06,0.04256528238369749,0.015753068096399564,0.01028040980176399,0.0005134719659343128,8.841008171752694e-05
499,2,0.0001800596325329853,0.19683662494210774,23125.164001530236,1.0,4.671497035421468e-07,2.75e-06,0.023212571650643044,0.006367708030539211,0.003477086704466753,0.00014633493317238696,3.199198719313597e-05
499,3,0.0007743467272405634,0.23208122693054933,14792.751927604759,1.0,4.669565448214354e-07,2.75e-06,0.021844685600290143,0.01314820683887779,0.00825131606389329,0.00015124415609876359,6.374081202871221e-05
499,4,5.681984408214691e-06,0.2800238971543624,14850.432446207988,3.0,4.6025505277058475e-07,2.75e-06,0.0209410467290099,0.0059958698452487426,0.0005100338106273096,0.00021906591618998405,3.124035525476989e-05
